{
    "luminosity_distance": 50.56343019010395,
    "beta": 1.1679098318476548,
    "log10_kappa_r": -0.9869846880231544,
    "KNtimeshift": -1.9819458205882912,
    "log10_vej": -1.998024352169532,
    "log10_mej": -2.757485890609294,
    "Ebv": 0.4919518302319367,
    "log_likelihood": -39.057717270524975,
    "log_prior": -10.914752657560214,
    "log_bayes_factor": -53.889619200870335,
    "Best fit index": 6256,
    "Magnitudes": {
        "ztfg": [
            23.6062448512439,
            21.607645494640664,
            20.75689558104368,
            20.06787331326433,
            19.50390693815894,
            19.03722686184684,
            18.62466423946688,
            18.292085966489587,
            17.969064331431262,
            17.751229877266795,
            17.467932923018438,
            17.275525624911175,
            17.115166863655176,
            16.873368279307364,
            16.656653463762805,
            16.462762180300185,
            16.289831393236884,
            16.13630781851235,
            16.000884281276285,
            15.882452257490428,
            15.780066336558118,
            15.692917158693511,
            15.620310899371447,
            15.561653618717553,
            15.516439607712627,
            15.484242881322835,
            15.464711503786088,
            15.457564349485274,
            15.462590353429874,
            15.47965017108358,
            15.508680660896271,
            15.549702430891568,
            15.602831372005603,
            15.668294887191891,
            15.746454648946923,
            15.837837431707605,
            15.943177687507681,
            16.063475054997927,
            Infinity
        ],
        "bestfit_sample_times": [
            0.1,
            0.6,
            1.1,
            1.6,
            2.1,
            2.6,
            3.1,
            3.6,
            4.1,
            4.6,
            5.1,
            5.6,
            6.1,
            6.6,
            7.1,
            7.6,
            8.1,
            8.6,
            9.1,
            9.6,
            10.1,
            10.6,
            11.1,
            11.6,
            12.1,
            12.6,
            13.1,
            13.6,
            14.1,
            14.6,
            15.1,
            15.6,
            16.1,
            16.6,
            17.1,
            17.6,
            18.1,
            18.6,
            19.1
        ]
    }
}