{
    "luminosity_distance": 37.36922149100396,
    "beta": 1.3925838388980778,
    "log10_kappa_r": -0.6341739645534691,
    "KNtimeshift": -1.5916713938106295,
    "log10_vej": -1.9583490658637863,
    "log10_mej": -2.7936677231152505,
    "Ebv": 0.4419807449698968,
    "log_likelihood": -20.61540410036237,
    "log_prior": -10.43161148094348,
    "Best fit index": 4888,
    "Magnitudes": {
        "ztfg": [
            22.859319252473277,
            20.780351822868226,
            19.949938142829396,
            19.252373233877094,
            18.6657655548048,
            18.191331618918028,
            17.829368166690394,
            17.510734596433885,
            17.260263140516983,
            17.02218858478242,
            16.83126806796973,
            16.681251045102847,
            16.567375401414218,
            16.485937170331134,
            16.389600020724806,
            16.320495988910665,
            16.321197588652204,
            16.257377125790782,
            16.216931904234208,
            16.199264235272267,
            16.204097666167996,
            16.231494884434078,
            Infinity
        ],
        "bestfit_sample_times": [
            0.1,
            0.6,
            1.1,
            1.6,
            2.1,
            2.6,
            3.1,
            3.6,
            4.1,
            4.6,
            5.1,
            5.6,
            6.1,
            6.6,
            7.1,
            7.6,
            8.1,
            8.6,
            9.1,
            9.6,
            10.1,
            10.6,
            11.1
        ]
    }
}