{
    "luminosity_distance": 89.26293348423813,
    "beta": 1.2384521164931075,
    "log10_kappa_r": -0.7637350397630441,
    "KNtimeshift": -1.9339973519223197,
    "log10_vej": -1.996163483699163,
    "log10_mej": -2.873457471040503,
    "Ebv": 0.0281788747706131,
    "log_likelihood": -28.97529093199721,
    "log_prior": -9.00301013634265,
    "log_bayes_factor": -40.93288394366467,
    "Best fit index": 6287,
    "Magnitudes": {
        "ztfg": [
            23.362153847240698,
            21.385843413955158,
            20.537871915025683,
            19.815891461925794,
            19.231042789906112,
            18.7984191211904,
            18.38149346629259,
            18.046785703244492,
            17.728384595908384,
            17.512129256818433,
            17.29117402503766,
            17.058459380541358,
            16.90880186432672,
            16.788801037259773,
            16.64521585506101,
            16.475463893439912,
            16.327870886432382,
            16.200901260093005,
            16.093278645657225,
            16.003939465407964,
            15.931999510663289,
            15.876729502363538,
            15.837538505050734,
            15.813963190480248,
            15.80566304244288,
            15.812420556523769,
            15.834147520170603,
            15.870897210866534,
            15.922884924440481,
            15.99051761000662,
            Infinity
        ],
        "bestfit_sample_times": [
            0.1,
            0.6,
            1.1,
            1.6,
            2.1,
            2.6,
            3.1,
            3.6,
            4.1,
            4.6,
            5.1,
            5.6,
            6.1,
            6.6,
            7.1,
            7.6,
            8.1,
            8.6,
            9.1,
            9.6,
            10.1,
            10.6,
            11.1,
            11.6,
            12.1,
            12.6,
            13.1,
            13.6,
            14.1,
            14.6,
            15.1
        ]
    }
}