{
    "luminosity_distance": 10.033623291126103,
    "beta": 4.843568208490838,
    "log10_kappa_r": 1.0094433007916623,
    "KNtimeshift": -0.6892680539376175,
    "log10_vej": -1.602121898549289,
    "log10_mej": -1.5031879446136924,
    "Ebv": 0.0160325447307979,
    "log_likelihood": -5.523297504551847,
    "log_prior": -8.98093681407858,
    "Best fit index": 2699,
    "Magnitudes": {
        "ztfg": [
            18.630307697415237,
            16.349092705741388,
            16.129044157884383,
            15.33638379719682,
            15.076935648984357,
            14.913677117160642,
            Infinity
        ],
        "bestfit_sample_times": [
            0.1,
            0.6,
            1.1,
            1.6,
            2.1,
            2.6,
            3.1
        ]
    }
}