{
    "luminosity_distance": 18.742290695368805,
    "beta": 1.148063509355567,
    "log10_kappa_r": -0.8010468525731005,
    "KNtimeshift": -1.9821730825272117,
    "log10_vej": -1.9949696975122415,
    "log10_mej": -2.946092813651902,
    "Ebv": 0.3339612117891427,
    "log_likelihood": -39.269867803775306,
    "log_prior": -9.828253156625602,
    "Best fit index": 6529,
    "Magnitudes": {
        "ztfg": [
            21.146251796229638,
            19.106326176644185,
            18.277208243370897,
            17.571881182244933,
            16.996708171668768,
            16.522130681267075,
            16.1045210384712,
            15.767818222713917,
            15.442758641911798,
            15.221978764989412,
            14.991873747225892,
            14.74535841386231,
            14.584174229913007,
            14.344240092889972,
            14.129456433393749,
            13.93754973434374,
            13.766648213580016,
            13.61519351715371,
            13.481876539931474,
            13.365589596914813,
            13.26539071554389,
            13.180476522823646,
            13.110161833619493,
            13.053864216977168,
            13.01109271645554,
            12.981439859438698,
            12.964576704064964,
            12.960250537369902,
            12.968285377747296,
            12.988585247810406,
            13.021140798305925,
            13.066039635210775,
            13.12348157584211,
            13.193799780444326,
            13.277490177756302,
            13.375251228499785,
            13.488038896416906,
            13.617141052504312,
            Infinity
        ],
        "bestfit_sample_times": [
            0.1,
            0.6,
            1.1,
            1.6,
            2.1,
            2.6,
            3.1,
            3.6,
            4.1,
            4.6,
            5.1,
            5.6,
            6.1,
            6.6,
            7.1,
            7.6,
            8.1,
            8.6,
            9.1,
            9.6,
            10.1,
            10.6,
            11.1,
            11.6,
            12.1,
            12.6,
            13.1,
            13.6,
            14.1,
            14.6,
            15.1,
            15.6,
            16.1,
            16.6,
            17.1,
            17.6,
            18.1,
            18.6,
            19.1
        ]
    }
}