{
    "luminosity_distance": 24.473763067395645,
    "beta": 1.2305299674254788,
    "log10_kappa_r": -0.916089987627943,
    "KNtimeshift": -1.7243624688442445,
    "log10_vej": -1.982070301381221,
    "log10_mej": -2.720109329234426,
    "Ebv": 0.1012610592371501,
    "log_likelihood": -29.13086886491991,
    "log_prior": -9.14721273928992,
    "Best fit index": 6554,
    "Magnitudes": {
        "ztfg": [
            20.58187108504263,
            18.683876261192452,
            17.828884627411135,
            17.135719128172838,
            16.572916976907507,
            16.110921188735794,
            15.707036199946948,
            15.38442260185338,
            15.126462211393232,
            14.870073183475604,
            14.65768322687466,
            14.431322161638906,
            14.289799361090509,
            14.177793629847116,
            13.98799549002415,
            13.82218344834456,
            13.678516574362014,
            13.555473473541642,
            13.451790402178247,
            13.366415523895242,
            13.298476171295874,
            13.247254977673194,
            13.212173976169986,
            13.19278454412554,
            13.188763529823394,
            13.19991449531895,
            13.226175497496705,
            13.267633116266808,
            13.324545700212894,
            13.397376456271989,
            Infinity
        ],
        "bestfit_sample_times": [
            0.1,
            0.6,
            1.1,
            1.6,
            2.1,
            2.6,
            3.1,
            3.6,
            4.1,
            4.6,
            5.1,
            5.6,
            6.1,
            6.6,
            7.1,
            7.6,
            8.1,
            8.6,
            9.1,
            9.6,
            10.1,
            10.6,
            11.1,
            11.6,
            12.1,
            12.6,
            13.1,
            13.6,
            14.1,
            14.6,
            15.1
        ]
    }
}