{
    "luminosity_distance": 10.350560991800494,
    "beta": 1.1479649951434945,
    "log10_kappa_r": -0.967814947469049,
    "KNtimeshift": -1.154612724036757,
    "log10_vej": -1.9456516157467276,
    "log10_mej": -2.580788393116781,
    "Ebv": 0.4135094983540399,
    "log_likelihood": -20.64950883510457,
    "log_prior": -10.234150484723424,
    "Best fit index": 4552,
    "Magnitudes": {
        "ztfg": [
            19.313413836745674,
            17.623575954777067,
            16.839066697544624,
            16.23883098448391,
            15.707204093264345,
            15.320776792141771,
            14.988303488186006,
            14.737187067662596,
            14.496433230104792,
            14.308816596784553,
            14.166359573686137,
            14.063079711978766,
            13.93874032644586,
            13.845403639478,
            13.780419764153216,
            13.686217673886567,
            13.61701673885021,
            13.571748086917644,
            13.549718315873207,
            13.55059079403459,
            13.574413866156725,
            13.621652441466772,
            Infinity
        ],
        "bestfit_sample_times": [
            0.1,
            0.6,
            1.1,
            1.6,
            2.1,
            2.6,
            3.1,
            3.6,
            4.1,
            4.6,
            5.1,
            5.6,
            6.1,
            6.6,
            7.1,
            7.6,
            8.1,
            8.6,
            9.1,
            9.6,
            10.1,
            10.6,
            11.1
        ]
    }
}