{
    "luminosity_distance": 30.16866934461135,
    "beta": 1.2504317906122489,
    "log10_kappa_r": -0.921259710263344,
    "KNtimeshift": -1.999404008540458,
    "log10_vej": -1.9949170421785576,
    "log10_mej": -2.748450209527161,
    "Ebv": 0.077699254823071,
    "log_likelihood": -33.822973239811745,
    "log_prior": -9.098412756255588,
    "Best fit index": 6482,
    "Magnitudes": {
        "ztfg": [
            21.131821380832683,
            19.10137050854636,
            18.258739506227748,
            17.542785154657096,
            16.9590154570517,
            16.47703539332091,
            16.05378495385206,
            15.711604436714026,
            15.433769420019111,
            15.157941579760053,
            14.92575675428219,
            14.731059945226708,
            14.517940405682431,
            14.384969765084648,
            14.175375050015173,
            13.989296058834586,
            13.824859571346963,
            13.680506768673236,
            13.55492944089847,
            13.447022556433485,
            13.355849016962232,
            13.280613074122932,
            13.220640586668324,
            13.1753644090095,
            13.144314190118592,
            13.127109757767016,
            13.123458000354383,
            13.13315295281452,
            13.156079524923342,
            13.19222103844897,
            13.241671689349637,
            13.30465471050519,
            13.381548534418314,
            13.472922800011176,
            Infinity
        ],
        "bestfit_sample_times": [
            0.1,
            0.6,
            1.1,
            1.6,
            2.1,
            2.6,
            3.1,
            3.6,
            4.1,
            4.6,
            5.1,
            5.6,
            6.1,
            6.6,
            7.1,
            7.6,
            8.1,
            8.6,
            9.1,
            9.6,
            10.1,
            10.6,
            11.1,
            11.6,
            12.1,
            12.6,
            13.1,
            13.6,
            14.1,
            14.6,
            15.1,
            15.6,
            16.1,
            16.6,
            17.1
        ]
    }
}