{
    "luminosity_distance": 173.63108183802606,
    "KNtimeshift": 0.3112789374607196,
    "supernova_mag_boost": 4.707524565060147,
    "Ebv": 0.2799951447685693,
    "log_likelihood": -27.11395537701202,
    "log_prior": -6.73385469041639,
    "Best fit index": 2205,
    "Magnitudes": {
        "ztfg": [
            25.617075205649215,
            23.671697079847405,
            23.046063396519592,
            22.827346546366755,
            22.645387745032153,
            22.48959127856896,
            22.353370936188306,
            22.232351790739067,
            22.123479191906185,
            22.024535741755813,
            21.93386076976703,
            21.850178269258024,
            21.772486565256344,
            21.699984907074786,
            21.63202308233958,
            21.57436616854666,
            21.52262437331349,
            21.473236623639608,
            21.42599800896123,
            21.380729261542903,
            21.337272648616647,
            21.295488655519044,
            21.255253283809196,
            21.21645583241748,
            21.178997061767383,
            21.14997711106045,
            21.139415063449682,
            21.128954774381697,
            21.118594301795767,
            21.108331758702363,
            21.098165311120447
        ],
        "bestfit_sample_times": [
            0.1,
            0.6,
            1.1,
            1.6,
            2.1,
            2.6,
            3.1,
            3.6,
            4.1,
            4.6,
            5.1,
            5.6,
            6.1,
            6.6,
            7.1,
            7.6,
            8.1,
            8.6,
            9.1,
            9.6,
            10.1,
            10.6,
            11.1,
            11.6,
            12.1,
            12.6,
            13.1,
            13.6,
            14.1,
            14.6,
            15.1
        ]
    }
}