{
    "luminosity_distance": 169.11366240130292,
    "KNtimeshift": 0.060192367847357,
    "supernova_mag_boost": 4.819483580282718,
    "Ebv": 0.3762533007909672,
    "log_likelihood": -19.22860173813328,
    "log_prior": -7.133131178290592,
    "Best fit index": 2719,
    "Magnitudes": {
        "ztfg": [
            25.662557468045883,
            23.71717934224289,
            23.092059556770298,
            22.87324894441559,
            22.691225320574464,
            22.535381364211762,
            22.399124732599613,
            22.278076954009396,
            22.169181186462243,
            22.070218604017537,
            21.979527565848127,
            21.89583138289427,
            21.818127886309913,
            21.74561595915156,
            21.677645111687195,
            21.620430510651136,
            21.56911236573971,
            21.520110731957256,
            21.473225475358287,
            21.428281327310035,
            21.385123928646653,
            21.34361663049798,
            21.30363788448962
        ],
        "bestfit_sample_times": [
            0.1,
            0.6,
            1.1,
            1.6,
            2.1,
            2.6,
            3.1,
            3.6,
            4.1,
            4.6,
            5.1,
            5.6,
            6.1,
            6.6,
            7.1,
            7.6,
            8.1,
            8.6,
            9.1,
            9.6,
            10.1,
            10.6,
            11.1
        ]
    }
}