{
    "luminosity_distance": 172.10962000118917,
    "KNtimeshift": 0.3383737985305706,
    "supernova_mag_boost": 4.715864748590199,
    "Ebv": 0.1410045033562023,
    "log_likelihood": -34.78289208827885,
    "log_prior": -6.344968727946414,
    "Best fit index": 1964,
    "Magnitudes": {
        "ztfg": [
            25.602734231114738,
            23.657356105312452,
            23.03189539706848,
            22.81314698503642,
            22.631166362336685,
            22.475353908679395,
            22.339121349430698,
            22.218092564365833,
            22.109212165444433,
            22.010262274042468,
            21.919581893009557,
            21.83589478595328,
            21.75819911164418,
            21.685693996097044,
            21.61772913356578,
            21.560402445708093,
            21.509054480739437,
            21.460025659464165,
            21.41311551406345,
            21.368148496198977,
            21.324970010610052,
            21.283443207761707,
            21.243446367639017,
            21.204870748577697,
            21.167618805333454,
            21.138989712740084,
            21.128614839749233,
            21.118338167383634,
            21.108157854076275,
            21.098072109581956,
            21.088079193087793,
            21.078177411409932,
            21.06836511727169,
            21.058640707658867,
            21.049002622247983,
            21.039449341903776,
            21.06187252933536,
            21.08780461063889,
            21.11437124919548
        ],
        "bestfit_sample_times": [
            0.1,
            0.6,
            1.1,
            1.6,
            2.1,
            2.6,
            3.1,
            3.6,
            4.1,
            4.6,
            5.1,
            5.6,
            6.1,
            6.6,
            7.1,
            7.6,
            8.1,
            8.6,
            9.1,
            9.6,
            10.1,
            10.6,
            11.1,
            11.6,
            12.1,
            12.6,
            13.1,
            13.6,
            14.1,
            14.6,
            15.1,
            15.6,
            16.1,
            16.6,
            17.1,
            17.6,
            18.1,
            18.6,
            19.1
        ]
    }
}