{
    "luminosity_distance": 166.00130840785047,
    "KNtimeshift": 0.3401484919973296,
    "supernova_mag_boost": 4.811386139114491,
    "Ebv": 0.2653571020824961,
    "log_likelihood": -30.989830012688884,
    "log_prior": -6.685006552457002,
    "Best fit index": 2181,
    "Magnitudes": {
        "ztfg": [
            25.61031677470498,
            23.66493864890154,
            23.040173470735176,
            22.821298164492923,
            22.63922982004663,
            22.483353103589586,
            22.347071440104237,
            22.226003911717306,
            22.11709216412268,
            22.01811638608563,
            21.927414267333845,
            21.843708648039673,
            21.76599701865313,
            21.693478009575102,
            21.625500939749415,
            21.567741371075407,
            21.515569217920152,
            21.46578953371734,
            21.41819248197912,
            21.372594676553987,
            21.328834914810955,
            21.28677073794713,
            21.24627563317278,
            21.207236739194293,
            21.169552950111957,
            21.141312602316823,
            21.130543503668505,
            21.119880172331627,
            21.10932055093602,
            21.098862641563265,
            21.088504503477864,
            21.07824425096569,
            21.068080051273526,
            21.05801012264427,
            21.0480327324423
        ],
        "bestfit_sample_times": [
            0.1,
            0.6,
            1.1,
            1.6,
            2.1,
            2.6,
            3.1,
            3.6,
            4.1,
            4.6,
            5.1,
            5.6,
            6.1,
            6.6,
            7.1,
            7.6,
            8.1,
            8.6,
            9.1,
            9.6,
            10.1,
            10.6,
            11.1,
            11.6,
            12.1,
            12.6,
            13.1,
            13.6,
            14.1,
            14.6,
            15.1,
            15.6,
            16.1,
            16.6,
            17.1
        ]
    }
}