{
    "luminosity_distance": 170.5493081817793,
    "KNtimeshift": -0.2102488179478912,
    "supernova_mag_boost": 4.847352284809009,
    "Ebv": 0.3542759934805813,
    "log_likelihood": -23.098528779104544,
    "log_prior": -7.02693028460526,
    "Best fit index": 2814,
    "Magnitudes": {
        "ztfg": [
            25.711218841347723,
            23.76584071554503,
            23.140557510113016,
            22.921776711986976,
            22.739773699188827,
            22.583944842239635,
            22.44769974848499,
            22.326661073376716,
            22.217772671858338,
            22.118816172062683,
            22.02813024168935,
            21.94443840864832,
            21.86673866112319,
            21.794229998621656,
            21.7262620195965,
            21.66909219917839,
            21.617894357448936,
            21.56900242078076,
            21.52221759857804,
            21.477365747885276,
            21.434293459913714,
            21.392864893715494,
            21.35295919211085,
            21.31446835592914,
            21.277295482351693,
            21.24894285177049,
            21.23863932323213
        ],
        "bestfit_sample_times": [
            0.1,
            0.6,
            1.1,
            1.6,
            2.1,
            2.6,
            3.1,
            3.6,
            4.1,
            4.6,
            5.1,
            5.6,
            6.1,
            6.6,
            7.1,
            7.6,
            8.1,
            8.6,
            9.1,
            9.6,
            10.1,
            10.6,
            11.1,
            11.6,
            12.1,
            12.6,
            13.1
        ]
    }
}