{
  "injections": {
    "__dataframe__": true,
    "content": {
      "simulation_id": [
        0
      ],
      "luminosity_distance": [
        586.1312004995792
      ],
      "timeshift": [
        -0.3078601324422101
      ],
      "log10_Menv": [
        -0.627403953738753
      ],
      "log10_Renv": [
        13.769320026995757
      ],
      "log10_Ee": [
        51.51329066727705
      ],
      "geocent_time": [
        -0.07504084237919476
      ]
    }
  }
}