{
  "injections": {
    "__dataframe__": true,
    "content": {
      "simulation_id": [
        0
      ],
      "luminosity_distance": [
        194.13610081346113
      ],
      "KNtimeshift": [
        -0.45007985036327525
      ],
      "supernova_mag_boost": [
        0.3036384520946722
      ],
      "geocent_time": [
        -0.04622584051381178
      ]
    }
  }
}