{
  "injections": {
    "__dataframe__": true,
    "content": {
      "simulation_id": [
        0
      ],
      "luminosity_distance": [
        177.53585997106677
      ],
      "KNtimeshift": [
        0.8295525007437969
      ],
      "supernova_mag_boost": [
        -3.9698584140240154
      ],
      "geocent_time": [
        -0.09401344654269671
      ]
    }
  }
}