{
  "injections": {
    "__dataframe__": true,
    "content": {
      "simulation_id": [
        0
      ],
      "luminosity_distance": [
        182.75104953474215
      ],
      "KNtimeshift": [
        0.18170925204832722
      ],
      "supernova_mag_boost": [
        -4.848696312774488
      ],
      "geocent_time": [
        -0.008904395742686602
      ]
    }
  }
}