{
  "injections": {
    "__dataframe__": true,
    "content": {
      "simulation_id": [
        0
      ],
      "luminosity_distance": [
        214.22687996012334
      ],
      "KNtimeshift": [
        -0.44314456292148874
      ],
      "supernova_mag_boost": [
        1.7170183948577025
      ],
      "geocent_time": [
        -0.06240028083857994
      ]
    }
  }
}