{
  "injections": {
    "__dataframe__": true,
    "content": {
      "simulation_id": [
        0
      ],
      "luminosity_distance": [
        220.31953600210824
      ],
      "KNtimeshift": [
        0.9639757815643202
      ],
      "supernova_mag_boost": [
        -2.0015358558813565
      ],
      "geocent_time": [
        -0.08905703762758828
      ]
    }
  }
}