{
  "injections": {
    "__dataframe__": true,
    "content": {
      "simulation_id": [
        0
      ],
      "luminosity_distance": [
        153.37805206276371
      ],
      "KNtimeshift": [
        0.6930202306163127
      ],
      "inclination_EM": [
        0.19250530204180136
      ],
      "log10_E0": [
        53.0
      ],
      "thetaCore": [
        0.05
      ],
      "thetaWing": [
        0.1
      ],
      "log10_n0": [
        2.505895918833727
      ],
      "p": [
        2.5618480237504877
      ],
      "log10_epsilon_e": [
        -0.7696441893157071
      ],
      "log10_epsilon_B": [
        -0.9442372274343604
      ],
      "ksiN": [
        1.0
      ],
      "L0": [
        0.0
      ],
      "dL": [
        3.09e+19
      ],
      "b": [
        6.0
      ],
      "q": [
        0.0
      ],
      "ts": [
        0.0
      ],
      "geocent_time": [
        -0.0063781449927885064
      ]
    }
  }
}