{
  "injections": {
    "__dataframe__": true,
    "content": {
      "simulation_id": [
        0
      ],
      "luminosity_distance": [
        221.57131994129188
      ],
      "KNtimeshift": [
        0.10025345373922612
      ],
      "supernova_mag_boost": [
        3.263950521967022
      ],
      "geocent_time": [
        0.07041075513814074
      ]
    }
  }
}