{
  "injections": {
    "__dataframe__": true,
    "content": {
      "simulation_id": [
        0
      ],
      "luminosity_distance": [
        159.84492021637868
      ],
      "KNtimeshift": [
        0.6706204210825653
      ],
      "inclination_EM": [
        0.040857704352873114
      ],
      "log10_E0": [
        53.0
      ],
      "thetaCore": [
        0.05
      ],
      "thetaWing": [
        0.1
      ],
      "log10_n0": [
        0.7842900615969892
      ],
      "p": [
        2.1883920431910355
      ],
      "log10_epsilon_e": [
        -0.6715440344339716
      ],
      "log10_epsilon_B": [
        -2.2534947787466297
      ],
      "ksiN": [
        1.0
      ],
      "L0": [
        0.0
      ],
      "dL": [
        3.09e+19
      ],
      "b": [
        6.0
      ],
      "q": [
        0.0
      ],
      "ts": [
        0.0
      ],
      "geocent_time": [
        0.012080624000818954
      ]
    }
  }
}