{
  "injections": {
    "__dataframe__": true,
    "content": {
      "simulation_id": [
        0
      ],
      "luminosity_distance": [
        164.47745550033403
      ],
      "KNtimeshift": [
        -0.8198686785556855
      ],
      "supernova_mag_boost": [
        -0.9776389842084567
      ],
      "geocent_time": [
        -0.039822759908103134
      ]
    }
  }
}