{
  "injections": {
    "__dataframe__": true,
    "content": {
      "simulation_id": [
        0
      ],
      "luminosity_distance": [
        178.1625217802379
      ],
      "KNtimeshift": [
        -0.30916353067491276
      ],
      "supernova_mag_boost": [
        1.5939398345311488
      ],
      "geocent_time": [
        -0.09826211244506762
      ]
    }
  }
}