{
  "injections": {
    "__dataframe__": true,
    "content": {
      "simulation_id": [
        0
      ],
      "luminosity_distance": [
        156.01012866418924
      ],
      "KNtimeshift": [
        0.1449193008797441
      ],
      "inclination_EM": [
        0.09580391345569518
      ],
      "log10_E0": [
        53.0
      ],
      "thetaCore": [
        0.05
      ],
      "thetaWing": [
        0.1
      ],
      "log10_n0": [
        -0.7789876180922257
      ],
      "p": [
        2.663911201818863
      ],
      "log10_epsilon_e": [
        -0.1138730447965024
      ],
      "log10_epsilon_B": [
        -0.9673087780210965
      ],
      "ksiN": [
        1.0
      ],
      "L0": [
        0.0
      ],
      "dL": [
        3.09e+19
      ],
      "b": [
        6.0
      ],
      "q": [
        0.0
      ],
      "ts": [
        0.0
      ],
      "geocent_time": [
        -0.020787370867468805
      ]
    }
  }
}