{
  "injections": {
    "__dataframe__": true,
    "content": {
      "simulation_id": [
        0
      ],
      "luminosity_distance": [
        155.26497786343793
      ],
      "KNtimeshift": [
        0.20401051557377792
      ],
      "supernova_mag_boost": [
        -4.994037843776221
      ],
      "geocent_time": [
        0.013861992407889573
      ]
    }
  }
}