{
  "injections": {
    "__dataframe__": true,
    "content": {
      "simulation_id": [
        0
      ],
      "luminosity_distance": [
        193.11354801058783
      ],
      "KNtimeshift": [
        -0.48275452024202203
      ],
      "supernova_mag_boost": [
        -4.299682692750442
      ],
      "geocent_time": [
        0.031715065374891716
      ]
    }
  }
}