{
  "injections": {
    "__dataframe__": true,
    "content": {
      "simulation_id": [
        0
      ],
      "luminosity_distance": [
        180.6965071382852
      ],
      "KNtimeshift": [
        0.6824593733321817
      ],
      "inclination_EM": [
        0.17455523312970622
      ],
      "log10_E0": [
        53.0
      ],
      "thetaCore": [
        0.05
      ],
      "thetaWing": [
        0.1
      ],
      "log10_n0": [
        -0.33231846300252244
      ],
      "p": [
        2.9933142791963627
      ],
      "log10_epsilon_e": [
        -2.9405904132404546
      ],
      "log10_epsilon_B": [
        -0.3085130635356439
      ],
      "ksiN": [
        1.0
      ],
      "L0": [
        0.0
      ],
      "dL": [
        3.09e+19
      ],
      "b": [
        6.0
      ],
      "q": [
        0.0
      ],
      "ts": [
        0.0
      ],
      "geocent_time": [
        0.06985412156429233
      ]
    }
  }
}