{
  "injections": {
    "__dataframe__": true,
    "content": {
      "simulation_id": [
        0
      ],
      "luminosity_distance": [
        164.3709618587082
      ],
      "KNtimeshift": [
        0.5235521257902537
      ],
      "inclination_EM": [
        0.14160416820210645
      ],
      "log10_E0": [
        53.0
      ],
      "thetaCore": [
        0.05
      ],
      "thetaWing": [
        0.1
      ],
      "log10_n0": [
        2.366210883532319
      ],
      "p": [
        2.6532121888633475
      ],
      "log10_epsilon_e": [
        -0.9235623160042881
      ],
      "log10_epsilon_B": [
        -0.27036657241243933
      ],
      "ksiN": [
        1.0
      ],
      "L0": [
        0.0
      ],
      "dL": [
        3.09e+19
      ],
      "b": [
        6.0
      ],
      "q": [
        0.0
      ],
      "ts": [
        0.0
      ],
      "geocent_time": [
        0.0021679833190861586
      ]
    }
  }
}