{
  "injections": {
    "__dataframe__": true,
    "content": {
      "simulation_id": [
        0
      ],
      "luminosity_distance": [
        164.27719304099745
      ],
      "KNtimeshift": [
        -0.482738265076996
      ],
      "supernova_mag_boost": [
        -4.812789456714112
      ],
      "geocent_time": [
        0.0161425773441993
      ]
    }
  }
}