{
  "injections": {
    "__dataframe__": true,
    "content": {
      "simulation_id": [
        0
      ],
      "luminosity_distance": [
        215.0656202772193
      ],
      "KNtimeshift": [
        0.8569634757975595
      ],
      "supernova_mag_boost": [
        3.8129340225919623
      ],
      "geocent_time": [
        0.028444088036247928
      ]
    }
  }
}