{
  "injections": {
    "__dataframe__": true,
    "content": {
      "simulation_id": [
        0
      ],
      "luminosity_distance": [
        132.87548330227784
      ],
      "timeshift": [
        -0.8107866686008272
      ],
      "log10_Menv": [
        -0.021172437985526926
      ],
      "log10_Renv": [
        10.786076423411453
      ],
      "log10_Ee": [
        47.921401956944194
      ],
      "geocent_time": [
        -0.03924965165165431
      ]
    }
  }
}