{
  "injections": {
    "__dataframe__": true,
    "content": {
      "simulation_id": [
        0
      ],
      "luminosity_distance": [
        155.68910864832685
      ],
      "timeshift": [
        0.2852366178567357
      ],
      "inclination_EM": [
        0.1442043434477091
      ],
      "log10_E0": [
        53.0
      ],
      "thetaCore": [
        0.05
      ],
      "thetaWing": [
        0.1
      ],
      "log10_n0": [
        2.157431931964526
      ],
      "p": [
        2.4859742127760764
      ],
      "log10_epsilon_e": [
        -2.870838315312174
      ],
      "log10_epsilon_B": [
        -0.14185798640715763
      ],
      "ksiN": [
        1.0
      ],
      "L0": [
        0.0
      ],
      "dL": [
        3.09e+19
      ],
      "b": [
        6.0
      ],
      "q": [
        0.0
      ],
      "ts": [
        0.0
      ],
      "geocent_time": [
        -0.02051518733459952
      ]
    }
  }
}