{
  "injections": {
    "__dataframe__": true,
    "content": {
      "simulation_id": [
        0
      ],
      "luminosity_distance": [
        168.3980917341274
      ],
      "timeshift": [
        0.042227341354790865
      ],
      "inclination_EM": [
        0.024894880363495617
      ],
      "log10_E0": [
        53.0
      ],
      "thetaCore": [
        0.05
      ],
      "thetaWing": [
        0.1
      ],
      "log10_n0": [
        -2.8334371803733243
      ],
      "p": [
        2.859210480238999
      ],
      "log10_epsilon_e": [
        -1.874136398153865
      ],
      "log10_epsilon_B": [
        -1.0240297822174027
      ],
      "ksiN": [
        1.0
      ],
      "L0": [
        0.0
      ],
      "dL": [
        3.09e+19
      ],
      "b": [
        6.0
      ],
      "q": [
        0.0
      ],
      "ts": [
        0.0
      ],
      "geocent_time": [
        0.060779954705293376
      ]
    }
  }
}