{
  "injections": {
    "__dataframe__": true,
    "content": {
      "simulation_id": [
        0
      ],
      "luminosity_distance": [
        192.4553486164121
      ],
      "timeshift": [
        0.05250663854078774
      ],
      "supernova_mag_boost": [
        2.4208749011060915
      ],
      "geocent_time": [
        -0.07164442173169122
      ]
    }
  }
}