{
  "injections": {
    "__dataframe__": true,
    "content": {
      "simulation_id": [
        0
      ],
      "luminosity_distance": [
        215.53424984585502
      ],
      "timeshift": [
        -0.6191472578289472
      ],
      "supernova_mag_boost": [
        -4.332983226624475
      ],
      "geocent_time": [
        0.021325744658842627
      ]
    }
  }
}