{
  "injections": {
    "__dataframe__": true,
    "content": {
      "simulation_id": [
        0
      ],
      "luminosity_distance": [
        175.6198869841352
      ],
      "timeshift": [
        0.7247284937560443
      ],
      "inclination_EM": [
        0.09660948733481708
      ],
      "log10_E0": [
        53.0
      ],
      "thetaCore": [
        0.05
      ],
      "thetaWing": [
        0.1
      ],
      "log10_n0": [
        2.9130324684896074
      ],
      "p": [
        2.4131343444352478
      ],
      "log10_epsilon_e": [
        -2.1541133003322837
      ],
      "log10_epsilon_B": [
        -0.5863205598935965
      ],
      "ksiN": [
        1.0
      ],
      "L0": [
        0.0
      ],
      "dL": [
        3.09e+19
      ],
      "b": [
        6.0
      ],
      "q": [
        0.0
      ],
      "ts": [
        0.0
      ],
      "geocent_time": [
        0.08630681002244678
      ]
    }
  }
}