{
  "injections": {
    "__dataframe__": true,
    "content": {
      "simulation_id": [
        0
      ],
      "luminosity_distance": [
        383.2955459187125
      ],
      "timeshift": [
        -0.8418526745901223
      ],
      "log10_Menv": [
        -4.576478624016816
      ],
      "log10_Renv": [
        13.723726339556059
      ],
      "log10_Ee": [
        48.40529618592964
      ],
      "geocent_time": [
        -0.006869606923450469
      ]
    }
  }
}