{
  "injections": {
    "__dataframe__": true,
    "content": {
      "simulation_id": [
        0
      ],
      "luminosity_distance": [
        9.872943244420146
      ],
      "KNphi": [
        36.89612041042194
      ],
      "inclination_EM": [
        0.32660687693072193
      ],
      "timeshift": [
        -1.9286129136849692
      ],
      "log10_mej_dyn": [
        -2.9331347904887397
      ],
      "log10_mej_wind": [
        -2.2943972281178677
      ],
      "geocent_time": [
        0.031443830560148295
      ]
    }
  }
}