{
  "injections": {
    "__dataframe__": true,
    "content": {
      "simulation_id": [
        0
      ],
      "luminosity_distance": [
        161.97157887423774
      ],
      "timeshift": [
        0.6486479965016823
      ],
      "inclination_EM": [
        0.1611883469966823
      ],
      "log10_E0": [
        53.0
      ],
      "thetaCore": [
        0.05
      ],
      "thetaWing": [
        0.1
      ],
      "log10_n0": [
        2.507762694521274
      ],
      "p": [
        2.573559966541688
      ],
      "log10_epsilon_e": [
        -2.677192036239005
      ],
      "log10_epsilon_B": [
        -0.8900466273820262
      ],
      "ksiN": [
        1.0
      ],
      "L0": [
        0.0
      ],
      "dL": [
        3.09e+19
      ],
      "b": [
        6.0
      ],
      "q": [
        0.0
      ],
      "ts": [
        0.0
      ],
      "geocent_time": [
        -0.042463837753408035
      ]
    }
  }
}