{
  "injections": {
    "__dataframe__": true,
    "content": {
      "simulation_id": [
        0
      ],
      "luminosity_distance": [
        170.25699871009573
      ],
      "timeshift": [
        -0.9320489368681406
      ],
      "supernova_mag_boost": [
        -4.545111535379806
      ],
      "geocent_time": [
        0.08608446892180685
      ]
    }
  }
}