{
  "injections": {
    "__dataframe__": true,
    "content": {
      "simulation_id": [
        0
      ],
      "luminosity_distance": [
        175.92453604756616
      ],
      "timeshift": [
        -0.8278781725495674
      ],
      "supernova_mag_boost": [
        -4.876417268472549
      ],
      "geocent_time": [
        0.01751588276262442
      ]
    }
  }
}