{
  "injections": {
    "__dataframe__": true,
    "content": {
      "simulation_id": [
        0
      ],
      "luminosity_distance": [
        482.0732377048055
      ],
      "timeshift": [
        -1.8471897616957806
      ],
      "log10_Menv": [
        -3.441393382798129
      ],
      "log10_Renv": [
        12.38648534900217
      ],
      "log10_Ee": [
        48.52465512297263
      ],
      "geocent_time": [
        0.01147362093263267
      ]
    }
  }
}