{
  "injections": {
    "__dataframe__": true,
    "content": {
      "simulation_id": [
        0
      ],
      "luminosity_distance": [
        177.02883830731005
      ],
      "timeshift": [
        -0.5277335771967653
      ],
      "supernova_mag_boost": [
        -2.471046434298243
      ],
      "geocent_time": [
        0.09541711015925339
      ]
    }
  }
}