{
  "injections": {
    "__dataframe__": true,
    "content": {
      "simulation_id": [
        0
      ],
      "luminosity_distance": [
        161.95292487993552
      ],
      "timeshift": [
        -0.36664977955667033
      ],
      "supernova_mag_boost": [
        4.673047039213321
      ],
      "geocent_time": [
        0.01660026853266547
      ]
    }
  }
}