{
  "injections": {
    "__dataframe__": true,
    "content": {
      "simulation_id": [
        0
      ],
      "luminosity_distance": [
        169.21569392251473
      ],
      "timeshift": [
        0.25843229923451894
      ],
      "inclination_EM": [
        0.09794870179593655
      ],
      "log10_E0": [
        53.0
      ],
      "thetaCore": [
        0.05
      ],
      "thetaWing": [
        0.1
      ],
      "log10_n0": [
        1.2062409935151797
      ],
      "p": [
        2.954655721679984
      ],
      "log10_epsilon_e": [
        -2.102778745208677
      ],
      "log10_epsilon_B": [
        -0.646140284047116
      ],
      "ksiN": [
        1.0
      ],
      "L0": [
        0.0
      ],
      "dL": [
        3.09e+19
      ],
      "b": [
        6.0
      ],
      "q": [
        0.0
      ],
      "ts": [
        0.0
      ],
      "geocent_time": [
        -0.07718544387490905
      ]
    }
  }
}