{
  "injections": {
    "__dataframe__": true,
    "content": {
      "simulation_id": [
        0
      ],
      "luminosity_distance": [
        241.8165649863201
      ],
      "timeshift": [
        -1.3272964391989222
      ],
      "log10_Menv": [
        -2.152516791909618
      ],
      "log10_Renv": [
        14.74417708978968
      ],
      "log10_Ee": [
        51.6747869767501
      ],
      "geocent_time": [
        0.028402522613919345
      ]
    }
  }
}