{
  "injections": {
    "__dataframe__": true,
    "content": {
      "simulation_id": [
        0
      ],
      "luminosity_distance": [
        166.5257269201516
      ],
      "timeshift": [
        0.3700648803197548
      ],
      "inclination_EM": [
        0.15047031367766192
      ],
      "log10_E0": [
        53.0
      ],
      "thetaCore": [
        0.05
      ],
      "thetaWing": [
        0.1
      ],
      "log10_n0": [
        0.5236549783478059
      ],
      "p": [
        2.00947608621178
      ],
      "log10_epsilon_e": [
        -0.5589594234929463
      ],
      "log10_epsilon_B": [
        -0.6734825537423106
      ],
      "ksiN": [
        1.0
      ],
      "L0": [
        0.0
      ],
      "dL": [
        3.09e+19
      ],
      "b": [
        6.0
      ],
      "q": [
        0.0
      ],
      "ts": [
        0.0
      ],
      "geocent_time": [
        0.02550270135418653
      ]
    }
  }
}