{
  "injections": {
    "__dataframe__": true,
    "content": {
      "simulation_id": [
        0
      ],
      "luminosity_distance": [
        3.6812359512928587
      ],
      "KNphi": [
        47.46236760175503
      ],
      "inclination_EM": [
        0.2279295294398319
      ],
      "timeshift": [
        -1.0640543739367423
      ],
      "log10_mej_dyn": [
        -1.4534168022461922
      ],
      "log10_mej_wind": [
        -1.7122438313713901
      ],
      "geocent_time": [
        -0.006886997323274954
      ]
    }
  }
}