{
  "injections": {
    "__dataframe__": true,
    "content": {
      "simulation_id": [
        0
      ],
      "luminosity_distance": [
        8.150395695872529
      ],
      "KNphi": [
        49.44704281690367
      ],
      "inclination_EM": [
        0.33058040368103697
      ],
      "timeshift": [
        0.4069846568205122
      ],
      "log10_mej_dyn": [
        -2.0665104184406062
      ],
      "log10_mej_wind": [
        -0.8631782474549565
      ],
      "geocent_time": [
        -0.014056436524600119
      ]
    }
  }
}