{
  "injections": {
    "__dataframe__": true,
    "content": {
      "simulation_id": [
        0
      ],
      "luminosity_distance": [
        184.11089961755061
      ],
      "timeshift": [
        0.0950616712039436
      ],
      "inclination_EM": [
        0.11652797184711797
      ],
      "log10_E0": [
        53.0
      ],
      "thetaCore": [
        0.05
      ],
      "thetaWing": [
        0.1
      ],
      "log10_n0": [
        -0.8177034547238882
      ],
      "p": [
        2.8159067758738434
      ],
      "log10_epsilon_e": [
        -2.9320221857991333
      ],
      "log10_epsilon_B": [
        -1.3309178011277836
      ],
      "ksiN": [
        1.0
      ],
      "L0": [
        0.0
      ],
      "dL": [
        3.09e+19
      ],
      "b": [
        6.0
      ],
      "q": [
        0.0
      ],
      "ts": [
        0.0
      ],
      "geocent_time": [
        0.013434637096797528
      ]
    }
  }
}