{
  "injections": {
    "__dataframe__": true,
    "content": {
      "simulation_id": [
        0
      ],
      "luminosity_distance": [
        185.93584251670111
      ],
      "timeshift": [
        -0.036715942718088534
      ],
      "supernova_mag_boost": [
        1.067019187586098
      ],
      "geocent_time": [
        -0.09935827661912935
      ]
    }
  }
}