{
  "injections": {
    "__dataframe__": true,
    "content": {
      "simulation_id": [
        0
      ],
      "luminosity_distance": [
        209.76632208303656
      ],
      "timeshift": [
        0.23716630333186206
      ],
      "supernova_mag_boost": [
        1.0285254669288966
      ],
      "geocent_time": [
        0.05625123411085606
      ]
    }
  }
}