{
  "injections": {
    "__dataframe__": true,
    "content": {
      "simulation_id": [
        0
      ],
      "luminosity_distance": [
        9.736684456606113
      ],
      "KNphi": [
        33.08883183044545
      ],
      "inclination_EM": [
        0.24852363471274327
      ],
      "timeshift": [
        -1.9319939440958724
      ],
      "log10_mej_dyn": [
        -1.1345197510790666
      ],
      "log10_mej_wind": [
        -0.5291969949353987
      ],
      "geocent_time": [
        0.04361996000762605
      ]
    }
  }
}