{
  "injections": {
    "__dataframe__": true,
    "content": {
      "simulation_id": [
        0
      ],
      "luminosity_distance": [
        415.8357324338643
      ],
      "timeshift": [
        -1.163534109238243
      ],
      "log10_Menv": [
        -3.3877468881197026
      ],
      "log10_Renv": [
        11.624740691524591
      ],
      "log10_Ee": [
        51.30079203789693
      ],
      "geocent_time": [
        0.06250045382952696
      ]
    }
  }
}