{
  "injections": {
    "__dataframe__": true,
    "content": {
      "simulation_id": [
        0
      ],
      "luminosity_distance": [
        180.80897939613104
      ],
      "timeshift": [
        0.21455417699255727
      ],
      "inclination_EM": [
        0.14745966349210918
      ],
      "log10_E0": [
        53.0
      ],
      "thetaCore": [
        0.05
      ],
      "thetaWing": [
        0.1
      ],
      "log10_n0": [
        0.18662730986065368
      ],
      "p": [
        2.8955724423430453
      ],
      "log10_epsilon_e": [
        -0.11533577909756731
      ],
      "log10_epsilon_B": [
        -0.5542550442275154
      ],
      "ksiN": [
        1.0
      ],
      "L0": [
        0.0
      ],
      "dL": [
        3.09e+19
      ],
      "b": [
        6.0
      ],
      "q": [
        0.0
      ],
      "ts": [
        0.0
      ],
      "geocent_time": [
        0.0360119562202417
      ]
    }
  }
}