{
  "injections": {
    "__dataframe__": true,
    "content": {
      "simulation_id": [
        0
      ],
      "luminosity_distance": [
        175.9693914972359
      ],
      "timeshift": [
        -0.8747315853353184
      ],
      "supernova_mag_boost": [
        -1.5149992812075963
      ],
      "geocent_time": [
        0.014082791053883922
      ]
    }
  }
}