{
  "injections": {
    "__dataframe__": true,
    "content": {
      "simulation_id": [
        0
      ],
      "luminosity_distance": [
        152.0007758066874
      ],
      "timeshift": [
        0.863492363633252
      ],
      "inclination_EM": [
        0.18259172239607582
      ],
      "log10_E0": [
        53.0
      ],
      "thetaCore": [
        0.05
      ],
      "thetaWing": [
        0.1
      ],
      "log10_n0": [
        -2.138761737503015
      ],
      "p": [
        2.221592348001775
      ],
      "log10_epsilon_e": [
        -0.9763294151471213
      ],
      "log10_epsilon_B": [
        -1.968276063599021
      ],
      "ksiN": [
        1.0
      ],
      "L0": [
        0.0
      ],
      "dL": [
        3.09e+19
      ],
      "b": [
        6.0
      ],
      "q": [
        0.0
      ],
      "ts": [
        0.0
      ],
      "geocent_time": [
        -0.042343464970290956
      ]
    }
  }
}