{
  "injections": {
    "__dataframe__": true,
    "content": {
      "simulation_id": [
        0
      ],
      "luminosity_distance": [
        119.2916339648099
      ],
      "timeshift": [
        -1.560421393858362
      ],
      "log10_Menv": [
        -3.706114985950034
      ],
      "log10_Renv": [
        10.332662755704236
      ],
      "log10_Ee": [
        49.01325685559367
      ],
      "geocent_time": [
        0.08971514858661281
      ]
    }
  }
}