{
  "injections": {
    "__dataframe__": true,
    "content": {
      "simulation_id": [
        0
      ],
      "luminosity_distance": [
        158.8035219070907
      ],
      "timeshift": [
        0.5789699136934298
      ],
      "inclination_EM": [
        0.1320227881604129
      ],
      "log10_E0": [
        53.0
      ],
      "thetaCore": [
        0.05
      ],
      "thetaWing": [
        0.1
      ],
      "log10_n0": [
        -2.7804773665694453
      ],
      "p": [
        2.7398280251070064
      ],
      "log10_epsilon_e": [
        -1.6556220440771046
      ],
      "log10_epsilon_B": [
        -2.4220935902385787
      ],
      "ksiN": [
        1.0
      ],
      "L0": [
        0.0
      ],
      "dL": [
        3.09e+19
      ],
      "b": [
        6.0
      ],
      "q": [
        0.0
      ],
      "ts": [
        0.0
      ],
      "geocent_time": [
        0.034652561723948094
      ]
    }
  }
}