{
  "injections": {
    "__dataframe__": true,
    "content": {
      "simulation_id": [
        0
      ],
      "luminosity_distance": [
        224.1543090929091
      ],
      "timeshift": [
        -0.7803823275652846
      ],
      "supernova_mag_boost": [
        1.946794462176146
      ],
      "geocent_time": [
        0.0001370272766159364
      ]
    }
  }
}