{
  "injections": {
    "__dataframe__": true,
    "content": {
      "simulation_id": [
        0
      ],
      "luminosity_distance": [
        175.7884003218189
      ],
      "timeshift": [
        0.9126794550258931
      ],
      "inclination_EM": [
        0.06284435296974414
      ],
      "log10_E0": [
        53.0
      ],
      "thetaCore": [
        0.05
      ],
      "thetaWing": [
        0.1
      ],
      "log10_n0": [
        -2.953095854488299
      ],
      "p": [
        2.1906676493176853
      ],
      "log10_epsilon_e": [
        -2.2460307516489464
      ],
      "log10_epsilon_B": [
        -0.4511858706125942
      ],
      "ksiN": [
        1.0
      ],
      "L0": [
        0.0
      ],
      "dL": [
        3.09e+19
      ],
      "b": [
        6.0
      ],
      "q": [
        0.0
      ],
      "ts": [
        0.0
      ],
      "geocent_time": [
        -0.07765105982207254
      ]
    }
  }
}