{
  "injections": {
    "__dataframe__": true,
    "content": {
      "simulation_id": [
        0
      ],
      "luminosity_distance": [
        5.722575297292674
      ],
      "KNphi": [
        45.64752702466197
      ],
      "inclination_EM": [
        0.7228041595534711
      ],
      "timeshift": [
        0.7820879949852308
      ],
      "log10_mej_dyn": [
        -2.6577966755711273
      ],
      "log10_mej_wind": [
        -2.0293370844025462
      ],
      "geocent_time": [
        -0.001830222173248311
      ]
    }
  }
}