{
  "injections": {
    "__dataframe__": true,
    "content": {
      "simulation_id": [
        0
      ],
      "luminosity_distance": [
        38.02926985108135
      ],
      "timeshift": [
        -1.0069643826245174
      ],
      "log10_Menv": [
        -0.6686908031424101
      ],
      "log10_Renv": [
        14.259728291884175
      ],
      "log10_Ee": [
        47.02590478727006
      ],
      "geocent_time": [
        0.019723266051471386
      ]
    }
  }
}