{
  "injections": {
    "__dataframe__": true,
    "content": {
      "simulation_id": [
        0
      ],
      "luminosity_distance": [
        7.166798560590794
      ],
      "KNphi": [
        48.63214607915015
      ],
      "inclination_EM": [
        0.34614127452909815
      ],
      "timeshift": [
        0.6130235683273892
      ],
      "log10_mej_dyn": [
        -1.766894989203971
      ],
      "log10_mej_wind": [
        -2.007950196381194
      ],
      "geocent_time": [
        -0.053366075767635794
      ]
    }
  }
}