{
  "injections": {
    "__dataframe__": true,
    "content": {
      "simulation_id": [
        0
      ],
      "luminosity_distance": [
        7.809998760767676
      ],
      "KNphi": [
        21.512933334879662
      ],
      "inclination_EM": [
        0.761703015821516
      ],
      "timeshift": [
        0.7395225770737022
      ],
      "log10_mej_dyn": [
        -1.8782763349609368
      ],
      "log10_mej_wind": [
        -1.4083914941388296
      ],
      "geocent_time": [
        -0.016496973047635713
      ]
    }
  }
}