{
  "injections": {
    "__dataframe__": true,
    "content": {
      "simulation_id": [
        0
      ],
      "luminosity_distance": [
        170.04281337868278
      ],
      "timeshift": [
        0.43948313052614607
      ],
      "inclination_EM": [
        0.16386057272105053
      ],
      "log10_E0": [
        53.0
      ],
      "thetaCore": [
        0.05
      ],
      "thetaWing": [
        0.1
      ],
      "log10_n0": [
        -0.41292732114919595
      ],
      "p": [
        2.9082856505472012
      ],
      "log10_epsilon_e": [
        -0.6549491779727008
      ],
      "log10_epsilon_B": [
        -0.3385775009373657
      ],
      "ksiN": [
        1.0
      ],
      "L0": [
        0.0
      ],
      "dL": [
        3.09e+19
      ],
      "b": [
        6.0
      ],
      "q": [
        0.0
      ],
      "ts": [
        0.0
      ],
      "geocent_time": [
        0.08700119643181498
      ]
    }
  }
}