{
  "injections": {
    "__dataframe__": true,
    "content": {
      "simulation_id": [
        0
      ],
      "luminosity_distance": [
        182.76574257014323
      ],
      "timeshift": [
        0.004264080319426475
      ],
      "inclination_EM": [
        0.18683137922261966
      ],
      "log10_E0": [
        53.0
      ],
      "thetaCore": [
        0.05
      ],
      "thetaWing": [
        0.1
      ],
      "log10_n0": [
        0.4981165521424398
      ],
      "p": [
        2.0218640005346344
      ],
      "log10_epsilon_e": [
        -2.6764919286578186
      ],
      "log10_epsilon_B": [
        -2.285891109517379
      ],
      "ksiN": [
        1.0
      ],
      "L0": [
        0.0
      ],
      "dL": [
        3.09e+19
      ],
      "b": [
        6.0
      ],
      "q": [
        0.0
      ],
      "ts": [
        0.0
      ],
      "geocent_time": [
        -0.08363222455928668
      ]
    }
  }
}