{
  "injections": {
    "__dataframe__": true,
    "content": {
      "simulation_id": [
        0
      ],
      "luminosity_distance": [
        193.18191870632444
      ],
      "timeshift": [
        -0.23824484609409802
      ],
      "supernova_mag_boost": [
        3.468532650985855
      ],
      "geocent_time": [
        -0.053059141350629904
      ]
    }
  }
}