{
  "injections": {
    "__dataframe__": true,
    "content": {
      "simulation_id": [
        0
      ],
      "luminosity_distance": [
        6.064810064373037
      ],
      "KNphi": [
        46.619682392540845
      ],
      "inclination_EM": [
        0.546756958018452
      ],
      "timeshift": [
        -0.36608895223287075
      ],
      "log10_mej_dyn": [
        -2.7901186439112706
      ],
      "log10_mej_wind": [
        -0.5261870864158649
      ],
      "geocent_time": [
        0.03674391384544662
      ]
    }
  }
}