{
  "injections": {
    "__dataframe__": true,
    "content": {
      "simulation_id": [
        0
      ],
      "luminosity_distance": [
        179.7456456101553
      ],
      "timeshift": [
        0.22115531216873308
      ],
      "supernova_mag_boost": [
        2.8102950818235906
      ],
      "geocent_time": [
        -0.09130908979396257
      ]
    }
  }
}