{
  "injections": {
    "__dataframe__": true,
    "content": {
      "simulation_id": [
        0
      ],
      "luminosity_distance": [
        162.41788442766702
      ],
      "timeshift": [
        -0.4424565354439245
      ],
      "log10_Menv": [
        -0.06720805940478325
      ],
      "log10_Renv": [
        14.369995369029727
      ],
      "log10_Ee": [
        47.79495766448326
      ],
      "geocent_time": [
        -0.0038687225591292618
      ]
    }
  }
}