{
  "injections": {
    "__dataframe__": true,
    "content": {
      "simulation_id": [
        0
      ],
      "luminosity_distance": [
        7.138912058490207
      ],
      "KNphi": [
        35.28954438880608
      ],
      "inclination_EM": [
        0.2491118595690336
      ],
      "timeshift": [
        0.8269462190355381
      ],
      "log10_mej_dyn": [
        -2.4846515269796043
      ],
      "log10_mej_wind": [
        -0.697107169054485
      ],
      "geocent_time": [
        0.08157383122711398
      ]
    }
  }
}