{
  "injections": {
    "__dataframe__": true,
    "content": {
      "simulation_id": [
        0
      ],
      "luminosity_distance": [
        160.55023489564584
      ],
      "timeshift": [
        0.2907419205777919
      ],
      "inclination_EM": [
        0.19427076059667336
      ],
      "log10_E0": [
        53.0
      ],
      "thetaCore": [
        0.05
      ],
      "thetaWing": [
        0.1
      ],
      "log10_n0": [
        1.961430422829304
      ],
      "p": [
        2.696145726758095
      ],
      "log10_epsilon_e": [
        -1.7863299523915268
      ],
      "log10_epsilon_B": [
        -1.7400684926037888
      ],
      "ksiN": [
        1.0
      ],
      "L0": [
        0.0
      ],
      "dL": [
        3.09e+19
      ],
      "b": [
        6.0
      ],
      "q": [
        0.0
      ],
      "ts": [
        0.0
      ],
      "geocent_time": [
        -0.03630790404355487
      ]
    }
  }
}