{
  "injections": {
    "__dataframe__": true,
    "content": {
      "simulation_id": [
        0
      ],
      "luminosity_distance": [
        221.10823721520546
      ],
      "timeshift": [
        -0.09751126923124787
      ],
      "supernova_mag_boost": [
        0.8354880841263315
      ],
      "geocent_time": [
        0.0012373789925902157
      ]
    }
  }
}