{
  "injections": {
    "__dataframe__": true,
    "content": {
      "simulation_id": [
        0
      ],
      "luminosity_distance": [
        5.4532854214876645
      ],
      "KNphi": [
        43.63964705439915
      ],
      "inclination_EM": [
        0.7367934768191458
      ],
      "timeshift": [
        -0.7556464794897102
      ],
      "log10_mej_dyn": [
        -1.2162380565867161
      ],
      "log10_mej_wind": [
        -1.0402337111968198
      ],
      "geocent_time": [
        0.09853040249295292
      ]
    }
  }
}