{
  "injections": {
    "__dataframe__": true,
    "content": {
      "simulation_id": [
        0
      ],
      "luminosity_distance": [
        4.391607723681079
      ],
      "timeshift": [
        -0.6347512814069911
      ],
      "log10_Menv": [
        -2.0322399768615145
      ],
      "log10_Renv": [
        14.930974006504144
      ],
      "log10_Ee": [
        50.05005785964239
      ],
      "geocent_time": [
        -0.09167900658864168
      ]
    }
  }
}