{
  "injections": {
    "__dataframe__": true,
    "content": {
      "simulation_id": [
        0
      ],
      "luminosity_distance": [
        184.77719534919137
      ],
      "timeshift": [
        0.9460676352638989
      ],
      "inclination_EM": [
        0.08480448225868617
      ],
      "log10_E0": [
        53.0
      ],
      "thetaCore": [
        0.05
      ],
      "thetaWing": [
        0.1
      ],
      "log10_n0": [
        2.3620236437125364
      ],
      "p": [
        2.3850044161170745
      ],
      "log10_epsilon_e": [
        -0.9515983315378982
      ],
      "log10_epsilon_B": [
        -1.844252070255433
      ],
      "ksiN": [
        1.0
      ],
      "L0": [
        0.0
      ],
      "dL": [
        3.09e+19
      ],
      "b": [
        6.0
      ],
      "q": [
        0.0
      ],
      "ts": [
        0.0
      ],
      "geocent_time": [
        0.030177046383994433
      ]
    }
  }
}