{
  "injections": {
    "__dataframe__": true,
    "content": {
      "simulation_id": [
        0
      ],
      "luminosity_distance": [
        169.91294778574283
      ],
      "timeshift": [
        0.475537953883004
      ],
      "inclination_EM": [
        0.11298831427289804
      ],
      "log10_E0": [
        53.0
      ],
      "thetaCore": [
        0.05
      ],
      "thetaWing": [
        0.1
      ],
      "log10_n0": [
        -2.3680914526264134
      ],
      "p": [
        2.8788169218739825
      ],
      "log10_epsilon_e": [
        -2.2085569062289254
      ],
      "log10_epsilon_B": [
        -2.8883810280621596
      ],
      "ksiN": [
        1.0
      ],
      "L0": [
        0.0
      ],
      "dL": [
        3.09e+19
      ],
      "b": [
        6.0
      ],
      "q": [
        0.0
      ],
      "ts": [
        0.0
      ],
      "geocent_time": [
        0.06381784895874901
      ]
    }
  }
}