{
  "injections": {
    "__dataframe__": true,
    "content": {
      "simulation_id": [
        0
      ],
      "luminosity_distance": [
        169.30493076317578
      ],
      "timeshift": [
        0.0769458508785319
      ],
      "inclination_EM": [
        0.11146592011530074
      ],
      "log10_E0": [
        53.0
      ],
      "thetaCore": [
        0.05
      ],
      "thetaWing": [
        0.1
      ],
      "log10_n0": [
        1.801963440457329
      ],
      "p": [
        2.6729406673681035
      ],
      "log10_epsilon_e": [
        -0.9638968273059136
      ],
      "log10_epsilon_B": [
        -1.1131487687287773
      ],
      "ksiN": [
        1.0
      ],
      "L0": [
        0.0
      ],
      "dL": [
        3.09e+19
      ],
      "b": [
        6.0
      ],
      "q": [
        0.0
      ],
      "ts": [
        0.0
      ],
      "geocent_time": [
        -0.05777625741239496
      ]
    }
  }
}