{
  "injections": {
    "__dataframe__": true,
    "content": {
      "simulation_id": [
        0
      ],
      "luminosity_distance": [
        71.36135099152452
      ],
      "timeshift": [
        -0.48915702256017335
      ],
      "log10_Menv": [
        -4.225211242285053
      ],
      "log10_Renv": [
        13.21529787349807
      ],
      "log10_Ee": [
        49.2642377040258
      ],
      "geocent_time": [
        0.03600894504567026
      ]
    }
  }
}