{
  "injections": {
    "__dataframe__": true,
    "content": {
      "simulation_id": [
        0
      ],
      "luminosity_distance": [
        555.4718693202801
      ],
      "timeshift": [
        -1.9209374249217128
      ],
      "log10_Menv": [
        -3.668866522979039
      ],
      "log10_Renv": [
        13.437502071263632
      ],
      "log10_Ee": [
        51.47793260563088
      ],
      "geocent_time": [
        -0.0062907283920406315
      ]
    }
  }
}