{
  "injections": {
    "__dataframe__": true,
    "content": {
      "simulation_id": [
        0
      ],
      "luminosity_distance": [
        595.0620199859267
      ],
      "timeshift": [
        -1.7680190863238807
      ],
      "log10_Menv": [
        -1.034830451113165
      ],
      "log10_Renv": [
        10.652815149488
      ],
      "log10_Ee": [
        47.658971186976444
      ],
      "geocent_time": [
        -0.07012590609458345
      ]
    }
  }
}