{
  "injections": {
    "__dataframe__": true,
    "content": {
      "simulation_id": [
        0
      ],
      "luminosity_distance": [
        164.0768449838474
      ],
      "timeshift": [
        0.32408971559905986
      ],
      "inclination_EM": [
        0.1289425921604594
      ],
      "log10_E0": [
        53.0
      ],
      "thetaCore": [
        0.05
      ],
      "thetaWing": [
        0.1
      ],
      "log10_n0": [
        -0.5007037244239445
      ],
      "p": [
        2.867771514347212
      ],
      "log10_epsilon_e": [
        -2.5697848976316937
      ],
      "log10_epsilon_B": [
        -2.599170717737991
      ],
      "ksiN": [
        1.0
      ],
      "L0": [
        0.0
      ],
      "dL": [
        3.09e+19
      ],
      "b": [
        6.0
      ],
      "q": [
        0.0
      ],
      "ts": [
        0.0
      ],
      "geocent_time": [
        0.09675149530296456
      ]
    }
  }
}