{
  "injections": {
    "__dataframe__": true,
    "content": {
      "simulation_id": [
        0
      ],
      "luminosity_distance": [
        6.6143800486902204
      ],
      "KNphi": [
        45.611078930261826
      ],
      "inclination_EM": [
        0.2051781806490361
      ],
      "timeshift": [
        -1.9207477614321773
      ],
      "log10_mej_dyn": [
        -1.0247491074554471
      ],
      "log10_mej_wind": [
        -1.1512918922713822
      ],
      "geocent_time": [
        -0.09641148065334906
      ]
    }
  }
}