{
  "injections": {
    "__dataframe__": true,
    "content": {
      "simulation_id": [
        0
      ],
      "luminosity_distance": [
        161.1620064166541
      ],
      "timeshift": [
        0.20904700970191967
      ],
      "inclination_EM": [
        0.13126445432279243
      ],
      "log10_E0": [
        53.0
      ],
      "thetaCore": [
        0.05
      ],
      "thetaWing": [
        0.1
      ],
      "log10_n0": [
        2.571656111364498
      ],
      "p": [
        2.35884803436924
      ],
      "log10_epsilon_e": [
        -2.2177187014656266
      ],
      "log10_epsilon_B": [
        -2.587346570853988
      ],
      "ksiN": [
        1.0
      ],
      "L0": [
        0.0
      ],
      "dL": [
        3.09e+19
      ],
      "b": [
        6.0
      ],
      "q": [
        0.0
      ],
      "ts": [
        0.0
      ],
      "geocent_time": [
        0.07497569154068467
      ]
    }
  }
}