{
  "injections": {
    "__dataframe__": true,
    "content": {
      "simulation_id": [
        0
      ],
      "luminosity_distance": [
        211.4878899963978
      ],
      "timeshift": [
        -0.7334612332712906
      ],
      "supernova_mag_boost": [
        -3.450367802810251
      ],
      "geocent_time": [
        0.058554432605027795
      ]
    }
  }
}