{
  "injections": {
    "__dataframe__": true,
    "content": {
      "simulation_id": [
        0
      ],
      "luminosity_distance": [
        36.13524305682725
      ],
      "timeshift": [
        -1.3280323935677285
      ],
      "log10_Menv": [
        -3.666505813777947
      ],
      "log10_Renv": [
        11.653776457422586
      ],
      "log10_Ee": [
        51.34936671375939
      ],
      "geocent_time": [
        0.021814565936144475
      ]
    }
  }
}