{
  "injections": {
    "__dataframe__": true,
    "content": {
      "simulation_id": [
        0
      ],
      "luminosity_distance": [
        193.95416624549176
      ],
      "timeshift": [
        -0.379973216179883
      ],
      "supernova_mag_boost": [
        -0.4430153064572764
      ],
      "geocent_time": [
        0.06114475422962265
      ]
    }
  }
}