{
  "injections": {
    "__dataframe__": true,
    "content": {
      "simulation_id": [
        0
      ],
      "luminosity_distance": [
        875.5840954076139
      ],
      "timeshift": [
        -0.375984554047347
      ],
      "log10_Menv": [
        -1.247317412044357
      ],
      "log10_Renv": [
        12.75020302818411
      ],
      "log10_Ee": [
        51.34950336674673
      ],
      "geocent_time": [
        0.01659116928507036
      ]
    }
  }
}