{
  "injections": {
    "__dataframe__": true,
    "content": {
      "simulation_id": [
        0
      ],
      "luminosity_distance": [
        184.72583136430183
      ],
      "timeshift": [
        0.5942506423916085
      ],
      "inclination_EM": [
        0.09340225216402334
      ],
      "log10_E0": [
        53.0
      ],
      "thetaCore": [
        0.05
      ],
      "thetaWing": [
        0.1
      ],
      "log10_n0": [
        -0.6526633870994694
      ],
      "p": [
        2.4689987193700453
      ],
      "log10_epsilon_e": [
        -0.7440838852122393
      ],
      "log10_epsilon_B": [
        -0.8567042628015522
      ],
      "ksiN": [
        1.0
      ],
      "L0": [
        0.0
      ],
      "dL": [
        3.09e+19
      ],
      "b": [
        6.0
      ],
      "q": [
        0.0
      ],
      "ts": [
        0.0
      ],
      "geocent_time": [
        0.015559156084357165
      ]
    }
  }
}