{
  "injections": {
    "__dataframe__": true,
    "content": {
      "simulation_id": [
        0
      ],
      "luminosity_distance": [
        2.223778910925537
      ],
      "KNphi": [
        22.8611696139636
      ],
      "inclination_EM": [
        0.1213535379572694
      ],
      "timeshift": [
        -0.18276971206383652
      ],
      "log10_mej_dyn": [
        -2.5050685855168022
      ],
      "log10_mej_wind": [
        -1.6561649705751267
      ],
      "geocent_time": [
        0.002494425468690123
      ]
    }
  }
}