{
  "injections": {
    "__dataframe__": true,
    "content": {
      "simulation_id": [
        0
      ],
      "luminosity_distance": [
        8.358206562143526
      ],
      "KNphi": [
        44.35233531546719
      ],
      "inclination_EM": [
        0.04179674246083012
      ],
      "timeshift": [
        -0.8875539874937193
      ],
      "log10_mej_dyn": [
        -1.6484683411178738
      ],
      "log10_mej_wind": [
        -2.4803633368487095
      ],
      "geocent_time": [
        -0.06043268369564514
      ]
    }
  }
}