{
  "injections": {
    "__dataframe__": true,
    "content": {
      "simulation_id": [
        0
      ],
      "luminosity_distance": [
        174.21118161489187
      ],
      "timeshift": [
        0.8343420981728825
      ],
      "inclination_EM": [
        0.14763782399001382
      ],
      "log10_E0": [
        53.0
      ],
      "thetaCore": [
        0.05
      ],
      "thetaWing": [
        0.1
      ],
      "log10_n0": [
        -2.377686598675215
      ],
      "p": [
        2.4204580984953017
      ],
      "log10_epsilon_e": [
        -0.9543258386355671
      ],
      "log10_epsilon_B": [
        -2.932049616047872
      ],
      "ksiN": [
        1.0
      ],
      "L0": [
        0.0
      ],
      "dL": [
        3.09e+19
      ],
      "b": [
        6.0
      ],
      "q": [
        0.0
      ],
      "ts": [
        0.0
      ],
      "geocent_time": [
        -0.0418537236704279
      ]
    }
  }
}