{
  "injections": {
    "__dataframe__": true,
    "content": {
      "simulation_id": [
        0
      ],
      "luminosity_distance": [
        7.923388865308166
      ],
      "KNphi": [
        23.358837429052016
      ],
      "inclination_EM": [
        0.40100829689273476
      ],
      "timeshift": [
        -1.153487075674068
      ],
      "log10_mej_dyn": [
        -1.0483837857319538
      ],
      "log10_mej_wind": [
        -2.917528879727264
      ],
      "geocent_time": [
        -0.054727225950496644
      ]
    }
  }
}