{
  "injections": {
    "__dataframe__": true,
    "content": {
      "simulation_id": [
        0
      ],
      "luminosity_distance": [
        168.66819422448614
      ],
      "timeshift": [
        0.27293946485994003
      ],
      "inclination_EM": [
        0.06513666988917534
      ],
      "log10_E0": [
        53.0
      ],
      "thetaCore": [
        0.05
      ],
      "thetaWing": [
        0.1
      ],
      "log10_n0": [
        1.9238056644028854
      ],
      "p": [
        2.9458180477438436
      ],
      "log10_epsilon_e": [
        -1.468899425605337
      ],
      "log10_epsilon_B": [
        -2.236712893398452
      ],
      "ksiN": [
        1.0
      ],
      "L0": [
        0.0
      ],
      "dL": [
        3.09e+19
      ],
      "b": [
        6.0
      ],
      "q": [
        0.0
      ],
      "ts": [
        0.0
      ],
      "geocent_time": [
        0.04141437183107727
      ]
    }
  }
}