{
  "injections": {
    "__dataframe__": true,
    "content": {
      "simulation_id": [
        0
      ],
      "luminosity_distance": [
        429.35453038111115
      ],
      "timeshift": [
        -0.47649456565250015
      ],
      "log10_Menv": [
        -1.851854792430292
      ],
      "log10_Renv": [
        14.373984348426362
      ],
      "log10_Ee": [
        49.707379552942264
      ],
      "geocent_time": [
        0.07816524876543451
      ]
    }
  }
}