{
  "injections": {
    "__dataframe__": true,
    "content": {
      "simulation_id": [
        0
      ],
      "luminosity_distance": [
        767.1033208153989
      ],
      "timeshift": [
        -1.387848943144979
      ],
      "log10_Menv": [
        -1.0005671913518506
      ],
      "log10_Renv": [
        11.010651657195163
      ],
      "log10_Ee": [
        48.41938329425742
      ],
      "geocent_time": [
        -0.0893678833873876
      ]
    }
  }
}