{
  "injections": {
    "__dataframe__": true,
    "content": {
      "simulation_id": [
        0
      ],
      "luminosity_distance": [
        2.52556880497138
      ],
      "KNphi": [
        41.656751597360504
      ],
      "inclination_EM": [
        0.4350446346489956
      ],
      "timeshift": [
        -1.8288611838394617
      ],
      "log10_mej_dyn": [
        -2.6059705503963135
      ],
      "log10_mej_wind": [
        -1.98684425554672
      ],
      "geocent_time": [
        -0.057075235912095824
      ]
    }
  }
}