{
  "injections": {
    "__dataframe__": true,
    "content": {
      "simulation_id": [
        0
      ],
      "luminosity_distance": [
        161.48561189676283
      ],
      "timeshift": [
        0.16724091639422092
      ],
      "inclination_EM": [
        0.18054112455984792
      ],
      "log10_E0": [
        53.0
      ],
      "thetaCore": [
        0.05
      ],
      "thetaWing": [
        0.1
      ],
      "log10_n0": [
        -2.8295646771530154
      ],
      "p": [
        2.778028202507785
      ],
      "log10_epsilon_e": [
        -0.7977700364031035
      ],
      "log10_epsilon_B": [
        -1.5356647907481324
      ],
      "ksiN": [
        1.0
      ],
      "L0": [
        0.0
      ],
      "dL": [
        3.09e+19
      ],
      "b": [
        6.0
      ],
      "q": [
        0.0
      ],
      "ts": [
        0.0
      ],
      "geocent_time": [
        -0.07129720574470562
      ]
    }
  }
}