{
  "injections": {
    "__dataframe__": true,
    "content": {
      "simulation_id": [
        0
      ],
      "luminosity_distance": [
        181.13542809580693
      ],
      "timeshift": [
        0.6841443430414198
      ],
      "inclination_EM": [
        0.15626896951425043
      ],
      "log10_E0": [
        53.0
      ],
      "thetaCore": [
        0.05
      ],
      "thetaWing": [
        0.1
      ],
      "log10_n0": [
        2.0474878142105304
      ],
      "p": [
        2.8278917940795867
      ],
      "log10_epsilon_e": [
        -1.7572951600455438
      ],
      "log10_epsilon_B": [
        -0.6746663455035233
      ],
      "ksiN": [
        1.0
      ],
      "L0": [
        0.0
      ],
      "dL": [
        3.09e+19
      ],
      "b": [
        6.0
      ],
      "q": [
        0.0
      ],
      "ts": [
        0.0
      ],
      "geocent_time": [
        -0.04615714511636489
      ]
    }
  }
}