{
  "injections": {
    "__dataframe__": true,
    "content": {
      "simulation_id": [
        0
      ],
      "luminosity_distance": [
        150.7320073913654
      ],
      "timeshift": [
        0.5247272916905709
      ],
      "inclination_EM": [
        0.14999485535650522
      ],
      "log10_E0": [
        53.0
      ],
      "thetaCore": [
        0.05
      ],
      "thetaWing": [
        0.1
      ],
      "log10_n0": [
        1.5954561504199196
      ],
      "p": [
        2.2793469790217715
      ],
      "log10_epsilon_e": [
        -0.5243315241519486
      ],
      "log10_epsilon_B": [
        -2.5739749376960597
      ],
      "ksiN": [
        1.0
      ],
      "L0": [
        0.0
      ],
      "dL": [
        3.09e+19
      ],
      "b": [
        6.0
      ],
      "q": [
        0.0
      ],
      "ts": [
        0.0
      ],
      "geocent_time": [
        -0.009858733304084086
      ]
    }
  }
}