{
  "injections": {
    "__dataframe__": true,
    "content": {
      "simulation_id": [
        0
      ],
      "luminosity_distance": [
        7.580962373990754
      ],
      "KNphi": [
        29.281131515024917
      ],
      "inclination_EM": [
        0.44719790695385764
      ],
      "timeshift": [
        -1.4234630827660641
      ],
      "log10_mej_dyn": [
        -2.7165864845368963
      ],
      "log10_mej_wind": [
        -1.75968014849124
      ],
      "geocent_time": [
        -0.009943701082783668
      ]
    }
  }
}