{
  "injections": {
    "__dataframe__": true,
    "content": {
      "simulation_id": [
        0
      ],
      "luminosity_distance": [
        161.66767204211573
      ],
      "timeshift": [
        -0.767308704665993
      ],
      "supernova_mag_boost": [
        3.1850943451181806
      ],
      "geocent_time": [
        0.0005401797898348937
      ]
    }
  }
}