{
  "injections": {
    "__dataframe__": true,
    "content": {
      "simulation_id": [
        0
      ],
      "luminosity_distance": [
        183.4067276475452
      ],
      "timeshift": [
        -0.34929083904544145
      ],
      "supernova_mag_boost": [
        0.15686593731444542
      ],
      "geocent_time": [
        0.07901582777806512
      ]
    }
  }
}