{
  "injections": {
    "__dataframe__": true,
    "content": {
      "simulation_id": [
        0
      ],
      "luminosity_distance": [
        155.23545231955174
      ],
      "timeshift": [
        -0.5404137521183141
      ],
      "supernova_mag_boost": [
        4.825373211176089
      ],
      "geocent_time": [
        0.0651678685229293
      ]
    }
  }
}