{
  "injections": {
    "__dataframe__": true,
    "content": {
      "simulation_id": [
        0
      ],
      "luminosity_distance": [
        305.32887812387213
      ],
      "timeshift": [
        -0.33738553582529573
      ],
      "log10_Menv": [
        -3.837264934878065
      ],
      "log10_Renv": [
        10.337190649195191
      ],
      "log10_Ee": [
        47.32294754753735
      ],
      "geocent_time": [
        -0.00037014183939336476
      ]
    }
  }
}