{
  "injections": {
    "__dataframe__": true,
    "content": {
      "simulation_id": [
        0
      ],
      "luminosity_distance": [
        189.60521962678786
      ],
      "timeshift": [
        0.9817824046593897
      ],
      "supernova_mag_boost": [
        3.509308832718359
      ],
      "geocent_time": [
        -0.07111379550349284
      ]
    }
  }
}