{
  "injections": {
    "__dataframe__": true,
    "content": {
      "simulation_id": [
        0
      ],
      "luminosity_distance": [
        150.44071006450156
      ],
      "timeshift": [
        0.6957702643377764
      ],
      "inclination_EM": [
        0.15370020723526234
      ],
      "log10_E0": [
        53.0
      ],
      "thetaCore": [
        0.05
      ],
      "thetaWing": [
        0.1
      ],
      "log10_n0": [
        2.6182955755835966
      ],
      "p": [
        2.642331466094342
      ],
      "log10_epsilon_e": [
        -1.8622374669151458
      ],
      "log10_epsilon_B": [
        -2.861586362748389
      ],
      "ksiN": [
        1.0
      ],
      "L0": [
        0.0
      ],
      "dL": [
        3.09e+19
      ],
      "b": [
        6.0
      ],
      "q": [
        0.0
      ],
      "ts": [
        0.0
      ],
      "geocent_time": [
        0.07811356630800359
      ]
    }
  }
}