{
  "injections": {
    "__dataframe__": true,
    "content": {
      "simulation_id": [
        0
      ],
      "luminosity_distance": [
        5.576322637428957
      ],
      "KNphi": [
        29.637018935438686
      ],
      "inclination_EM": [
        0.475689202646735
      ],
      "timeshift": [
        -1.021057377344163
      ],
      "log10_mej_dyn": [
        -2.3542637104427273
      ],
      "log10_mej_wind": [
        -0.9225612507831924
      ],
      "geocent_time": [
        0.01671836289516812
      ]
    }
  }
}