{
  "injections": {
    "__dataframe__": true,
    "content": {
      "simulation_id": [
        0
      ],
      "luminosity_distance": [
        178.67630699290862
      ],
      "timeshift": [
        0.5922727250405002
      ],
      "inclination_EM": [
        0.12009960495775554
      ],
      "log10_E0": [
        53.0
      ],
      "thetaCore": [
        0.05
      ],
      "thetaWing": [
        0.1
      ],
      "log10_n0": [
        -2.147040398715211
      ],
      "p": [
        2.1043156280629396
      ],
      "log10_epsilon_e": [
        -2.227512762692464
      ],
      "log10_epsilon_B": [
        -1.8741146356253
      ],
      "ksiN": [
        1.0
      ],
      "L0": [
        0.0
      ],
      "dL": [
        3.09e+19
      ],
      "b": [
        6.0
      ],
      "q": [
        0.0
      ],
      "ts": [
        0.0
      ],
      "geocent_time": [
        0.0366891211201687
      ]
    }
  }
}