{
  "injections": {
    "__dataframe__": true,
    "content": {
      "simulation_id": [
        0
      ],
      "luminosity_distance": [
        7.366289692859077
      ],
      "KNphi": [
        41.283193905152785
      ],
      "inclination_EM": [
        0.6678441602102928
      ],
      "timeshift": [
        -1.1829336409858784
      ],
      "log10_mej_dyn": [
        -1.8423015099624496
      ],
      "log10_mej_wind": [
        -1.3427661193130154
      ],
      "geocent_time": [
        -0.05951269362582508
      ]
    }
  }
}