{
  "injections": {
    "__dataframe__": true,
    "content": {
      "simulation_id": [
        0
      ],
      "luminosity_distance": [
        175.14630666255727
      ],
      "timeshift": [
        0.18636995844815485
      ],
      "supernova_mag_boost": [
        1.3595707509244264
      ],
      "geocent_time": [
        -0.013997249199877743
      ]
    }
  }
}