{
  "injections": {
    "__dataframe__": true,
    "content": {
      "simulation_id": [
        0
      ],
      "luminosity_distance": [
        617.1309680558498
      ],
      "timeshift": [
        -1.7658202718853055
      ],
      "log10_Menv": [
        -1.4790625477972092
      ],
      "log10_Renv": [
        12.228376872507605
      ],
      "log10_Ee": [
        49.26847295684694
      ],
      "geocent_time": [
        0.011356730668615311
      ]
    }
  }
}