{
  "injections": {
    "__dataframe__": true,
    "content": {
      "simulation_id": [
        0
      ],
      "luminosity_distance": [
        8.414484545026347
      ],
      "KNphi": [
        40.46103020616071
      ],
      "inclination_EM": [
        0.4842974862591613
      ],
      "timeshift": [
        0.5555066781068252
      ],
      "log10_mej_dyn": [
        -2.6325605427659244
      ],
      "log10_mej_wind": [
        -1.3791831142099498
      ],
      "geocent_time": [
        0.06082937384764642
      ]
    }
  }
}