{
  "injections": {
    "__dataframe__": true,
    "content": {
      "simulation_id": [
        0
      ],
      "luminosity_distance": [
        191.29461974506097
      ],
      "timeshift": [
        0.21815554662829761
      ],
      "supernova_mag_boost": [
        3.554175850825617
      ],
      "geocent_time": [
        0.07754754833173244
      ]
    }
  }
}