{
  "injections": {
    "__dataframe__": true,
    "content": {
      "simulation_id": [
        0
      ],
      "luminosity_distance": [
        181.7777439145304
      ],
      "timeshift": [
        0.41692993894465735
      ],
      "inclination_EM": [
        0.1391665724576179
      ],
      "log10_E0": [
        53.0
      ],
      "thetaCore": [
        0.05
      ],
      "thetaWing": [
        0.1
      ],
      "log10_n0": [
        2.5637373431955632
      ],
      "p": [
        2.537647325768266
      ],
      "log10_epsilon_e": [
        -2.0891257187265384
      ],
      "log10_epsilon_B": [
        -2.8785203118569362
      ],
      "ksiN": [
        1.0
      ],
      "L0": [
        0.0
      ],
      "dL": [
        3.09e+19
      ],
      "b": [
        6.0
      ],
      "q": [
        0.0
      ],
      "ts": [
        0.0
      ],
      "geocent_time": [
        0.08065637446631754
      ]
    }
  }
}