{
  "injections": {
    "__dataframe__": true,
    "content": {
      "simulation_id": [
        0
      ],
      "luminosity_distance": [
        167.0626287781923
      ],
      "timeshift": [
        0.686284813437944
      ],
      "inclination_EM": [
        0.10304626302465168
      ],
      "log10_E0": [
        53.0
      ],
      "thetaCore": [
        0.05
      ],
      "thetaWing": [
        0.1
      ],
      "log10_n0": [
        -2.8573077983739297
      ],
      "p": [
        2.746534996820944
      ],
      "log10_epsilon_e": [
        -0.7713780747908956
      ],
      "log10_epsilon_B": [
        -2.939968300727824
      ],
      "ksiN": [
        1.0
      ],
      "L0": [
        0.0
      ],
      "dL": [
        3.09e+19
      ],
      "b": [
        6.0
      ],
      "q": [
        0.0
      ],
      "ts": [
        0.0
      ],
      "geocent_time": [
        0.01054010524476609
      ]
    }
  }
}