{
  "injections": {
    "__dataframe__": true,
    "content": {
      "simulation_id": [
        0
      ],
      "luminosity_distance": [
        166.4623649698206
      ],
      "timeshift": [
        0.7444952818819701
      ],
      "inclination_EM": [
        0.05880045441788629
      ],
      "log10_E0": [
        53.0
      ],
      "thetaCore": [
        0.05
      ],
      "thetaWing": [
        0.1
      ],
      "log10_n0": [
        -0.11597283180911155
      ],
      "p": [
        2.931773471354367
      ],
      "log10_epsilon_e": [
        -2.1284820970297806
      ],
      "log10_epsilon_B": [
        -0.7455752425813076
      ],
      "ksiN": [
        1.0
      ],
      "L0": [
        0.0
      ],
      "dL": [
        3.09e+19
      ],
      "b": [
        6.0
      ],
      "q": [
        0.0
      ],
      "ts": [
        0.0
      ],
      "geocent_time": [
        0.0855712499028913
      ]
    }
  }
}