{
  "injections": {
    "__dataframe__": true,
    "content": {
      "simulation_id": [
        0
      ],
      "luminosity_distance": [
        172.62569066091956
      ],
      "timeshift": [
        0.7275645384974913
      ],
      "inclination_EM": [
        0.04348625786283545
      ],
      "log10_E0": [
        53.0
      ],
      "thetaCore": [
        0.05
      ],
      "thetaWing": [
        0.1
      ],
      "log10_n0": [
        -0.30854161500481503
      ],
      "p": [
        2.2907546128333975
      ],
      "log10_epsilon_e": [
        -1.9945013569796175
      ],
      "log10_epsilon_B": [
        -0.5120596534222184
      ],
      "ksiN": [
        1.0
      ],
      "L0": [
        0.0
      ],
      "dL": [
        3.09e+19
      ],
      "b": [
        6.0
      ],
      "q": [
        0.0
      ],
      "ts": [
        0.0
      ],
      "geocent_time": [
        0.07657879022007513
      ]
    }
  }
}