{
  "injections": {
    "__dataframe__": true,
    "content": {
      "simulation_id": [
        0
      ],
      "luminosity_distance": [
        184.40559226146303
      ],
      "timeshift": [
        0.7879290758578651
      ],
      "inclination_EM": [
        0.06550351244810852
      ],
      "log10_E0": [
        53.0
      ],
      "thetaCore": [
        0.05
      ],
      "thetaWing": [
        0.1
      ],
      "log10_n0": [
        -0.8588442378552399
      ],
      "p": [
        2.8930718222041096
      ],
      "log10_epsilon_e": [
        -0.9836465217163082
      ],
      "log10_epsilon_B": [
        -0.4592874369704929
      ],
      "ksiN": [
        1.0
      ],
      "L0": [
        0.0
      ],
      "dL": [
        3.09e+19
      ],
      "b": [
        6.0
      ],
      "q": [
        0.0
      ],
      "ts": [
        0.0
      ],
      "geocent_time": [
        0.04736081766133671
      ]
    }
  }
}