{
  "injections": {
    "__dataframe__": true,
    "content": {
      "simulation_id": [
        0
      ],
      "luminosity_distance": [
        181.13936817307524
      ],
      "timeshift": [
        0.31652064900127486
      ],
      "inclination_EM": [
        0.06474105935406055
      ],
      "log10_E0": [
        53.0
      ],
      "thetaCore": [
        0.05
      ],
      "thetaWing": [
        0.1
      ],
      "log10_n0": [
        -2.5309089434837606
      ],
      "p": [
        2.218417021629801
      ],
      "log10_epsilon_e": [
        -0.9123237433133826
      ],
      "log10_epsilon_B": [
        -2.403621907810346
      ],
      "ksiN": [
        1.0
      ],
      "L0": [
        0.0
      ],
      "dL": [
        3.09e+19
      ],
      "b": [
        6.0
      ],
      "q": [
        0.0
      ],
      "ts": [
        0.0
      ],
      "geocent_time": [
        -0.026559721283019408
      ]
    }
  }
}