{
  "injections": {
    "__dataframe__": true,
    "content": {
      "simulation_id": [
        0
      ],
      "luminosity_distance": [
        391.6925434128222
      ],
      "timeshift": [
        -1.6225141620963317
      ],
      "log10_Menv": [
        -0.7828753179622101
      ],
      "log10_Renv": [
        13.656417753203685
      ],
      "log10_Ee": [
        51.299002159837364
      ],
      "geocent_time": [
        0.06334709215109513
      ]
    }
  }
}