{
  "injections": {
    "__dataframe__": true,
    "content": {
      "simulation_id": [
        0
      ],
      "luminosity_distance": [
        172.20185966178474
      ],
      "timeshift": [
        0.6637108967322098
      ],
      "inclination_EM": [
        0.15019938523590784
      ],
      "log10_E0": [
        53.0
      ],
      "thetaCore": [
        0.05
      ],
      "thetaWing": [
        0.1
      ],
      "log10_n0": [
        1.446168999293663
      ],
      "p": [
        2.039526848721921
      ],
      "log10_epsilon_e": [
        -0.4668248338249392
      ],
      "log10_epsilon_B": [
        -1.4712487877413656
      ],
      "ksiN": [
        1.0
      ],
      "L0": [
        0.0
      ],
      "dL": [
        3.09e+19
      ],
      "b": [
        6.0
      ],
      "q": [
        0.0
      ],
      "ts": [
        0.0
      ],
      "geocent_time": [
        0.0132104242425551
      ]
    }
  }
}