{
  "injections": {
    "__dataframe__": true,
    "content": {
      "simulation_id": [
        0
      ],
      "luminosity_distance": [
        172.77560447289005
      ],
      "timeshift": [
        0.39155425129680466
      ],
      "inclination_EM": [
        0.13061032948436382
      ],
      "log10_E0": [
        53.0
      ],
      "thetaCore": [
        0.05
      ],
      "thetaWing": [
        0.1
      ],
      "log10_n0": [
        1.2425697730724803
      ],
      "p": [
        2.2302529261904267
      ],
      "log10_epsilon_e": [
        -0.8831554077188581
      ],
      "log10_epsilon_B": [
        -2.183528188702318
      ],
      "ksiN": [
        1.0
      ],
      "L0": [
        0.0
      ],
      "dL": [
        3.09e+19
      ],
      "b": [
        6.0
      ],
      "q": [
        0.0
      ],
      "ts": [
        0.0
      ],
      "geocent_time": [
        0.06627757555574007
      ]
    }
  }
}