{
  "injections": {
    "__dataframe__": true,
    "content": {
      "simulation_id": [
        0
      ],
      "luminosity_distance": [
        157.0560280330797
      ],
      "timeshift": [
        0.023681869458657148
      ],
      "inclination_EM": [
        0.17317946541737517
      ],
      "log10_E0": [
        53.0
      ],
      "thetaCore": [
        0.05
      ],
      "thetaWing": [
        0.1
      ],
      "log10_n0": [
        0.9512684192292102
      ],
      "p": [
        2.077719711434163
      ],
      "log10_epsilon_e": [
        -1.446678757980567
      ],
      "log10_epsilon_B": [
        -1.5433594543385394
      ],
      "ksiN": [
        1.0
      ],
      "L0": [
        0.0
      ],
      "dL": [
        3.09e+19
      ],
      "b": [
        6.0
      ],
      "q": [
        0.0
      ],
      "ts": [
        0.0
      ],
      "geocent_time": [
        0.0352144841662726
      ]
    }
  }
}