{
  "injections": {
    "__dataframe__": true,
    "content": {
      "simulation_id": [
        0
      ],
      "luminosity_distance": [
        178.26142512746725
      ],
      "timeshift": [
        0.6917714520860689
      ],
      "inclination_EM": [
        0.09600841492492236
      ],
      "log10_E0": [
        53.0
      ],
      "thetaCore": [
        0.05
      ],
      "thetaWing": [
        0.1
      ],
      "log10_n0": [
        -2.77676766820434
      ],
      "p": [
        2.0494612477531984
      ],
      "log10_epsilon_e": [
        -0.15643279366572305
      ],
      "log10_epsilon_B": [
        -1.0496215018574562
      ],
      "ksiN": [
        1.0
      ],
      "L0": [
        0.0
      ],
      "dL": [
        3.09e+19
      ],
      "b": [
        6.0
      ],
      "q": [
        0.0
      ],
      "ts": [
        0.0
      ],
      "geocent_time": [
        0.036540035864014775
      ]
    }
  }
}