{
  "injections": {
    "__dataframe__": true,
    "content": {
      "simulation_id": [
        0
      ],
      "luminosity_distance": [
        155.2960583357719
      ],
      "timeshift": [
        0.4931412353547656
      ],
      "inclination_EM": [
        0.09516924941362964
      ],
      "log10_E0": [
        53.0
      ],
      "thetaCore": [
        0.05
      ],
      "thetaWing": [
        0.1
      ],
      "log10_n0": [
        1.8795931139898174
      ],
      "p": [
        2.360276173446603
      ],
      "log10_epsilon_e": [
        -0.7762762856027723
      ],
      "log10_epsilon_B": [
        -2.495196444174378
      ],
      "ksiN": [
        1.0
      ],
      "L0": [
        0.0
      ],
      "dL": [
        3.09e+19
      ],
      "b": [
        6.0
      ],
      "q": [
        0.0
      ],
      "ts": [
        0.0
      ],
      "geocent_time": [
        0.090754686113523
      ]
    }
  }
}