{
  "injections": {
    "__dataframe__": true,
    "content": {
      "simulation_id": [
        0
      ],
      "luminosity_distance": [
        153.77752062694987
      ],
      "timeshift": [
        0.8394197926831111
      ],
      "inclination_EM": [
        0.13069486009472064
      ],
      "log10_E0": [
        53.0
      ],
      "thetaCore": [
        0.05
      ],
      "thetaWing": [
        0.1
      ],
      "log10_n0": [
        -0.7661067126671952
      ],
      "p": [
        2.6552806176177985
      ],
      "log10_epsilon_e": [
        -1.3455074974812469
      ],
      "log10_epsilon_B": [
        -0.4169791487968131
      ],
      "ksiN": [
        1.0
      ],
      "L0": [
        0.0
      ],
      "dL": [
        3.09e+19
      ],
      "b": [
        6.0
      ],
      "q": [
        0.0
      ],
      "ts": [
        0.0
      ],
      "geocent_time": [
        -0.08017689462998279
      ]
    }
  }
}