{
  "injections": {
    "__dataframe__": true,
    "content": {
      "simulation_id": [
        0
      ],
      "luminosity_distance": [
        165.15733728155195
      ],
      "timeshift": [
        0.9012625288310736
      ],
      "supernova_mag_boost": [
        -3.2159117421873695
      ],
      "geocent_time": [
        -0.016845153625960133
      ]
    }
  }
}