{
  "injections": {
    "__dataframe__": true,
    "content": {
      "simulation_id": [
        0
      ],
      "luminosity_distance": [
        167.16224483088126
      ],
      "timeshift": [
        0.4647519063756115
      ],
      "inclination_EM": [
        0.16158445507755947
      ],
      "log10_E0": [
        53.0
      ],
      "thetaCore": [
        0.05
      ],
      "thetaWing": [
        0.1
      ],
      "log10_n0": [
        0.6977338658449614
      ],
      "p": [
        2.3462359000334523
      ],
      "log10_epsilon_e": [
        -1.6496162934972665
      ],
      "log10_epsilon_B": [
        -2.620128730685102
      ],
      "ksiN": [
        1.0
      ],
      "L0": [
        0.0
      ],
      "dL": [
        3.09e+19
      ],
      "b": [
        6.0
      ],
      "q": [
        0.0
      ],
      "ts": [
        0.0
      ],
      "geocent_time": [
        0.07471886821892151
      ]
    }
  }
}