{
  "injections": {
    "__dataframe__": true,
    "content": {
      "simulation_id": [
        0
      ],
      "luminosity_distance": [
        175.36752498680283
      ],
      "timeshift": [
        0.2240397543426608
      ],
      "inclination_EM": [
        0.11306071416555388
      ],
      "log10_E0": [
        53.0
      ],
      "thetaCore": [
        0.05
      ],
      "thetaWing": [
        0.1
      ],
      "log10_n0": [
        -2.3233190916973463
      ],
      "p": [
        2.2969747037128903
      ],
      "log10_epsilon_e": [
        -0.120635681940779
      ],
      "log10_epsilon_B": [
        -2.2896029161249722
      ],
      "ksiN": [
        1.0
      ],
      "L0": [
        0.0
      ],
      "dL": [
        3.09e+19
      ],
      "b": [
        6.0
      ],
      "q": [
        0.0
      ],
      "ts": [
        0.0
      ],
      "geocent_time": [
        0.06358669308343082
      ]
    }
  }
}