{
  "injections": {
    "__dataframe__": true,
    "content": {
      "simulation_id": [
        0
      ],
      "luminosity_distance": [
        156.59072220155258
      ],
      "timeshift": [
        -0.4894755267040014
      ],
      "supernova_mag_boost": [
        -4.806146072672524
      ],
      "geocent_time": [
        -0.07918295363483308
      ]
    }
  }
}