{
  "injections": {
    "__dataframe__": true,
    "content": {
      "simulation_id": [
        0
      ],
      "luminosity_distance": [
        16.66157776318189
      ],
      "timeshift": [
        -0.9412417775471065
      ],
      "log10_Menv": [
        -0.7155148682444699
      ],
      "log10_Renv": [
        14.018809764078224
      ],
      "log10_Ee": [
        51.110642195508795
      ],
      "geocent_time": [
        -0.08710256662031904
      ]
    }
  }
}