{
  "injections": {
    "__dataframe__": true,
    "content": {
      "simulation_id": [
        0
      ],
      "luminosity_distance": [
        172.366908100854
      ],
      "timeshift": [
        0.49590718035391124
      ],
      "inclination_EM": [
        0.12508274716762086
      ],
      "log10_E0": [
        53.0
      ],
      "thetaCore": [
        0.05
      ],
      "thetaWing": [
        0.1
      ],
      "log10_n0": [
        -1.4676097532261663
      ],
      "p": [
        2.594747983162181
      ],
      "log10_epsilon_e": [
        -0.54635004784005
      ],
      "log10_epsilon_B": [
        -1.2657772593151353
      ],
      "ksiN": [
        1.0
      ],
      "L0": [
        0.0
      ],
      "dL": [
        3.09e+19
      ],
      "b": [
        6.0
      ],
      "q": [
        0.0
      ],
      "ts": [
        0.0
      ],
      "geocent_time": [
        0.053711599176826524
      ]
    }
  }
}