{
  "injections": {
    "__dataframe__": true,
    "content": {
      "simulation_id": [
        0
      ],
      "luminosity_distance": [
        170.40181623312083
      ],
      "timeshift": [
        0.37161217981418493
      ],
      "inclination_EM": [
        0.117427751504256
      ],
      "log10_E0": [
        53.0
      ],
      "thetaCore": [
        0.05
      ],
      "thetaWing": [
        0.1
      ],
      "log10_n0": [
        0.9243891945182883
      ],
      "p": [
        2.052874453034411
      ],
      "log10_epsilon_e": [
        -1.8154677805736876
      ],
      "log10_epsilon_B": [
        -1.8547439037312101
      ],
      "ksiN": [
        1.0
      ],
      "L0": [
        0.0
      ],
      "dL": [
        3.09e+19
      ],
      "b": [
        6.0
      ],
      "q": [
        0.0
      ],
      "ts": [
        0.0
      ],
      "geocent_time": [
        -0.09028022034853263
      ]
    }
  }
}