{
  "injections": {
    "__dataframe__": true,
    "content": {
      "simulation_id": [
        0
      ],
      "luminosity_distance": [
        173.49019640627705
      ],
      "timeshift": [
        0.1842335163760984
      ],
      "inclination_EM": [
        0.0867682832727522
      ],
      "log10_E0": [
        53.0
      ],
      "thetaCore": [
        0.05
      ],
      "thetaWing": [
        0.1
      ],
      "log10_n0": [
        -2.2773224928191382
      ],
      "p": [
        2.1776134935002163
      ],
      "log10_epsilon_e": [
        -0.6622879048930566
      ],
      "log10_epsilon_B": [
        -2.346468795625104
      ],
      "ksiN": [
        1.0
      ],
      "L0": [
        0.0
      ],
      "dL": [
        3.09e+19
      ],
      "b": [
        6.0
      ],
      "q": [
        0.0
      ],
      "ts": [
        0.0
      ],
      "geocent_time": [
        -0.009658771030172514
      ]
    }
  }
}