{
  "injections": {
    "__dataframe__": true,
    "content": {
      "simulation_id": [
        0
      ],
      "luminosity_distance": [
        167.72636789823457
      ],
      "timeshift": [
        0.2096204066443983
      ],
      "supernova_mag_boost": [
        -4.298075560793212
      ],
      "geocent_time": [
        -0.07022319564097096
      ]
    }
  }
}