{
  "injections": {
    "__dataframe__": true,
    "content": {
      "simulation_id": [
        0
      ],
      "luminosity_distance": [
        167.5567923727032
      ],
      "timeshift": [
        0.8940270996058718
      ],
      "inclination_EM": [
        0.1879695258391767
      ],
      "log10_E0": [
        53.0
      ],
      "thetaCore": [
        0.05
      ],
      "thetaWing": [
        0.1
      ],
      "log10_n0": [
        -0.13115882052644867
      ],
      "p": [
        2.316907845771528
      ],
      "log10_epsilon_e": [
        -1.529738774568902
      ],
      "log10_epsilon_B": [
        -2.745091670644951
      ],
      "ksiN": [
        1.0
      ],
      "L0": [
        0.0
      ],
      "dL": [
        3.09e+19
      ],
      "b": [
        6.0
      ],
      "q": [
        0.0
      ],
      "ts": [
        0.0
      ],
      "geocent_time": [
        -0.08050495991308343
      ]
    }
  }
}