{
  "injections": {
    "__dataframe__": true,
    "content": {
      "simulation_id": [
        0
      ],
      "luminosity_distance": [
        151.2312148438514
      ],
      "timeshift": [
        0.7664072430566433
      ],
      "inclination_EM": [
        0.1389364831930616
      ],
      "log10_E0": [
        53.0
      ],
      "thetaCore": [
        0.05
      ],
      "thetaWing": [
        0.1
      ],
      "log10_n0": [
        -1.0821315942319454
      ],
      "p": [
        2.2116643400293876
      ],
      "log10_epsilon_e": [
        -2.506069174127368
      ],
      "log10_epsilon_B": [
        -1.5719107323602617
      ],
      "ksiN": [
        1.0
      ],
      "L0": [
        0.0
      ],
      "dL": [
        3.09e+19
      ],
      "b": [
        6.0
      ],
      "q": [
        0.0
      ],
      "ts": [
        0.0
      ],
      "geocent_time": [
        0.012828840249733922
      ]
    }
  }
}