{
  "injections": {
    "__dataframe__": true,
    "content": {
      "simulation_id": [
        0
      ],
      "luminosity_distance": [
        8.10602670173623
      ],
      "KNphi": [
        28.514254295532446
      ],
      "inclination_EM": [
        0.6236589741288588
      ],
      "timeshift": [
        -0.5559175366463303
      ],
      "log10_mej_dyn": [
        -1.3162539099645987
      ],
      "log10_mej_wind": [
        -2.6744776709432503
      ],
      "geocent_time": [
        -0.026570704680482934
      ]
    }
  }
}