{
  "injections": {
    "__dataframe__": true,
    "content": {
      "simulation_id": [
        0
      ],
      "luminosity_distance": [
        352.02575792349467
      ],
      "timeshift": [
        -1.2682034481790692
      ],
      "log10_Menv": [
        -0.8089775395531342
      ],
      "log10_Renv": [
        13.920078644989864
      ],
      "log10_Ee": [
        51.79626458406485
      ],
      "geocent_time": [
        0.02575148562179566
      ]
    }
  }
}