{
  "injections": {
    "__dataframe__": true,
    "content": {
      "simulation_id": [
        0
      ],
      "luminosity_distance": [
        6.224713753630664
      ],
      "KNphi": [
        34.62129752596647
      ],
      "inclination_EM": [
        0.08073552238929743
      ],
      "timeshift": [
        0.6209583376535819
      ],
      "log10_mej_dyn": [
        -1.928315198531283
      ],
      "log10_mej_wind": [
        -2.042438979758651
      ],
      "geocent_time": [
        -0.039794699132800294
      ]
    }
  }
}