{
  "injections": {
    "__dataframe__": true,
    "content": {
      "simulation_id": [
        0
      ],
      "luminosity_distance": [
        180.56346461844697
      ],
      "timeshift": [
        0.9504547431859308
      ],
      "inclination_EM": [
        0.19065920372317313
      ],
      "log10_E0": [
        53.0
      ],
      "thetaCore": [
        0.05
      ],
      "thetaWing": [
        0.1
      ],
      "log10_n0": [
        0.6367031554530724
      ],
      "p": [
        2.085151715976585
      ],
      "log10_epsilon_e": [
        -1.5446868880084659
      ],
      "log10_epsilon_B": [
        -1.004900220452431
      ],
      "ksiN": [
        1.0
      ],
      "L0": [
        0.0
      ],
      "dL": [
        3.09e+19
      ],
      "b": [
        6.0
      ],
      "q": [
        0.0
      ],
      "ts": [
        0.0
      ],
      "geocent_time": [
        -0.05653492461844756
      ]
    }
  }
}