{
  "injections": {
    "__dataframe__": true,
    "content": {
      "simulation_id": [
        0
      ],
      "luminosity_distance": [
        169.00725414150807
      ],
      "timeshift": [
        0.04523513502106902
      ],
      "inclination_EM": [
        0.10513797918098948
      ],
      "log10_E0": [
        53.0
      ],
      "thetaCore": [
        0.05
      ],
      "thetaWing": [
        0.1
      ],
      "log10_n0": [
        -0.6849001243858686
      ],
      "p": [
        2.7822184771878566
      ],
      "log10_epsilon_e": [
        -1.0965294951125344
      ],
      "log10_epsilon_B": [
        -2.0222522202893463
      ],
      "ksiN": [
        1.0
      ],
      "L0": [
        0.0
      ],
      "dL": [
        3.09e+19
      ],
      "b": [
        6.0
      ],
      "q": [
        0.0
      ],
      "ts": [
        0.0
      ],
      "geocent_time": [
        -0.04294256674895874
      ]
    }
  }
}