{
  "injections": {
    "__dataframe__": true,
    "content": {
      "simulation_id": [
        0
      ],
      "luminosity_distance": [
        163.23683852304276
      ],
      "timeshift": [
        0.695649994046072
      ],
      "inclination_EM": [
        0.15720632575216573
      ],
      "log10_E0": [
        53.0
      ],
      "thetaCore": [
        0.05
      ],
      "thetaWing": [
        0.1
      ],
      "log10_n0": [
        2.3353500177103683
      ],
      "p": [
        2.2497508467307843
      ],
      "log10_epsilon_e": [
        -0.6949731668569301
      ],
      "log10_epsilon_B": [
        -1.2744895413786332
      ],
      "ksiN": [
        1.0
      ],
      "L0": [
        0.0
      ],
      "dL": [
        3.09e+19
      ],
      "b": [
        6.0
      ],
      "q": [
        0.0
      ],
      "ts": [
        0.0
      ],
      "geocent_time": [
        0.0942594946140009
      ]
    }
  }
}