{
  "injections": {
    "__dataframe__": true,
    "content": {
      "simulation_id": [
        0
      ],
      "luminosity_distance": [
        6.5683235424451105
      ],
      "KNphi": [
        21.18155520235249
      ],
      "inclination_EM": [
        0.771221148806253
      ],
      "timeshift": [
        0.6646053314525253
      ],
      "log10_mej_dyn": [
        -2.9463370801695437
      ],
      "log10_mej_wind": [
        -0.5006503576728614
      ],
      "geocent_time": [
        0.04243512014711287
      ]
    }
  }
}