{
  "injections": {
    "__dataframe__": true,
    "content": {
      "simulation_id": [
        0
      ],
      "luminosity_distance": [
        180.9557527254717
      ],
      "timeshift": [
        0.7492426120255923
      ],
      "inclination_EM": [
        0.1666567417092713
      ],
      "log10_E0": [
        53.0
      ],
      "thetaCore": [
        0.05
      ],
      "thetaWing": [
        0.1
      ],
      "log10_n0": [
        2.7375500578827214
      ],
      "p": [
        2.3467296476683197
      ],
      "log10_epsilon_e": [
        -0.883790077925755
      ],
      "log10_epsilon_B": [
        -1.1721506255008345
      ],
      "ksiN": [
        1.0
      ],
      "L0": [
        0.0
      ],
      "dL": [
        3.09e+19
      ],
      "b": [
        6.0
      ],
      "q": [
        0.0
      ],
      "ts": [
        0.0
      ],
      "geocent_time": [
        0.08056850708198521
      ]
    }
  }
}