{
  "injections": {
    "__dataframe__": true,
    "content": {
      "simulation_id": [
        0
      ],
      "luminosity_distance": [
        150.3235014815397
      ],
      "timeshift": [
        0.4125597521623172
      ],
      "inclination_EM": [
        0.17838809578920414
      ],
      "log10_E0": [
        53.0
      ],
      "thetaCore": [
        0.05
      ],
      "thetaWing": [
        0.1
      ],
      "log10_n0": [
        2.5906223051611246
      ],
      "p": [
        2.2439557148501486
      ],
      "log10_epsilon_e": [
        -0.41277301549297674
      ],
      "log10_epsilon_B": [
        -2.335747224132695
      ],
      "ksiN": [
        1.0
      ],
      "L0": [
        0.0
      ],
      "dL": [
        3.09e+19
      ],
      "b": [
        6.0
      ],
      "q": [
        0.0
      ],
      "ts": [
        0.0
      ],
      "geocent_time": [
        0.03223456492219137
      ]
    }
  }
}