{
  "injections": {
    "__dataframe__": true,
    "content": {
      "simulation_id": [
        0
      ],
      "luminosity_distance": [
        166.9579523128035
      ],
      "timeshift": [
        0.013587687784435129
      ],
      "inclination_EM": [
        0.13318176296707207
      ],
      "log10_E0": [
        53.0
      ],
      "thetaCore": [
        0.05
      ],
      "thetaWing": [
        0.1
      ],
      "log10_n0": [
        -0.01467049884709315
      ],
      "p": [
        2.2670029369259637
      ],
      "log10_epsilon_e": [
        -1.0062640527906948
      ],
      "log10_epsilon_B": [
        -1.8034452767024156
      ],
      "ksiN": [
        1.0
      ],
      "L0": [
        0.0
      ],
      "dL": [
        3.09e+19
      ],
      "b": [
        6.0
      ],
      "q": [
        0.0
      ],
      "ts": [
        0.0
      ],
      "geocent_time": [
        -0.04940042200050816
      ]
    }
  }
}