{
  "injections": {
    "__dataframe__": true,
    "content": {
      "simulation_id": [
        0
      ],
      "luminosity_distance": [
        181.73790998525934
      ],
      "timeshift": [
        0.18957117754162325
      ],
      "inclination_EM": [
        0.10876698308094007
      ],
      "log10_E0": [
        53.0
      ],
      "thetaCore": [
        0.05
      ],
      "thetaWing": [
        0.1
      ],
      "log10_n0": [
        -2.246198472696471
      ],
      "p": [
        2.57278385681499
      ],
      "log10_epsilon_e": [
        -1.5545046067139259
      ],
      "log10_epsilon_B": [
        -0.19984115615464404
      ],
      "ksiN": [
        1.0
      ],
      "L0": [
        0.0
      ],
      "dL": [
        3.09e+19
      ],
      "b": [
        6.0
      ],
      "q": [
        0.0
      ],
      "ts": [
        0.0
      ],
      "geocent_time": [
        0.04595412486544731
      ]
    }
  }
}