{
  "injections": {
    "__dataframe__": true,
    "content": {
      "simulation_id": [
        0
      ],
      "luminosity_distance": [
        159.13656172535696
      ],
      "timeshift": [
        -0.6634298396001053
      ],
      "supernova_mag_boost": [
        -3.5091114663391867
      ],
      "geocent_time": [
        -0.07374392533561334
      ]
    }
  }
}