{
  "injections": {
    "__dataframe__": true,
    "content": {
      "simulation_id": [
        0
      ],
      "luminosity_distance": [
        207.32036900285954
      ],
      "timeshift": [
        -0.49377241778025494
      ],
      "supernova_mag_boost": [
        -4.612532488323882
      ],
      "geocent_time": [
        -0.00028301631919877557
      ]
    }
  }
}