{
  "injections": {
    "__dataframe__": true,
    "content": {
      "simulation_id": [
        0
      ],
      "luminosity_distance": [
        201.939020285064
      ],
      "timeshift": [
        0.6340549517456786
      ],
      "supernova_mag_boost": [
        -3.6390837043598823
      ],
      "geocent_time": [
        0.09100262484318963
      ]
    }
  }
}