{
  "injections": {
    "__dataframe__": true,
    "content": {
      "simulation_id": [
        0
      ],
      "luminosity_distance": [
        170.04249375374332
      ],
      "timeshift": [
        0.019576814564905898
      ],
      "inclination_EM": [
        0.10164277053404898
      ],
      "log10_E0": [
        53.0
      ],
      "thetaCore": [
        0.05
      ],
      "thetaWing": [
        0.1
      ],
      "log10_n0": [
        -1.2879188068327538
      ],
      "p": [
        2.6657275810003824
      ],
      "log10_epsilon_e": [
        -1.628157780715806
      ],
      "log10_epsilon_B": [
        -0.7504576298356826
      ],
      "ksiN": [
        1.0
      ],
      "L0": [
        0.0
      ],
      "dL": [
        3.09e+19
      ],
      "b": [
        6.0
      ],
      "q": [
        0.0
      ],
      "ts": [
        0.0
      ],
      "geocent_time": [
        0.08812320943912838
      ]
    }
  }
}