{
  "injections": {
    "__dataframe__": true,
    "content": {
      "simulation_id": [
        0
      ],
      "luminosity_distance": [
        183.06911559750176
      ],
      "timeshift": [
        0.3256294431681953
      ],
      "inclination_EM": [
        0.10851224347254669
      ],
      "log10_E0": [
        53.0
      ],
      "thetaCore": [
        0.05
      ],
      "thetaWing": [
        0.1
      ],
      "log10_n0": [
        -1.5932454952727768
      ],
      "p": [
        2.0381985408424104
      ],
      "log10_epsilon_e": [
        -2.682614729758759
      ],
      "log10_epsilon_B": [
        -1.1631524654901748
      ],
      "ksiN": [
        1.0
      ],
      "L0": [
        0.0
      ],
      "dL": [
        3.09e+19
      ],
      "b": [
        6.0
      ],
      "q": [
        0.0
      ],
      "ts": [
        0.0
      ],
      "geocent_time": [
        -0.05185750197936692
      ]
    }
  }
}