{
  "injections": {
    "__dataframe__": true,
    "content": {
      "simulation_id": [
        0
      ],
      "luminosity_distance": [
        158.06915125954683
      ],
      "timeshift": [
        0.2946551333893134
      ],
      "inclination_EM": [
        0.17212499053864144
      ],
      "log10_E0": [
        53.0
      ],
      "thetaCore": [
        0.05
      ],
      "thetaWing": [
        0.1
      ],
      "log10_n0": [
        1.1620611972396215
      ],
      "p": [
        2.9155185235051926
      ],
      "log10_epsilon_e": [
        -0.5335170140306498
      ],
      "log10_epsilon_B": [
        -1.955004292790543
      ],
      "ksiN": [
        1.0
      ],
      "L0": [
        0.0
      ],
      "dL": [
        3.09e+19
      ],
      "b": [
        6.0
      ],
      "q": [
        0.0
      ],
      "ts": [
        0.0
      ],
      "geocent_time": [
        0.03990393471946302
      ]
    }
  }
}