{
  "injections": {
    "__dataframe__": true,
    "content": {
      "simulation_id": [
        0
      ],
      "luminosity_distance": [
        202.6307383579744
      ],
      "timeshift": [
        0.10628957986981225
      ],
      "supernova_mag_boost": [
        -3.352573141975259
      ],
      "geocent_time": [
        -0.04670447413955939
      ]
    }
  }
}