{
  "injections": {
    "__dataframe__": true,
    "content": {
      "simulation_id": [
        0
      ],
      "luminosity_distance": [
        174.35936459257323
      ],
      "timeshift": [
        -0.20861602899418896
      ],
      "supernova_mag_boost": [
        -2.511290233880067
      ],
      "geocent_time": [
        -0.007356511807681376
      ]
    }
  }
}