{
  "injections": {
    "__dataframe__": true,
    "content": {
      "simulation_id": [
        0
      ],
      "luminosity_distance": [
        159.36510881353965
      ],
      "timeshift": [
        0.6470696807736178
      ],
      "inclination_EM": [
        0.06581683461870944
      ],
      "log10_E0": [
        53.0
      ],
      "thetaCore": [
        0.05
      ],
      "thetaWing": [
        0.1
      ],
      "log10_n0": [
        -1.3032722870033608
      ],
      "p": [
        2.357668831915412
      ],
      "log10_epsilon_e": [
        -2.4832755594826343
      ],
      "log10_epsilon_B": [
        -0.20268911133319012
      ],
      "ksiN": [
        1.0
      ],
      "L0": [
        0.0
      ],
      "dL": [
        3.09e+19
      ],
      "b": [
        6.0
      ],
      "q": [
        0.0
      ],
      "ts": [
        0.0
      ],
      "geocent_time": [
        -0.09611957404471992
      ]
    }
  }
}