{
  "injections": {
    "__dataframe__": true,
    "content": {
      "simulation_id": [
        0
      ],
      "luminosity_distance": [
        153.0463413265094
      ],
      "timeshift": [
        -0.08378564162022917
      ],
      "inclination_EM": [
        0.10821811175285856
      ],
      "log10_E0": [
        53.0
      ],
      "thetaCore": [
        0.05
      ],
      "thetaWing": [
        0.1
      ],
      "log10_n0": [
        -1.8890497735347636
      ],
      "p": [
        2.4212240054874434
      ],
      "log10_epsilon_e": [
        -0.7034316929466491
      ],
      "log10_epsilon_B": [
        -2.5671615173184277
      ],
      "ksiN": [
        1.0
      ],
      "L0": [
        0.0
      ],
      "dL": [
        3.09e+19
      ],
      "b": [
        6.0
      ],
      "q": [
        0.0
      ],
      "ts": [
        0.0
      ],
      "geocent_time": [
        0.09279135682692913
      ]
    }
  }
}