{
  "injections": {
    "__dataframe__": true,
    "content": {
      "simulation_id": [
        0
      ],
      "luminosity_distance": [
        160.39693886134404
      ],
      "timeshift": [
        -0.407874519342847
      ],
      "supernova_mag_boost": [
        -2.2391936410272684
      ],
      "geocent_time": [
        -0.03412492559359814
      ]
    }
  }
}