{
  "injections": {
    "__dataframe__": true,
    "content": {
      "simulation_id": [
        0
      ],
      "luminosity_distance": [
        159.90474957861775
      ],
      "timeshift": [
        0.8283958701883286
      ],
      "inclination_EM": [
        0.1792155512305559
      ],
      "log10_E0": [
        53.0
      ],
      "thetaCore": [
        0.05
      ],
      "thetaWing": [
        0.1
      ],
      "log10_n0": [
        2.6304957776891014
      ],
      "p": [
        2.606069720124495
      ],
      "log10_epsilon_e": [
        -1.2227419476151133
      ],
      "log10_epsilon_B": [
        -2.768469975668615
      ],
      "ksiN": [
        1.0
      ],
      "L0": [
        0.0
      ],
      "dL": [
        3.09e+19
      ],
      "b": [
        6.0
      ],
      "q": [
        0.0
      ],
      "ts": [
        0.0
      ],
      "geocent_time": [
        -0.01848809995631709
      ]
    }
  }
}