{
  "injections": {
    "__dataframe__": true,
    "content": {
      "simulation_id": [
        0
      ],
      "luminosity_distance": [
        4.520564458367471
      ],
      "KNphi": [
        48.27598733816111
      ],
      "inclination_EM": [
        0.6461466685097518
      ],
      "timeshift": [
        0.3704334047448059
      ],
      "log10_mej_dyn": [
        -2.9075634524765444
      ],
      "log10_mej_wind": [
        -0.8171568138645493
      ],
      "geocent_time": [
        -0.08760543550098926
      ]
    }
  }
}