{
  "injections": {
    "__dataframe__": true,
    "content": {
      "simulation_id": [
        0
      ],
      "luminosity_distance": [
        220.0072372323003
      ],
      "timeshift": [
        0.35243383087189106
      ],
      "supernova_mag_boost": [
        -2.791788542703384
      ],
      "geocent_time": [
        -0.05518087323836729
      ]
    }
  }
}