{
  "injections": {
    "__dataframe__": true,
    "content": {
      "simulation_id": [
        0
      ],
      "luminosity_distance": [
        177.92768269955664
      ],
      "timeshift": [
        0.6986948814741253
      ],
      "inclination_EM": [
        0.04556673036235201
      ],
      "log10_E0": [
        53.0
      ],
      "thetaCore": [
        0.05
      ],
      "thetaWing": [
        0.1
      ],
      "log10_n0": [
        -2.6138531328172685
      ],
      "p": [
        2.3064626037158753
      ],
      "log10_epsilon_e": [
        -0.3345518881619185
      ],
      "log10_epsilon_B": [
        -2.8323186104966953
      ],
      "ksiN": [
        1.0
      ],
      "L0": [
        0.0
      ],
      "dL": [
        3.09e+19
      ],
      "b": [
        6.0
      ],
      "q": [
        0.0
      ],
      "ts": [
        0.0
      ],
      "geocent_time": [
        -0.0722956556021295
      ]
    }
  }
}