{
  "injections": {
    "__dataframe__": true,
    "content": {
      "simulation_id": [
        0
      ],
      "luminosity_distance": [
        172.5372438382001
      ],
      "timeshift": [
        0.4554926793650933
      ],
      "inclination_EM": [
        0.1152212976043761
      ],
      "log10_E0": [
        53.0
      ],
      "thetaCore": [
        0.05
      ],
      "thetaWing": [
        0.1
      ],
      "log10_n0": [
        1.1728187281261135
      ],
      "p": [
        2.9750886035430812
      ],
      "log10_epsilon_e": [
        -1.4717016487314547
      ],
      "log10_epsilon_B": [
        -1.0518449625285529
      ],
      "ksiN": [
        1.0
      ],
      "L0": [
        0.0
      ],
      "dL": [
        3.09e+19
      ],
      "b": [
        6.0
      ],
      "q": [
        0.0
      ],
      "ts": [
        0.0
      ],
      "geocent_time": [
        -0.05877179174402854
      ]
    }
  }
}