{
  "injections": {
    "__dataframe__": true,
    "content": {
      "simulation_id": [
        0
      ],
      "luminosity_distance": [
        180.69112586314236
      ],
      "timeshift": [
        0.3928750952499387
      ],
      "inclination_EM": [
        0.14159664625120824
      ],
      "log10_E0": [
        53.0
      ],
      "thetaCore": [
        0.05
      ],
      "thetaWing": [
        0.1
      ],
      "log10_n0": [
        1.2865925180358353
      ],
      "p": [
        2.8367970123611173
      ],
      "log10_epsilon_e": [
        -0.8635420669867253
      ],
      "log10_epsilon_B": [
        -1.5889685879834312
      ],
      "ksiN": [
        1.0
      ],
      "L0": [
        0.0
      ],
      "dL": [
        3.09e+19
      ],
      "b": [
        6.0
      ],
      "q": [
        0.0
      ],
      "ts": [
        0.0
      ],
      "geocent_time": [
        0.038177013987592656
      ]
    }
  }
}