{
  "injections": {
    "__dataframe__": true,
    "content": {
      "simulation_id": [
        0
      ],
      "luminosity_distance": [
        157.98920954982992
      ],
      "timeshift": [
        0.7711348641976454
      ],
      "inclination_EM": [
        0.10322651026359768
      ],
      "log10_E0": [
        53.0
      ],
      "thetaCore": [
        0.05
      ],
      "thetaWing": [
        0.1
      ],
      "log10_n0": [
        -2.6850544481198044
      ],
      "p": [
        2.0768816351821635
      ],
      "log10_epsilon_e": [
        -1.5663301073861655
      ],
      "log10_epsilon_B": [
        -1.5846334103580983
      ],
      "ksiN": [
        1.0
      ],
      "L0": [
        0.0
      ],
      "dL": [
        3.09e+19
      ],
      "b": [
        6.0
      ],
      "q": [
        0.0
      ],
      "ts": [
        0.0
      ],
      "geocent_time": [
        -0.0690128726331089
      ]
    }
  }
}