{
  "injections": {
    "__dataframe__": true,
    "content": {
      "simulation_id": [
        0
      ],
      "luminosity_distance": [
        164.51271696455134
      ],
      "timeshift": [
        -0.035802163036124046
      ],
      "supernova_mag_boost": [
        -2.17799168883034
      ],
      "geocent_time": [
        0.08020260422389205
      ]
    }
  }
}