{
  "injections": {
    "__dataframe__": true,
    "content": {
      "simulation_id": [
        0
      ],
      "luminosity_distance": [
        184.80417517013058
      ],
      "timeshift": [
        0.75061370564456
      ],
      "inclination_EM": [
        0.19538746446646432
      ],
      "log10_E0": [
        53.0
      ],
      "thetaCore": [
        0.05
      ],
      "thetaWing": [
        0.1
      ],
      "log10_n0": [
        2.493640667940001
      ],
      "p": [
        2.431411025148515
      ],
      "log10_epsilon_e": [
        -2.0199385227579834
      ],
      "log10_epsilon_B": [
        -0.0949582618476077
      ],
      "ksiN": [
        1.0
      ],
      "L0": [
        0.0
      ],
      "dL": [
        3.09e+19
      ],
      "b": [
        6.0
      ],
      "q": [
        0.0
      ],
      "ts": [
        0.0
      ],
      "geocent_time": [
        -0.0847281082233474
      ]
    }
  }
}