{
  "injections": {
    "__dataframe__": true,
    "content": {
      "simulation_id": [
        0
      ],
      "luminosity_distance": [
        179.48053868161765
      ],
      "timeshift": [
        0.25035727710613387
      ],
      "inclination_EM": [
        0.16083627764031797
      ],
      "log10_E0": [
        53.0
      ],
      "thetaCore": [
        0.05
      ],
      "thetaWing": [
        0.1
      ],
      "log10_n0": [
        1.3536091465016273
      ],
      "p": [
        2.4527719973765816
      ],
      "log10_epsilon_e": [
        -0.7840032489124695
      ],
      "log10_epsilon_B": [
        -2.7811952501870527
      ],
      "ksiN": [
        1.0
      ],
      "L0": [
        0.0
      ],
      "dL": [
        3.09e+19
      ],
      "b": [
        6.0
      ],
      "q": [
        0.0
      ],
      "ts": [
        0.0
      ],
      "geocent_time": [
        -0.06867459697812081
      ]
    }
  }
}