{
  "injections": {
    "__dataframe__": true,
    "content": {
      "simulation_id": [
        0
      ],
      "luminosity_distance": [
        217.40011765498934
      ],
      "timeshift": [
        -0.5397186872922421
      ],
      "supernova_mag_boost": [
        -3.1452262854737176
      ],
      "geocent_time": [
        0.05559558322923594
      ]
    }
  }
}