{
  "injections": {
    "__dataframe__": true,
    "content": {
      "simulation_id": [
        0
      ],
      "luminosity_distance": [
        786.9671651753428
      ],
      "timeshift": [
        -1.1302245976721381
      ],
      "log10_Menv": [
        -0.9028742035196657
      ],
      "log10_Renv": [
        14.959611333079657
      ],
      "log10_Ee": [
        51.231540693107085
      ],
      "geocent_time": [
        -0.04655948048239054
      ]
    }
  }
}