{
  "injections": {
    "__dataframe__": true,
    "content": {
      "simulation_id": [
        0
      ],
      "luminosity_distance": [
        216.24775832664758
      ],
      "timeshift": [
        -0.9875280513770339
      ],
      "supernova_mag_boost": [
        -2.1496304258445176
      ],
      "geocent_time": [
        0.059982075415707575
      ]
    }
  }
}