{
  "injections": {
    "__dataframe__": true,
    "content": {
      "simulation_id": [
        0
      ],
      "luminosity_distance": [
        150.3301972431995
      ],
      "timeshift": [
        0.20305686541183107
      ],
      "inclination_EM": [
        0.08268374751817333
      ],
      "log10_E0": [
        53.0
      ],
      "thetaCore": [
        0.05
      ],
      "thetaWing": [
        0.1
      ],
      "log10_n0": [
        1.6658789294367864
      ],
      "p": [
        2.4788204534172484
      ],
      "log10_epsilon_e": [
        -1.3993465422539315
      ],
      "log10_epsilon_B": [
        -2.424767058748706
      ],
      "ksiN": [
        1.0
      ],
      "L0": [
        0.0
      ],
      "dL": [
        3.09e+19
      ],
      "b": [
        6.0
      ],
      "q": [
        0.0
      ],
      "ts": [
        0.0
      ],
      "geocent_time": [
        0.05265458725403413
      ]
    }
  }
}