{
  "injections": {
    "__dataframe__": true,
    "content": {
      "simulation_id": [
        0
      ],
      "luminosity_distance": [
        176.1115681977901
      ],
      "timeshift": [
        0.5670249993956096
      ],
      "inclination_EM": [
        0.0537118834779648
      ],
      "log10_E0": [
        53.0
      ],
      "thetaCore": [
        0.05
      ],
      "thetaWing": [
        0.1
      ],
      "log10_n0": [
        -0.8114389344373647
      ],
      "p": [
        2.4101613375163993
      ],
      "log10_epsilon_e": [
        -1.9155785278199766
      ],
      "log10_epsilon_B": [
        -0.8860690056579617
      ],
      "ksiN": [
        1.0
      ],
      "L0": [
        0.0
      ],
      "dL": [
        3.09e+19
      ],
      "b": [
        6.0
      ],
      "q": [
        0.0
      ],
      "ts": [
        0.0
      ],
      "geocent_time": [
        0.05881245182983305
      ]
    }
  }
}