{
  "injections": {
    "__dataframe__": true,
    "content": {
      "simulation_id": [
        0
      ],
      "luminosity_distance": [
        184.7417497459804
      ],
      "timeshift": [
        0.07199060548551423
      ],
      "inclination_EM": [
        0.1532534030090555
      ],
      "log10_E0": [
        53.0
      ],
      "thetaCore": [
        0.05
      ],
      "thetaWing": [
        0.1
      ],
      "log10_n0": [
        -0.04677630419668599
      ],
      "p": [
        2.725537932199959
      ],
      "log10_epsilon_e": [
        -1.6936445742379107
      ],
      "log10_epsilon_B": [
        -1.6150118211178044
      ],
      "ksiN": [
        1.0
      ],
      "L0": [
        0.0
      ],
      "dL": [
        3.09e+19
      ],
      "b": [
        6.0
      ],
      "q": [
        0.0
      ],
      "ts": [
        0.0
      ],
      "geocent_time": [
        -0.03357382406057041
      ]
    }
  }
}