{
  "injections": {
    "__dataframe__": true,
    "content": {
      "simulation_id": [
        0
      ],
      "luminosity_distance": [
        5.060868493834451
      ],
      "KNphi": [
        41.94164876815385
      ],
      "inclination_EM": [
        0.5649153899811509
      ],
      "timeshift": [
        -1.9946262294119448
      ],
      "log10_mej_dyn": [
        -1.505278482080436
      ],
      "log10_mej_wind": [
        -2.8165193576714156
      ],
      "geocent_time": [
        -0.006412043723554334
      ]
    }
  }
}