{
  "injections": {
    "__dataframe__": true,
    "content": {
      "simulation_id": [
        0
      ],
      "luminosity_distance": [
        4.770264669869418
      ],
      "KNphi": [
        30.519827276733874
      ],
      "inclination_EM": [
        0.7688575932248828
      ],
      "timeshift": [
        -0.6819216197440396
      ],
      "log10_mej_dyn": [
        -2.744359573391498
      ],
      "log10_mej_wind": [
        -2.851437641088559
      ],
      "geocent_time": [
        0.05771476974989953
      ]
    }
  }
}