{
  "injections": {
    "__dataframe__": true,
    "content": {
      "simulation_id": [
        0
      ],
      "luminosity_distance": [
        167.7124370435732
      ],
      "timeshift": [
        -0.3792224711363641
      ],
      "supernova_mag_boost": [
        -2.7985058247623282
      ],
      "geocent_time": [
        -0.07343290831786142
      ]
    }
  }
}