{
  "injections": {
    "__dataframe__": true,
    "content": {
      "simulation_id": [
        0
      ],
      "luminosity_distance": [
        219.94894797834453
      ],
      "timeshift": [
        0.8929256455534327
      ],
      "supernova_mag_boost": [
        -3.417857468265301
      ],
      "geocent_time": [
        -0.007991771959247204
      ]
    }
  }
}