{
  "injections": {
    "__dataframe__": true,
    "content": {
      "simulation_id": [
        0
      ],
      "luminosity_distance": [
        183.80299602012263
      ],
      "timeshift": [
        0.9713457346652371
      ],
      "inclination_EM": [
        0.1680417522730882
      ],
      "log10_E0": [
        53.0
      ],
      "thetaCore": [
        0.05
      ],
      "thetaWing": [
        0.1
      ],
      "log10_n0": [
        -0.2622072559958788
      ],
      "p": [
        2.308311732752558
      ],
      "log10_epsilon_e": [
        -1.6811259571603452
      ],
      "log10_epsilon_B": [
        -1.5523504398940304
      ],
      "ksiN": [
        1.0
      ],
      "L0": [
        0.0
      ],
      "dL": [
        3.09e+19
      ],
      "b": [
        6.0
      ],
      "q": [
        0.0
      ],
      "ts": [
        0.0
      ],
      "geocent_time": [
        -0.0001780140777020156
      ]
    }
  }
}