{
  "injections": {
    "__dataframe__": true,
    "content": {
      "simulation_id": [
        0
      ],
      "luminosity_distance": [
        176.24298789706899
      ],
      "timeshift": [
        -0.8504488385379656
      ],
      "supernova_mag_boost": [
        -4.08019385146058
      ],
      "geocent_time": [
        -0.07514098353200993
      ]
    }
  }
}