{
  "injections": {
    "__dataframe__": true,
    "content": {
      "simulation_id": [
        0
      ],
      "luminosity_distance": [
        189.98830867531362
      ],
      "timeshift": [
        -0.39577264368346854
      ],
      "supernova_mag_boost": [
        -3.658937114641123
      ],
      "geocent_time": [
        -0.07233851240968613
      ]
    }
  }
}