{
  "injections": {
    "__dataframe__": true,
    "content": {
      "simulation_id": [
        0
      ],
      "luminosity_distance": [
        163.2035595476813
      ],
      "timeshift": [
        0.6443094058911354
      ],
      "inclination_EM": [
        0.10452210782166753
      ],
      "log10_E0": [
        53.0
      ],
      "thetaCore": [
        0.05
      ],
      "thetaWing": [
        0.1
      ],
      "log10_n0": [
        -1.2838518091657893
      ],
      "p": [
        2.5435533036597135
      ],
      "log10_epsilon_e": [
        -1.9087341113564995
      ],
      "log10_epsilon_B": [
        -1.0985630102099093
      ],
      "ksiN": [
        1.0
      ],
      "L0": [
        0.0
      ],
      "dL": [
        3.09e+19
      ],
      "b": [
        6.0
      ],
      "q": [
        0.0
      ],
      "ts": [
        0.0
      ],
      "geocent_time": [
        -0.09047591346887246
      ]
    }
  }
}