{
  "injections": {
    "__dataframe__": true,
    "content": {
      "simulation_id": [
        0
      ],
      "luminosity_distance": [
        62.15801750404659
      ],
      "timeshift": [
        -1.6101716112417963
      ],
      "log10_Menv": [
        -0.6774320345416784
      ],
      "log10_Renv": [
        13.884068638319986
      ],
      "log10_Ee": [
        50.3156090032174
      ],
      "geocent_time": [
        -0.004940454413314477
      ]
    }
  }
}