{
  "injections": {
    "__dataframe__": true,
    "content": {
      "simulation_id": [
        0
      ],
      "luminosity_distance": [
        201.83955792871174
      ],
      "timeshift": [
        -0.34622319699355963
      ],
      "supernova_mag_boost": [
        -3.865228731435696
      ],
      "geocent_time": [
        0.012490531864912405
      ]
    }
  }
}