{
  "injections": {
    "__dataframe__": true,
    "content": {
      "simulation_id": [
        0
      ],
      "luminosity_distance": [
        177.34247702923096
      ],
      "timeshift": [
        -0.009125804294931705
      ],
      "inclination_EM": [
        0.08191223217820227
      ],
      "log10_E0": [
        53.0
      ],
      "thetaCore": [
        0.05
      ],
      "thetaWing": [
        0.1
      ],
      "log10_n0": [
        0.1851681553399409
      ],
      "p": [
        2.5104172429201315
      ],
      "log10_epsilon_e": [
        -2.241628693231901
      ],
      "log10_epsilon_B": [
        -1.3172331569712137
      ],
      "ksiN": [
        1.0
      ],
      "L0": [
        0.0
      ],
      "dL": [
        3.09e+19
      ],
      "b": [
        6.0
      ],
      "q": [
        0.0
      ],
      "ts": [
        0.0
      ],
      "geocent_time": [
        0.05644786036582525
      ]
    }
  }
}