{
  "injections": {
    "__dataframe__": true,
    "content": {
      "simulation_id": [
        0
      ],
      "luminosity_distance": [
        209.60024644911255
      ],
      "timeshift": [
        -0.07547472586677517
      ],
      "supernova_mag_boost": [
        -4.30170529887225
      ],
      "geocent_time": [
        0.06300591172545031
      ]
    }
  }
}