{
  "injections": {
    "__dataframe__": true,
    "content": {
      "simulation_id": [
        0
      ],
      "luminosity_distance": [
        151.47067606820184
      ],
      "timeshift": [
        0.6428122045273742
      ],
      "inclination_EM": [
        0.08703203117688074
      ],
      "log10_E0": [
        53.0
      ],
      "thetaCore": [
        0.05
      ],
      "thetaWing": [
        0.1
      ],
      "log10_n0": [
        -1.164351148595229
      ],
      "p": [
        2.316036870435676
      ],
      "log10_epsilon_e": [
        -1.2513155323202336
      ],
      "log10_epsilon_B": [
        -2.654598370596836
      ],
      "ksiN": [
        1.0
      ],
      "L0": [
        0.0
      ],
      "dL": [
        3.09e+19
      ],
      "b": [
        6.0
      ],
      "q": [
        0.0
      ],
      "ts": [
        0.0
      ],
      "geocent_time": [
        0.023221916344464216
      ]
    }
  }
}