{
  "injections": {
    "__dataframe__": true,
    "content": {
      "simulation_id": [
        0
      ],
      "luminosity_distance": [
        153.76486330406848
      ],
      "timeshift": [
        -0.008077470930115044
      ],
      "inclination_EM": [
        0.013431536126198467
      ],
      "log10_E0": [
        53.0
      ],
      "thetaCore": [
        0.05
      ],
      "thetaWing": [
        0.1
      ],
      "log10_n0": [
        -2.7224345673635186
      ],
      "p": [
        2.168977734481671
      ],
      "log10_epsilon_e": [
        -2.312190694472865
      ],
      "log10_epsilon_B": [
        -0.09662347452382569
      ],
      "ksiN": [
        1.0
      ],
      "L0": [
        0.0
      ],
      "dL": [
        3.09e+19
      ],
      "b": [
        6.0
      ],
      "q": [
        0.0
      ],
      "ts": [
        0.0
      ],
      "geocent_time": [
        -0.04866789461494319
      ]
    }
  }
}