{
  "injections": {
    "__dataframe__": true,
    "content": {
      "simulation_id": [
        0
      ],
      "luminosity_distance": [
        159.44639174793667
      ],
      "timeshift": [
        0.6596160679700671
      ],
      "inclination_EM": [
        0.056276524494265436
      ],
      "log10_E0": [
        53.0
      ],
      "thetaCore": [
        0.05
      ],
      "thetaWing": [
        0.1
      ],
      "log10_n0": [
        -2.3434726091392895
      ],
      "p": [
        2.833300372547116
      ],
      "log10_epsilon_e": [
        -2.267364734601805
      ],
      "log10_epsilon_B": [
        -0.057163568050037306
      ],
      "ksiN": [
        1.0
      ],
      "L0": [
        0.0
      ],
      "dL": [
        3.09e+19
      ],
      "b": [
        6.0
      ],
      "q": [
        0.0
      ],
      "ts": [
        0.0
      ],
      "geocent_time": [
        -0.028294330171051568
      ]
    }
  }
}