{
  "injections": {
    "__dataframe__": true,
    "content": {
      "simulation_id": [
        0
      ],
      "luminosity_distance": [
        171.85105282928112
      ],
      "timeshift": [
        -0.027294130750253567
      ],
      "inclination_EM": [
        0.09499155543920144
      ],
      "log10_E0": [
        53.0
      ],
      "thetaCore": [
        0.05
      ],
      "thetaWing": [
        0.1
      ],
      "log10_n0": [
        -2.6674817473652297
      ],
      "p": [
        2.0923134105378725
      ],
      "log10_epsilon_e": [
        -2.3474370123415214
      ],
      "log10_epsilon_B": [
        -0.8942871961113075
      ],
      "ksiN": [
        1.0
      ],
      "L0": [
        0.0
      ],
      "dL": [
        3.09e+19
      ],
      "b": [
        6.0
      ],
      "q": [
        0.0
      ],
      "ts": [
        0.0
      ],
      "geocent_time": [
        0.011414921120978416
      ]
    }
  }
}