{
  "injections": {
    "__dataframe__": true,
    "content": {
      "simulation_id": [
        0
      ],
      "luminosity_distance": [
        172.70595982096762
      ],
      "timeshift": [
        0.4762024073387493
      ],
      "inclination_EM": [
        0.18455301068055796
      ],
      "log10_E0": [
        53.0
      ],
      "thetaCore": [
        0.05
      ],
      "thetaWing": [
        0.1
      ],
      "log10_n0": [
        0.6602754011852392
      ],
      "p": [
        2.0037785189086685
      ],
      "log10_epsilon_e": [
        -0.6984000428352428
      ],
      "log10_epsilon_B": [
        -2.5222572361585014
      ],
      "ksiN": [
        1.0
      ],
      "L0": [
        0.0
      ],
      "dL": [
        3.09e+19
      ],
      "b": [
        6.0
      ],
      "q": [
        0.0
      ],
      "ts": [
        0.0
      ],
      "geocent_time": [
        -0.04439394850522167
      ]
    }
  }
}