{
  "injections": {
    "__dataframe__": true,
    "content": {
      "simulation_id": [
        0
      ],
      "luminosity_distance": [
        178.1336145747623
      ],
      "timeshift": [
        0.1885499076653325
      ],
      "inclination_EM": [
        0.1635765280152869
      ],
      "log10_E0": [
        53.0
      ],
      "thetaCore": [
        0.05
      ],
      "thetaWing": [
        0.1
      ],
      "log10_n0": [
        0.5032994064600027
      ],
      "p": [
        2.700520406315743
      ],
      "log10_epsilon_e": [
        -1.7650350384044367
      ],
      "log10_epsilon_B": [
        -2.883266146108535
      ],
      "ksiN": [
        1.0
      ],
      "L0": [
        0.0
      ],
      "dL": [
        3.09e+19
      ],
      "b": [
        6.0
      ],
      "q": [
        0.0
      ],
      "ts": [
        0.0
      ],
      "geocent_time": [
        0.006914572275402181
      ]
    }
  }
}