{
  "injections": {
    "__dataframe__": true,
    "content": {
      "simulation_id": [
        0
      ],
      "luminosity_distance": [
        192.4290527985496
      ],
      "timeshift": [
        0.6746481655275711
      ],
      "supernova_mag_boost": [
        -1.7478401755291673
      ],
      "geocent_time": [
        -0.025841681190954743
      ]
    }
  }
}