{
  "injections": {
    "__dataframe__": true,
    "content": {
      "simulation_id": [
        0
      ],
      "luminosity_distance": [
        152.1198869178186
      ],
      "timeshift": [
        -0.006285445974603787
      ],
      "inclination_EM": [
        0.14694472860962363
      ],
      "log10_E0": [
        53.0
      ],
      "thetaCore": [
        0.05
      ],
      "thetaWing": [
        0.1
      ],
      "log10_n0": [
        1.4428304726790593
      ],
      "p": [
        2.6913406611798276
      ],
      "log10_epsilon_e": [
        -1.2023127185865432
      ],
      "log10_epsilon_B": [
        -0.5310605423160553
      ],
      "ksiN": [
        1.0
      ],
      "L0": [
        0.0
      ],
      "dL": [
        3.09e+19
      ],
      "b": [
        6.0
      ],
      "q": [
        0.0
      ],
      "ts": [
        0.0
      ],
      "geocent_time": [
        -0.009912950585167127
      ]
    }
  }
}