{
  "injections": {
    "__dataframe__": true,
    "content": {
      "simulation_id": [
        0
      ],
      "luminosity_distance": [
        170.7457942708683
      ],
      "timeshift": [
        0.6772562887340206
      ],
      "inclination_EM": [
        0.19557770813578276
      ],
      "log10_E0": [
        53.0
      ],
      "thetaCore": [
        0.05
      ],
      "thetaWing": [
        0.1
      ],
      "log10_n0": [
        2.2833361123197538
      ],
      "p": [
        2.046149770864627
      ],
      "log10_epsilon_e": [
        -1.7828038624148572
      ],
      "log10_epsilon_B": [
        -2.964417060547789
      ],
      "ksiN": [
        1.0
      ],
      "L0": [
        0.0
      ],
      "dL": [
        3.09e+19
      ],
      "b": [
        6.0
      ],
      "q": [
        0.0
      ],
      "ts": [
        0.0
      ],
      "geocent_time": [
        0.06574269933185325
      ]
    }
  }
}