{
  "injections": {
    "__dataframe__": true,
    "content": {
      "simulation_id": [
        0
      ],
      "luminosity_distance": [
        176.32241637284008
      ],
      "timeshift": [
        0.3593045240214596
      ],
      "supernova_mag_boost": [
        -2.2211594331997473
      ],
      "geocent_time": [
        0.09959647960668574
      ]
    }
  }
}