{
  "injections": {
    "__dataframe__": true,
    "content": {
      "simulation_id": [
        0
      ],
      "luminosity_distance": [
        311.23897456871254
      ],
      "timeshift": [
        -0.44178040535706486
      ],
      "log10_Menv": [
        -0.0805668852616046
      ],
      "log10_Renv": [
        14.177270947832756
      ],
      "log10_Ee": [
        51.81642119582354
      ],
      "geocent_time": [
        -0.00015093732826790274
      ]
    }
  }
}