{
  "injections": {
    "__dataframe__": true,
    "content": {
      "simulation_id": [
        0
      ],
      "luminosity_distance": [
        169.1381818898357
      ],
      "timeshift": [
        0.653086635969973
      ],
      "inclination_EM": [
        0.16776527796501772
      ],
      "log10_E0": [
        53.0
      ],
      "thetaCore": [
        0.05
      ],
      "thetaWing": [
        0.1
      ],
      "log10_n0": [
        0.27946907570007173
      ],
      "p": [
        2.4337689105615254
      ],
      "log10_epsilon_e": [
        -2.2660553646266313
      ],
      "log10_epsilon_B": [
        -2.0779193721382456
      ],
      "ksiN": [
        1.0
      ],
      "L0": [
        0.0
      ],
      "dL": [
        3.09e+19
      ],
      "b": [
        6.0
      ],
      "q": [
        0.0
      ],
      "ts": [
        0.0
      ],
      "geocent_time": [
        0.09601382181411522
      ]
    }
  }
}