{
  "injections": {
    "__dataframe__": true,
    "content": {
      "simulation_id": [
        0
      ],
      "luminosity_distance": [
        3.575383998810324
      ],
      "KNphi": [
        21.007858885014716
      ],
      "inclination_EM": [
        0.5007087017655206
      ],
      "timeshift": [
        -0.103381134908064
      ],
      "log10_mej_dyn": [
        -2.294060829561646
      ],
      "log10_mej_wind": [
        -2.5753726209741132
      ],
      "geocent_time": [
        -0.019338305266669936
      ]
    }
  }
}