{
  "injections": {
    "__dataframe__": true,
    "content": {
      "simulation_id": [
        0
      ],
      "luminosity_distance": [
        5.180446652061585
      ],
      "KNphi": [
        25.357051687359984
      ],
      "inclination_EM": [
        0.7463354588938597
      ],
      "timeshift": [
        0.9967085572243248
      ],
      "log10_mej_dyn": [
        -1.128645778303436
      ],
      "log10_mej_wind": [
        -2.499354205228111
      ],
      "geocent_time": [
        -0.0695805847111108
      ]
    }
  }
}