{
  "injections": {
    "__dataframe__": true,
    "content": {
      "simulation_id": [
        0
      ],
      "luminosity_distance": [
        422.8432526792514
      ],
      "timeshift": [
        -0.13649936401380058
      ],
      "log10_Menv": [
        -0.7877144911959384
      ],
      "log10_Renv": [
        13.369593671450662
      ],
      "log10_Ee": [
        50.370709136645736
      ],
      "geocent_time": [
        -0.054641660198137876
      ]
    }
  }
}