{
  "injections": {
    "__dataframe__": true,
    "content": {
      "simulation_id": [
        0
      ],
      "luminosity_distance": [
        652.4730790012801
      ],
      "timeshift": [
        -0.2850237175324355
      ],
      "log10_Menv": [
        -0.20237025564870237
      ],
      "log10_Renv": [
        13.003091613192549
      ],
      "log10_Ee": [
        51.61824323929411
      ],
      "geocent_time": [
        -0.09731985881863976
      ]
    }
  }
}