{
  "injections": {
    "__dataframe__": true,
    "content": {
      "simulation_id": [
        0
      ],
      "luminosity_distance": [
        10.992494459051038
      ],
      "timeshift": [
        -0.9547120111751191
      ],
      "log10_Menv": [
        -1.2535835400181856
      ],
      "log10_Renv": [
        13.68791859438792
      ],
      "log10_Ee": [
        49.57846180096159
      ],
      "geocent_time": [
        0.009374532661597684
      ]
    }
  }
}