{
  "injections": {
    "__dataframe__": true,
    "content": {
      "simulation_id": [
        0
      ],
      "luminosity_distance": [
        191.84233314986943
      ],
      "timeshift": [
        -0.770360983317814
      ],
      "log10_Menv": [
        -1.9815539752385467
      ],
      "log10_Renv": [
        14.790481105130748
      ],
      "log10_Ee": [
        50.693399319175775
      ],
      "geocent_time": [
        -0.03255432990463772
      ]
    }
  }
}