{
  "injections": {
    "__dataframe__": true,
    "content": {
      "simulation_id": [
        0
      ],
      "luminosity_distance": [
        339.42672320422776
      ],
      "timeshift": [
        -0.1432446313058846
      ],
      "log10_Menv": [
        -1.4349860393018004
      ],
      "log10_Renv": [
        12.792620484173485
      ],
      "log10_Ee": [
        50.70296129583452
      ],
      "geocent_time": [
        -0.09912404211891278
      ]
    }
  }
}