{
  "injections": {
    "__dataframe__": true,
    "content": {
      "simulation_id": [
        0
      ],
      "luminosity_distance": [
        409.96717921478086
      ],
      "timeshift": [
        -0.09580775214747295
      ],
      "log10_Menv": [
        -1.9323691738739068
      ],
      "log10_Renv": [
        14.351173433676147
      ],
      "log10_Ee": [
        48.82493216695843
      ],
      "geocent_time": [
        -0.08227380175648727
      ]
    }
  }
}