{
  "injections": {
    "__dataframe__": true,
    "content": {
      "simulation_id": [
        0
      ],
      "luminosity_distance": [
        63.72344335489255
      ],
      "timeshift": [
        -0.9786380093592149
      ],
      "log10_Menv": [
        -0.8833214979072963
      ],
      "log10_Renv": [
        10.991425144281298
      ],
      "log10_Ee": [
        50.3141697752356
      ],
      "geocent_time": [
        0.08604276099675617
      ]
    }
  }
}