{
  "injections": {
    "__dataframe__": true,
    "content": {
      "simulation_id": [
        0
      ],
      "luminosity_distance": [
        93.2255430607567
      ],
      "timeshift": [
        -0.09855110761853081
      ],
      "log10_Menv": [
        -2.562113106311496
      ],
      "log10_Renv": [
        14.869117839240833
      ],
      "log10_Ee": [
        49.4100239502293
      ],
      "geocent_time": [
        -0.06541756185209698
      ]
    }
  }
}