{
  "injections": {
    "__dataframe__": true,
    "content": {
      "simulation_id": [
        0
      ],
      "luminosity_distance": [
        343.579369619643
      ],
      "timeshift": [
        -0.9674239824004125
      ],
      "log10_Menv": [
        -1.5617319104804883
      ],
      "log10_Renv": [
        13.106425650165338
      ],
      "log10_Ee": [
        50.21068400250135
      ],
      "geocent_time": [
        -0.04406954844139832
      ]
    }
  }
}