{
  "injections": {
    "__dataframe__": true,
    "content": {
      "simulation_id": [
        0
      ],
      "luminosity_distance": [
        23.73322978600534
      ],
      "timeshift": [
        -0.11386418420925093
      ],
      "log10_Menv": [
        -1.5368513479753814
      ],
      "log10_Renv": [
        11.255140625597752
      ],
      "log10_Ee": [
        49.9552946725663
      ],
      "geocent_time": [
        -0.047641031466928774
      ]
    }
  }
}