{
  "injections": {
    "__dataframe__": true,
    "content": {
      "simulation_id": [
        0
      ],
      "luminosity_distance": [
        167.86614219099883
      ],
      "timeshift": [
        -0.026753822997872767
      ],
      "log10_Menv": [
        -0.9788702779816694
      ],
      "log10_Renv": [
        14.950072922745232
      ],
      "log10_Ee": [
        47.977791709803896
      ],
      "geocent_time": [
        -0.042618606303069864
      ]
    }
  }
}