{
  "injections": {
    "__dataframe__": true,
    "content": {
      "simulation_id": [
        0
      ],
      "luminosity_distance": [
        60.26958137553129
      ],
      "timeshift": [
        -0.6725452418477305
      ],
      "log10_Menv": [
        -0.911607384754908
      ],
      "log10_Renv": [
        14.590745829222426
      ],
      "log10_Ee": [
        50.38575719022031
      ],
      "geocent_time": [
        0.08885215693083698
      ]
    }
  }
}