{
  "injections": {
    "__dataframe__": true,
    "content": {
      "simulation_id": [
        0
      ],
      "luminosity_distance": [
        448.89271418434487
      ],
      "timeshift": [
        -0.513224259486041
      ],
      "log10_Menv": [
        -1.1973492579658425
      ],
      "log10_Renv": [
        14.611133937370564
      ],
      "log10_Ee": [
        51.45640205785175
      ],
      "geocent_time": [
        -0.052476886026210395
      ]
    }
  }
}