{
  "injections": {
    "__dataframe__": true,
    "content": {
      "simulation_id": [
        0
      ],
      "luminosity_distance": [
        144.68597419554465
      ],
      "timeshift": [
        -1.9022168293258315
      ],
      "log10_Menv": [
        -0.9019950414967512
      ],
      "log10_Renv": [
        13.677050523613623
      ],
      "log10_Ee": [
        48.998533996805605
      ],
      "geocent_time": [
        0.09439441404628651
      ]
    }
  }
}