{
  "injections": {
    "__dataframe__": true,
    "content": {
      "simulation_id": [
        0
      ],
      "luminosity_distance": [
        221.72843633377892
      ],
      "timeshift": [
        -0.1622271097512873
      ],
      "log10_Menv": [
        -1.9591456964399523
      ],
      "log10_Renv": [
        13.798921950704798
      ],
      "log10_Ee": [
        48.52318666733885
      ],
      "geocent_time": [
        -0.09957300769780893
      ]
    }
  }
}