{
  "injections": {
    "__dataframe__": true,
    "content": {
      "simulation_id": [
        0
      ],
      "luminosity_distance": [
        142.68633874025215
      ],
      "timeshift": [
        -1.1037966128676062
      ],
      "log10_Menv": [
        -1.8183244808924437
      ],
      "log10_Renv": [
        13.269211889028256
      ],
      "log10_Ee": [
        51.05180089851501
      ],
      "geocent_time": [
        -0.06908209034823949
      ]
    }
  }
}