{
  "injections": {
    "__dataframe__": true,
    "content": {
      "simulation_id": [
        0
      ],
      "luminosity_distance": [
        12.475029683802763
      ],
      "timeshift": [
        -0.19357694358920918
      ],
      "log10_Menv": [
        -1.4421903078059901
      ],
      "log10_Renv": [
        14.973464734122938
      ],
      "log10_Ee": [
        48.12916391613451
      ],
      "geocent_time": [
        0.08376321014762353
      ]
    }
  }
}