{
  "injections": {
    "__dataframe__": true,
    "content": {
      "simulation_id": [
        0
      ],
      "luminosity_distance": [
        18.493778420127004
      ],
      "timeshift": [
        -1.427599044448747
      ],
      "log10_Menv": [
        -1.7232931540169867
      ],
      "log10_Renv": [
        13.23892670068289
      ],
      "log10_Ee": [
        47.15266362192694
      ],
      "geocent_time": [
        0.0558547948056313
      ]
    }
  }
}