{
  "injections": {
    "__dataframe__": true,
    "content": {
      "simulation_id": [
        0
      ],
      "luminosity_distance": [
        111.3291595314857
      ],
      "timeshift": [
        -0.3349771780385895
      ],
      "log10_Menv": [
        -0.71681642052374
      ],
      "log10_Renv": [
        14.977169404729342
      ],
      "log10_Ee": [
        48.34618235969771
      ],
      "geocent_time": [
        -0.07556608874912585
      ]
    }
  }
}