{
  "injections": {
    "__dataframe__": true,
    "content": {
      "simulation_id": [
        0
      ],
      "luminosity_distance": [
        110.33730451312263
      ],
      "timeshift": [
        -0.9381408881804605
      ],
      "log10_Menv": [
        -0.4317897327919056
      ],
      "log10_Renv": [
        13.674019326633688
      ],
      "log10_Ee": [
        51.01307425297327
      ],
      "geocent_time": [
        0.023689119183886193
      ]
    }
  }
}