{
  "injections": {
    "__dataframe__": true,
    "content": {
      "simulation_id": [
        0
      ],
      "luminosity_distance": [
        122.96477762407953
      ],
      "timeshift": [
        -0.6920334346277228
      ],
      "log10_Menv": [
        -1.98224464356193
      ],
      "log10_Renv": [
        12.84315455100696
      ],
      "log10_Ee": [
        49.549214559679896
      ],
      "geocent_time": [
        -0.03645868989387567
      ]
    }
  }
}