{
  "injections": {
    "__dataframe__": true,
    "content": {
      "simulation_id": [
        0
      ],
      "luminosity_distance": [
        182.3220302813946
      ],
      "timeshift": [
        -1.6966787586733387
      ],
      "log10_Menv": [
        -1.5163919844513032
      ],
      "log10_Renv": [
        13.91848777452888
      ],
      "log10_Ee": [
        49.15773111285993
      ],
      "geocent_time": [
        0.08642793051361283
      ]
    }
  }
}