{
  "injections": {
    "__dataframe__": true,
    "content": {
      "simulation_id": [
        0
      ],
      "luminosity_distance": [
        57.13001407119555
      ],
      "timeshift": [
        -0.7673017834923797
      ],
      "log10_Menv": [
        -2.1010875103493385
      ],
      "log10_Renv": [
        13.740325485192876
      ],
      "log10_Ee": [
        47.79633058496581
      ],
      "geocent_time": [
        0.07241377892333464
      ]
    }
  }
}