{
  "injections": {
    "__dataframe__": true,
    "content": {
      "simulation_id": [
        0
      ],
      "luminosity_distance": [
        73.37614656116375
      ],
      "timeshift": [
        -0.6413091746061657
      ],
      "log10_Menv": [
        -1.3376766610268915
      ],
      "log10_Renv": [
        13.67461019370823
      ],
      "log10_Ee": [
        49.38054171263596
      ],
      "geocent_time": [
        -0.05010462445743605
      ]
    }
  }
}