{
  "injections": {
    "__dataframe__": true,
    "content": {
      "simulation_id": [
        0
      ],
      "luminosity_distance": [
        673.3562651991355
      ],
      "timeshift": [
        -0.9637580365364049
      ],
      "log10_Menv": [
        -0.11276021167491024
      ],
      "log10_Renv": [
        14.617564441408282
      ],
      "log10_Ee": [
        51.82435177144619
      ],
      "geocent_time": [
        -0.031083646351572125
      ]
    }
  }
}