{
  "injections": {
    "__dataframe__": true,
    "content": {
      "simulation_id": [
        0
      ],
      "luminosity_distance": [
        229.5319072815044
      ],
      "timeshift": [
        -0.3275769295689135
      ],
      "log10_Menv": [
        -0.33806478551762353
      ],
      "log10_Renv": [
        13.411232084912733
      ],
      "log10_Ee": [
        50.81607783864183
      ],
      "geocent_time": [
        0.05513223432895534
      ]
    }
  }
}