{
  "injections": {
    "__dataframe__": true,
    "content": {
      "simulation_id": [
        0
      ],
      "luminosity_distance": [
        12.722574406254017
      ],
      "timeshift": [
        -0.7269979735898067
      ],
      "log10_Menv": [
        -0.1877703160201163
      ],
      "log10_Renv": [
        12.572349497445249
      ],
      "log10_Ee": [
        50.03841793064848
      ],
      "geocent_time": [
        -0.061274422216755144
      ]
    }
  }
}