{
  "injections": {
    "__dataframe__": true,
    "content": {
      "simulation_id": [
        0
      ],
      "luminosity_distance": [
        168.83200047318593
      ],
      "timeshift": [
        -1.4160281300452593
      ],
      "log10_Menv": [
        -1.2534655211050731
      ],
      "log10_Renv": [
        13.455125463877398
      ],
      "log10_Ee": [
        51.06769821793323
      ],
      "geocent_time": [
        0.0027394432669515523
      ]
    }
  }
}