{
  "injections": {
    "__dataframe__": true,
    "content": {
      "simulation_id": [
        0
      ],
      "luminosity_distance": [
        465.01655380813764
      ],
      "timeshift": [
        -0.8345195838727288
      ],
      "log10_Menv": [
        -0.5081273449988313
      ],
      "log10_Renv": [
        13.714198206311629
      ],
      "log10_Ee": [
        51.62280414155239
      ],
      "geocent_time": [
        0.06926502334647588
      ]
    }
  }
}