{
  "injections": {
    "__dataframe__": true,
    "content": {
      "simulation_id": [
        0
      ],
      "luminosity_distance": [
        133.0416291841565
      ],
      "timeshift": [
        -0.71591823134517
      ],
      "log10_Menv": [
        -0.3193838525207644
      ],
      "log10_Renv": [
        13.80509834509941
      ],
      "log10_Ee": [
        51.75892518389674
      ],
      "geocent_time": [
        0.020071287302905375
      ]
    }
  }
}