{
  "injections": {
    "__dataframe__": true,
    "content": {
      "simulation_id": [
        0
      ],
      "luminosity_distance": [
        67.92831222540285
      ],
      "timeshift": [
        -0.04205021212075999
      ],
      "log10_Menv": [
        -1.1417154107765093
      ],
      "log10_Renv": [
        14.28571515630081
      ],
      "log10_Ee": [
        47.57454346052585
      ],
      "geocent_time": [
        -0.08376353669580223
      ]
    }
  }
}