{
  "injections": {
    "__dataframe__": true,
    "content": {
      "simulation_id": [
        0
      ],
      "luminosity_distance": [
        436.16986419613903
      ],
      "timeshift": [
        -0.501820405108206
      ],
      "log10_Menv": [
        -0.24116257752064207
      ],
      "log10_Renv": [
        13.56342420401481
      ],
      "log10_Ee": [
        50.33315354062134
      ],
      "geocent_time": [
        -0.07610519260918398
      ]
    }
  }
}