{
  "injections": {
    "__dataframe__": true,
    "content": {
      "simulation_id": [
        0
      ],
      "luminosity_distance": [
        7.47762447411604
      ],
      "timeshift": [
        -1.6956383340231829
      ],
      "log10_Menv": [
        -2.021360375333656
      ],
      "log10_Renv": [
        11.962418173816229
      ],
      "log10_Ee": [
        48.03734365890907
      ],
      "geocent_time": [
        -0.028324184032175
      ]
    }
  }
}