{
  "injections": {
    "__dataframe__": true,
    "content": {
      "simulation_id": [
        0
      ],
      "luminosity_distance": [
        217.2505505774599
      ],
      "timeshift": [
        -0.06445251063258794
      ],
      "log10_Menv": [
        -1.9251888040845264
      ],
      "log10_Renv": [
        13.049126101387639
      ],
      "log10_Ee": [
        51.02932755711769
      ],
      "geocent_time": [
        -0.04404157979781556
      ]
    }
  }
}