{
  "injections": {
    "__dataframe__": true,
    "content": {
      "simulation_id": [
        0
      ],
      "luminosity_distance": [
        727.3439987262116
      ],
      "timeshift": [
        -0.3879303834450931
      ],
      "log10_Menv": [
        -0.5757948360675034
      ],
      "log10_Renv": [
        12.65703961075526
      ],
      "log10_Ee": [
        51.140884541966074
      ],
      "geocent_time": [
        -0.005223503832553364
      ]
    }
  }
}