{
  "injections": {
    "__dataframe__": true,
    "content": {
      "simulation_id": [
        0
      ],
      "luminosity_distance": [
        17.44126661077572
      ],
      "timeshift": [
        -1.5439056967531812
      ],
      "log10_Menv": [
        -1.5705104825155853
      ],
      "log10_Renv": [
        13.665609589278997
      ],
      "log10_Ee": [
        48.5852675836177
      ],
      "geocent_time": [
        0.07780729543657036
      ]
    }
  }
}