{
  "injections": {
    "__dataframe__": true,
    "content": {
      "simulation_id": [
        0
      ],
      "luminosity_distance": [
        383.62311716370345
      ],
      "timeshift": [
        -0.1673064153427748
      ],
      "log10_Menv": [
        -0.7453234396218589
      ],
      "log10_Renv": [
        14.088880205897668
      ],
      "log10_Ee": [
        51.87019433701245
      ],
      "geocent_time": [
        -0.09124407068663731
      ]
    }
  }
}