{
  "injections": {
    "__dataframe__": true,
    "content": {
      "simulation_id": [
        0
      ],
      "luminosity_distance": [
        161.24501698784744
      ],
      "timeshift": [
        -0.8287935138708147
      ],
      "log10_Menv": [
        -1.0076838736625615
      ],
      "log10_Renv": [
        14.463715720017506
      ],
      "log10_Ee": [
        50.40823808534622
      ],
      "geocent_time": [
        0.06145540031045596
      ]
    }
  }
}