{
  "injections": {
    "__dataframe__": true,
    "content": {
      "simulation_id": [
        0
      ],
      "luminosity_distance": [
        259.2613252601239
      ],
      "timeshift": [
        -0.708714542241778
      ],
      "log10_Menv": [
        -0.5455632281520204
      ],
      "log10_Renv": [
        14.177513956503292
      ],
      "log10_Ee": [
        50.107600725542106
      ],
      "geocent_time": [
        0.08118681294744987
      ]
    }
  }
}