{
  "injections": {
    "__dataframe__": true,
    "content": {
      "simulation_id": [
        0
      ],
      "luminosity_distance": [
        7.278246396532295
      ],
      "timeshift": [
        -1.981606646456572
      ],
      "log10_Menv": [
        -1.8433383681039617
      ],
      "log10_Renv": [
        10.173281082122054
      ],
      "log10_Ee": [
        48.9666911623941
      ],
      "geocent_time": [
        -0.036804973473152064
      ]
    }
  }
}