{
  "injections": {
    "__dataframe__": true,
    "content": {
      "simulation_id": [
        0
      ],
      "luminosity_distance": [
        319.60691862105006
      ],
      "timeshift": [
        -1.9552733775549143
      ],
      "log10_Menv": [
        -0.5134018133754656
      ],
      "log10_Renv": [
        13.564132751408488
      ],
      "log10_Ee": [
        51.26836783119895
      ],
      "geocent_time": [
        -0.09687006083316285
      ]
    }
  }
}