{
  "injections": {
    "__dataframe__": true,
    "content": {
      "simulation_id": [
        0
      ],
      "luminosity_distance": [
        588.2457798552117
      ],
      "timeshift": [
        -0.6892205525370865
      ],
      "log10_Menv": [
        -0.022914438301618212
      ],
      "log10_Renv": [
        14.249669626773992
      ],
      "log10_Ee": [
        51.580234795847424
      ],
      "geocent_time": [
        -0.06611789301421041
      ]
    }
  }
}