{
  "injections": {
    "__dataframe__": true,
    "content": {
      "simulation_id": [
        0
      ],
      "luminosity_distance": [
        250.36138525302266
      ],
      "timeshift": [
        -1.6511320454173875
      ],
      "log10_Menv": [
        -0.5969705684837772
      ],
      "log10_Renv": [
        13.91651261007791
      ],
      "log10_Ee": [
        51.76253063334963
      ],
      "geocent_time": [
        0.022711771375563905
      ]
    }
  }
}