{
  "injections": {
    "__dataframe__": true,
    "content": {
      "simulation_id": [
        0
      ],
      "luminosity_distance": [
        82.01247995480054
      ],
      "timeshift": [
        -0.07550951666661088
      ],
      "log10_Menv": [
        -0.8113316974687015
      ],
      "log10_Renv": [
        13.758521631460502
      ],
      "log10_Ee": [
        50.404707192892744
      ],
      "geocent_time": [
        -0.05701253750782387
      ]
    }
  }
}