{
  "injections": {
    "__dataframe__": true,
    "content": {
      "simulation_id": [
        0
      ],
      "luminosity_distance": [
        199.97776465794925
      ],
      "timeshift": [
        -0.40946244436530543
      ],
      "log10_Menv": [
        -0.0772913416129608
      ],
      "log10_Renv": [
        13.787953484889158
      ],
      "log10_Ee": [
        50.9537427820729
      ],
      "geocent_time": [
        -0.058449125222995196
      ]
    }
  }
}