{
  "injections": {
    "__dataframe__": true,
    "content": {
      "simulation_id": [
        0
      ],
      "luminosity_distance": [
        481.89658884994367
      ],
      "timeshift": [
        -1.9835682881696712
      ],
      "log10_Menv": [
        -1.010691906518586
      ],
      "log10_Renv": [
        13.86932590341431
      ],
      "log10_Ee": [
        51.65343099941798
      ],
      "geocent_time": [
        0.00805003757219891
      ]
    }
  }
}