{
  "injections": {
    "__dataframe__": true,
    "content": {
      "simulation_id": [
        0
      ],
      "luminosity_distance": [
        116.69128785239513
      ],
      "timeshift": [
        -0.7326889148628333
      ],
      "log10_Menv": [
        -1.605432901764035
      ],
      "log10_Renv": [
        12.833101609357879
      ],
      "log10_Ee": [
        49.914696573705896
      ],
      "geocent_time": [
        -0.09168606623149196
      ]
    }
  }
}