{
  "injections": {
    "__dataframe__": true,
    "content": {
      "simulation_id": [
        0
      ],
      "luminosity_distance": [
        295.25602373797733
      ],
      "timeshift": [
        -1.442562763557049
      ],
      "log10_Menv": [
        -0.8976700643087518
      ],
      "log10_Renv": [
        13.88725259433052
      ],
      "log10_Ee": [
        50.53857572125662
      ],
      "geocent_time": [
        -0.0962731432195667
      ]
    }
  }
}