{
  "injections": {
    "__dataframe__": true,
    "content": {
      "simulation_id": [
        0
      ],
      "luminosity_distance": [
        692.9781750689751
      ],
      "timeshift": [
        -0.4186738101121963
      ],
      "log10_Menv": [
        -0.8862001630248697
      ],
      "log10_Renv": [
        13.872567974954574
      ],
      "log10_Ee": [
        50.6539499395521
      ],
      "geocent_time": [
        -0.09471966232097268
      ]
    }
  }
}