{
  "injections": {
    "__dataframe__": true,
    "content": {
      "simulation_id": [
        0
      ],
      "luminosity_distance": [
        788.429597905033
      ],
      "timeshift": [
        -1.2102841403334115
      ],
      "log10_Menv": [
        -0.10070620432889843
      ],
      "log10_Renv": [
        13.726756143207165
      ],
      "log10_Ee": [
        51.25251470020996
      ],
      "geocent_time": [
        -0.08717518840789229
      ]
    }
  }
}