{
  "injections": {
    "__dataframe__": true,
    "content": {
      "simulation_id": [
        0
      ],
      "luminosity_distance": [
        815.3371992332598
      ],
      "timeshift": [
        -0.12348726723142822
      ],
      "log10_Menv": [
        -0.9687630567322625
      ],
      "log10_Renv": [
        14.801310920876146
      ],
      "log10_Ee": [
        51.947911361526984
      ],
      "geocent_time": [
        -0.04425753701826227
      ]
    }
  }
}