{
  "injections": {
    "__dataframe__": true,
    "content": {
      "simulation_id": [
        0
      ],
      "luminosity_distance": [
        856.3527629917958
      ],
      "timeshift": [
        -0.008178873464581127
      ],
      "log10_Menv": [
        -0.4143106491831974
      ],
      "log10_Renv": [
        13.640129281575229
      ],
      "log10_Ee": [
        50.44977541766439
      ],
      "geocent_time": [
        -0.037360891235544855
      ]
    }
  }
}