{
    "luminosity_distance": 199.63537443547236,
    "beta": 1.0048338531638608,
    "log10_kappa_r": -0.7253774674300042,
    "KNtimeshift": -1.499785390300866,
    "log10_vej": -1.993915541430055,
    "log10_mej": -2.930940111613842,
    "Ebv": 0.4261630873642279,
    "log_likelihood": -20.951296974241465,
    "log_prior": -10.317137784952276,
    "Best fit index": 5079,
    "Magnitudes": {
        "ztfg": [
            26.141020997700913,
            24.491685090410606,
            23.728297802540773,
            23.136288770748997,
            22.610964081462804,
            22.23136565413676,
            21.904511998706163,
            21.659107366626223,
            21.421345935414244,
            21.236096111595486,
            21.09528363059266,
            20.934361150448183,
            20.865459195583945,
            20.76803797137159,
            20.697892460089115,
            20.59437117971816,
            20.51468881896134,
            20.457732647741807,
            20.422742320860515,
            20.409281997187506,
            20.417254976241658,
            20.446917104755116,
            Infinity
        ],
        "bestfit_sample_times": [
            0.1,
            0.6,
            1.1,
            1.6,
            2.1,
            2.6,
            3.1,
            3.6,
            4.1,
            4.6,
            5.1,
            5.6,
            6.1,
            6.6,
            7.1,
            7.6,
            8.1,
            8.6,
            9.1,
            9.6,
            10.1,
            10.6,
            11.1
        ]
    }
}