{
    "luminosity_distance": 132.45205341078466,
    "beta": 1.1225399663254685,
    "log10_kappa_r": -0.9993677243764032,
    "KNtimeshift": 0.1873029193595732,
    "log10_vej": -1.4523570813224689,
    "log10_mej": -2.2869100237218825,
    "Ebv": 0.4802461295564551,
    "log_likelihood": -5.688500021216772,
    "log_prior": -10.778906096017453,
    "log_bayes_factor": -9.397767611929444,
    "Best fit index": 3349,
    "Magnitudes": {
        "ztfg": [
            23.674146191652447,
            22.368308695514436,
            21.850551131225757,
            21.586157115162813,
            21.42908166821593,
            21.398133583970967,
            Infinity
        ],
        "bestfit_sample_times": [
            0.1,
            0.6,
            1.1,
            1.6,
            2.1,
            2.6,
            3.1
        ]
    }
}