{
    "luminosity_distance": 199.6742364057063,
    "beta": 1.0244406649183682,
    "log10_kappa_r": -0.7755627986799472,
    "KNtimeshift": -1.7373612893663528,
    "log10_vej": -1.9884430295827067,
    "log10_mej": -2.9703735041495247,
    "Ebv": 0.5505321226589382,
    "log_likelihood": -29.85283805294864,
    "log_prior": -12.2173470088526,
    "log_bayes_factor": -46.295366229347,
    "Best fit index": 4840,
    "Magnitudes": {
        "ztfg": [
            26.817498542515324,
            24.983222384986405,
            24.215685875361267,
            23.538315166766523,
            23.03019200383173,
            22.617379698781413,
            22.256900688101204,
            21.920658056436046,
            21.704516360717754,
            21.483414168674216,
            21.247764378717577,
            21.107040993855264,
            20.99895711634158,
            20.802692242214718,
            20.632096088278885,
            20.484998245871736,
            20.359639657578754,
            20.254587467387935,
            20.168677699450257,
            20.100972183156472,
            20.05073122987848,
            20.01739431751235,
            20.000572014556774,
            20.00004380213324,
            20.015766762522397,
            20.047890703769994,
            20.09678748717019,
            20.16309014832983,
            20.24775510045832,
            20.352141956635244,
            Infinity
        ],
        "bestfit_sample_times": [
            0.1,
            0.6,
            1.1,
            1.6,
            2.1,
            2.6,
            3.1,
            3.6,
            4.1,
            4.6,
            5.1,
            5.6,
            6.1,
            6.6,
            7.1,
            7.6,
            8.1,
            8.6,
            9.1,
            9.6,
            10.1,
            10.6,
            11.1,
            11.6,
            12.1,
            12.6,
            13.1,
            13.6,
            14.1,
            14.6,
            15.1
        ]
    }
}