{
    "luminosity_distance": 199.11336850151903,
    "beta": 1.0401664665100672,
    "log10_kappa_r": -0.8973555598718587,
    "KNtimeshift": -1.1506541572436322,
    "log10_vej": -1.995483442469521,
    "log10_mej": -2.8524419869048185,
    "Ebv": 0.5415114471487,
    "log_likelihood": -35.98428488612977,
    "log_prior": -11.871980123428482,
    "Best fit index": 5105,
    "Magnitudes": {
        "ztfg": [
            26.63145062588007,
            24.811674439684616,
            24.050232325061593,
            23.376609984767917,
            22.870492094911583,
            22.45753800389751,
            22.09487338230342,
            21.754706134386204,
            21.535129758592262,
            21.309108173195206,
            21.067198572808024,
            20.920847119564556,
            20.74747619667442,
            20.602461478957274,
            20.423474093031686,
            20.267671067818462,
            20.133267750008265,
            20.018797468412544,
            19.923052272157967,
            19.845038474125264,
            19.78394628995873,
            19.739127587207033,
            19.710082796616202,
            19.696453260870744,
            19.69802131909991,
            19.714715419381495,
            19.74662407990618,
            19.794016430744758,
            19.857375799261767,
            19.937444139776915,
            20.035289150004324,
            20.152391329000316,
            20.29077484422337,
            20.453176555024427,
            Infinity
        ],
        "bestfit_sample_times": [
            0.1,
            0.6,
            1.1,
            1.6,
            2.1,
            2.6,
            3.1,
            3.6,
            4.1,
            4.6,
            5.1,
            5.6,
            6.1,
            6.6,
            7.1,
            7.6,
            8.1,
            8.6,
            9.1,
            9.6,
            10.1,
            10.6,
            11.1,
            11.6,
            12.1,
            12.6,
            13.1,
            13.6,
            14.1,
            14.6,
            15.1,
            15.6,
            16.1,
            16.6,
            17.1
        ]
    }
}