{
    "luminosity_distance": 198.0207546803048,
    "beta": 1.0067613714590755,
    "log10_kappa_r": -0.952328451714528,
    "KNtimeshift": -1.1547558502533088,
    "log10_vej": -1.9972745961677416,
    "log10_mej": -2.845720946207497,
    "Ebv": 0.5651658859873477,
    "log_likelihood": -42.39762920831267,
    "log_prior": -13.323557886738037,
    "log_bayes_factor": -62.309535494178476,
    "Best fit index": 4716,
    "Magnitudes": {
        "ztfg": [
            26.66742896506885,
            24.888022909752202,
            24.092756509744454,
            23.48356271540728,
            22.93061021790598,
            22.522609496356786,
            22.161979295616398,
            21.82091264767849,
            21.602001339402406,
            21.373767139764567,
            21.126762651648413,
            20.97700521770132,
            20.7973708356892,
            20.58378809415185,
            20.39501464636364,
            20.228854961498094,
            20.083510316838492,
            19.95749323750156,
            19.84956694110022,
            19.758699842198148,
            19.684033067251818,
            19.624856028731433,
            19.580589807953906,
            19.550775521484805,
            19.53506840545029,
            19.533235791841143,
            19.545160548837956,
            19.570848681864803,
            19.610443801519136,
            19.664247479992827,
            19.732750219435665,
            19.81667230333387,
            19.91702334929542,
            20.035179928443107,
            20.172999115081055,
            20.332966315276465,
            20.518416776581816,
            20.733821550121355,
            Infinity
        ],
        "bestfit_sample_times": [
            0.1,
            0.6,
            1.1,
            1.6,
            2.1,
            2.6,
            3.1,
            3.6,
            4.1,
            4.6,
            5.1,
            5.6,
            6.1,
            6.6,
            7.1,
            7.6,
            8.1,
            8.6,
            9.1,
            9.6,
            10.1,
            10.6,
            11.1,
            11.6,
            12.1,
            12.6,
            13.1,
            13.6,
            14.1,
            14.6,
            15.1,
            15.6,
            16.1,
            16.6,
            17.1,
            17.6,
            18.1,
            18.6,
            19.1
        ]
    }
}