{
    "luminosity_distance": 167.8468201383139,
    "KNtimeshift": -0.0596781771851163,
    "supernova_mag_boost": -0.4642060250254483,
    "Ebv": 0.2035528743617919,
    "log_likelihood": -23.923743700617,
    "log_prior": -6.501611758379006,
    "log_bayes_factor": -27.393822536859005,
    "Best fit index": 2455,
    "Magnitudes": {
        "ztfg": [
            20.360774601365215,
            18.415396475562012,
            17.790420974389264,
            17.571584039635546,
            17.38954221950359,
            17.233684933159836,
            17.097418115995126,
            16.97636230104856,
            16.86746003102389,
            16.768492079087856,
            16.677796532027607,
            16.594096509233445,
            16.516389703229294,
            16.44387489426685,
            16.375901514764237,
            16.318523698638813,
            16.26693391667174,
            16.217684679118165,
            16.170572797604727,
            16.12542044562514,
            16.08207110572976,
            16.040386295257548,
            16.00024289776178,
            15.961530970458888,
            15.924151929304614,
            15.895957091197232,
            15.885465424963655
        ],
        "bestfit_sample_times": [
            0.1,
            0.6,
            1.1,
            1.6,
            2.1,
            2.6,
            3.1,
            3.6,
            4.1,
            4.6,
            5.1,
            5.6,
            6.1,
            6.6,
            7.1,
            7.6,
            8.1,
            8.6,
            9.1,
            9.6,
            10.1,
            10.6,
            11.1,
            11.6,
            12.1,
            12.6,
            13.1
        ]
    }
}