{
    "luminosity_distance": 178.48115838492387,
    "KNtimeshift": -0.0805688637523612,
    "supernova_mag_boost": -0.6221716084217563,
    "Ebv": 0.386192109117868,
    "log_likelihood": -31.27425506326434,
    "log_prior": -7.185130280438616,
    "Best fit index": 2933,
    "Magnitudes": {
        "ztfg": [
            20.358551526952745,
            18.41317340115243,
            17.786989019489827,
            17.568372645577977,
            17.38648331901192,
            17.230737756216666,
            17.09455631479562,
            16.97356786510979,
            16.86472010520487,
            16.765797167408305,
            16.67513942107185,
            16.5914715908653,
            16.51379253116529,
            16.44130188386894,
            16.373349733911073,
            16.314094124700663,
            16.260289393805582,
            16.209025586920152,
            16.160073497782857,
            16.113233599920218,
            16.06833113368422,
            16.025212169588283,
            15.98374042400275,
            15.943794660998268,
            15.905266555447621,
            15.874619229602889,
            15.86309201803132,
            15.85168590575707,
            15.840398374788965,
            15.829226984862533,
            15.818169370273434,
            15.807223236870588,
            15.79638635919935,
            15.78565657778584,
            15.775031796554156
        ],
        "bestfit_sample_times": [
            0.1,
            0.6,
            1.1,
            1.6,
            2.1,
            2.6,
            3.1,
            3.6,
            4.1,
            4.6,
            5.1,
            5.6,
            6.1,
            6.6,
            7.1,
            7.6,
            8.1,
            8.6,
            9.1,
            9.6,
            10.1,
            10.6,
            11.1,
            11.6,
            12.1,
            12.6,
            13.1,
            13.6,
            14.1,
            14.6,
            15.1,
            15.6,
            16.1,
            16.6,
            17.1
        ]
    }
}