{
    "luminosity_distance": 171.13349621802377,
    "KNtimeshift": -0.0687172560763708,
    "supernova_mag_boost": -0.5274533959759822,
    "Ebv": 0.388227316553848,
    "log_likelihood": -27.596897367348557,
    "log_prior": -7.196120208426827,
    "Best fit index": 2621,
    "Magnitudes": {
        "ztfg": [
            20.344979075556687,
            18.399600949754145,
            17.774251273153055,
            17.555482602615953,
            17.37348797408376,
            17.21766525949368,
            17.08142485935757,
            16.96038988760956,
            16.851504482675274,
            16.752550457391862,
            16.661866604961112,
            16.578176541553077,
            16.500478319229494,
            16.427970984869745,
            16.36000417280006,
            16.30280084402426,
            16.251581579496374,
            16.20267010698781,
            16.15586739710949,
            16.11099910677398,
            16.067911658202043,
            16.026469066766417,
            15.986550352351244,
            15.948047409980035,
            15.91086324527528,
            15.882424238856927,
            15.87211062354497,
            15.861894058060251,
            15.85177273296273,
            15.841744888949336,
            15.831808815018633
        ],
        "bestfit_sample_times": [
            0.1,
            0.6,
            1.1,
            1.6,
            2.1,
            2.6,
            3.1,
            3.6,
            4.1,
            4.6,
            5.1,
            5.6,
            6.1,
            6.6,
            7.1,
            7.6,
            8.1,
            8.6,
            9.1,
            9.6,
            10.1,
            10.6,
            11.1,
            11.6,
            12.1,
            12.6,
            13.1,
            13.6,
            14.1,
            14.6,
            15.1
        ]
    }
}