{
    "luminosity_distance": 189.44355370881132,
    "KNtimeshift": -0.0636521105110985,
    "supernova_mag_boost": -0.7739018139566038,
    "Ebv": 0.2637795822342501,
    "log_likelihood": -16.562793723567914,
    "log_prior": -6.679881922613259,
    "Best fit index": 2569,
    "Magnitudes": {
        "ztfg": [
            20.33947359599512,
            18.39409547019492,
            17.76667028756806,
            17.548280096006224,
            17.366547204090466,
            17.210916280513196,
            17.074822459014733,
            16.95390315520153,
            16.845111352602736,
            16.746234628316017,
            16.65561569287697,
            16.57198091772112,
            16.494330349263073,
            16.42186451353173,
            16.353934165073213,
            16.293185682940965,
            16.237513252584506,
            16.184556794326134,
            16.134063592436597
        ],
        "bestfit_sample_times": [
            0.1,
            0.6,
            1.1,
            1.6,
            2.1,
            2.6,
            3.1,
            3.6,
            4.1,
            4.6,
            5.1,
            5.6,
            6.1,
            6.6,
            7.1,
            7.6,
            8.1,
            8.6,
            9.1
        ]
    }
}