{
    "luminosity_distance": 5.316688963183112,
    "KNphi": 48.11188532773982,
    "inclination_EM": 0.7801153371402307,
    "timeshift": 0.1898107030528919,
    "log10_mej_dyn": -2.2531921655238425,
    "log10_mej_wind": -0.5177431843381015,
    "Ebv": 0.0,
    "log_likelihood": -13.84736551328404,
    "log_prior": -9.505654444089885,
    "log_bayes_factor": -21.8057851590813,
    "log_bayes_factor_err": 0.06750130419099162,
    "Best fit index": 5535,
    "Magnitudes": {
        "ztfg": [
            17.518477167503708,
            13.908361773018534,
            13.885030442393042,
            14.090529647439677,
            14.47920528761583,
            14.879672996919206,
            15.139333751993963,
            15.417817295058555,
            15.513797046463633,
            15.633956119906378,
            15.767806602195458
        ],
        "bestfit_sample_times": [
            0.2898107030528919,
            0.7898107030528919,
            1.289810703052892,
            1.789810703052892,
            2.289810703052892,
            2.789810703052892,
            3.289810703052892,
            3.789810703052892,
            4.289810703052892,
            4.789810703052892,
            5.289810703052892
        ]
    }
}