{
    "luminosity_distance": 7.397179106852459,
    "KNphi": 49.72585100878832,
    "inclination_EM": 0.7541658570282715,
    "timeshift": 0.1519280310539343,
    "log10_mej_dyn": -2.401262135055995,
    "log10_mej_wind": -0.6067797325444579,
    "Ebv": 0.0,
    "log_likelihood": -6.665414221709299,
    "log_prior": -9.532572339451365,
    "log_bayes_factor": -12.329723731991631,
    "log_bayes_factor_err": 0.05568293103146804,
    "Best fit index": 5671,
    "Magnitudes": {
        "ztfg": [
            18.157470084858176,
            14.604618051829094,
            14.579650356051514,
            14.805930755704582,
            15.213631289587118,
            15.635746441801464,
            15.928510525346068
        ],
        "bestfit_sample_times": [
            0.2519280310539343,
            0.7519280310539342,
            1.2519280310539345,
            1.7519280310539345,
            2.2519280310539345,
            2.7519280310539345,
            3.2519280310539345
        ]
    }
}