{
    "luminosity_distance": 3.296195335910414,
    "KNphi": 49.34186891253613,
    "inclination_EM": 0.7844910266477497,
    "timeshift": 0.5991899217258734,
    "log10_mej_dyn": -2.5633034780596704,
    "log10_mej_wind": -0.5107803288233925,
    "Ebv": 0.0,
    "log_likelihood": -32.155021014897464,
    "log_prior": -9.501251570912649,
    "log_bayes_factor": -44.35427622097022,
    "log_bayes_factor_err": 0.09223983555080514,
    "Best fit index": 6143,
    "Magnitudes": {
        "ztfg": [
            16.341494964816015,
            12.915992145782543,
            12.906227295864825,
            13.099183635475063,
            13.470825989554601,
            13.889986875432466,
            14.197843451220127,
            14.468169108285247,
            14.58381885322449,
            14.708315589812594,
            14.825460496074061,
            14.967738894189967,
            15.089359638978339,
            15.201987889768924,
            15.330985121154265,
            15.518154682532767,
            15.67167354726039,
            15.915035261897122,
            16.182108667088066
        ],
        "bestfit_sample_times": [
            0.6991899217258734,
            1.1991899217258735,
            1.6991899217258735,
            2.1991899217258735,
            2.6991899217258735,
            3.1991899217258735,
            3.6991899217258735,
            4.199189921725873,
            4.699189921725873,
            5.199189921725873,
            5.699189921725873,
            6.199189921725873,
            6.699189921725873,
            7.199189921725873,
            7.699189921725873,
            8.199189921725873,
            8.699189921725873,
            9.199189921725873,
            9.699189921725873
        ]
    }
}