{
    "luminosity_distance": 76.77357338563144,
    "beta": 3.6878575390813255,
    "log10_kappa_r": -0.4683598691932004,
    "KNtimeshift": -0.0761299462344013,
    "log10_vej": -1.427203394067957,
    "log10_mej": -2.3814309108878486,
    "Ebv": 0.2693894710680529,
    "log_likelihood": -14.8397951107518,
    "log_prior": -9.588598226953016,
    "Best fit index": 3550,
    "Magnitudes": {
        "ztfg": [
            23.411810225274394,
            20.76649140937358,
            19.790780589588763,
            19.036094865807947,
            18.47271856832971,
            18.066907374487137,
            17.766069252960314,
            17.562991957480396,
            17.46137594138431,
            17.45540877163019,
            17.500723519893505,
            17.641961074745495,
            17.920395654707015,
            18.38499932694252,
            19.133386339768762,
            20.349959484606885,
            22.439248165125292,
            25.978981095754982,
            34.52497900531647,
            38.166042716050406,
            41.508473348042685,
            42.31271698645418,
            43.38423217061042,
            44.439123693962436,
            45.493510546576246,
            46.546945599506856,
            47.599524808777524,
            48.65132059913494,
            49.7023921708299,
            50.75278724267264,
            51.802543802145294,
            52.851691738237776,
            53.90025430706103,
            54.948249411481854,
            Infinity
        ],
        "bestfit_sample_times": [
            0.1,
            0.6,
            1.1,
            1.6,
            2.1,
            2.6,
            3.1,
            3.6,
            4.1,
            4.6,
            5.1,
            5.6,
            6.1,
            6.6,
            7.1,
            7.6,
            8.1,
            8.6,
            9.1,
            9.6,
            10.1,
            10.6,
            11.1,
            11.6,
            12.1,
            12.6,
            13.1,
            13.6,
            14.1,
            14.6,
            15.1,
            15.6,
            16.1,
            16.6,
            17.1
        ]
    }
}