{
    "luminosity_distance": 79.65300430319384,
    "beta": 3.395893551950952,
    "log10_kappa_r": -0.7191719968794233,
    "KNtimeshift": -0.0368648556825548,
    "log10_vej": -1.8877779720971832,
    "log10_mej": -0.6519147557039102,
    "Ebv": 0.3029565004940202,
    "log_likelihood": -14.81939022640766,
    "log_prior": -9.706007061767878,
    "Best fit index": 3653,
    "Magnitudes": {
        "ztfg": [
            22.92090786351072,
            20.5604769730112,
            19.803768120780347,
            19.04577166160098,
            18.51572900813624,
            18.1174115595472,
            17.836451358757834,
            17.638167977027294,
            17.540897484907667,
            17.531687493982968,
            17.5946803077738,
            17.75085672259458,
            18.031599109304942,
            18.43907466486354,
            19.104362382954818,
            19.91435166484765,
            22.80589686606335,
            22.069860044758634,
            Infinity
        ],
        "bestfit_sample_times": [
            0.1,
            0.6,
            1.1,
            1.6,
            2.1,
            2.6,
            3.1,
            3.6,
            4.1,
            4.6,
            5.1,
            5.6,
            6.1,
            6.6,
            7.1,
            7.6,
            8.1,
            8.6,
            9.1
        ]
    }
}