{
    "luminosity_distance": 92.6781746829182,
    "beta": 3.274480674300619,
    "log10_kappa_r": -0.4236398617193353,
    "KNtimeshift": -0.0147486978220097,
    "log10_vej": -1.5242582884267633,
    "log10_mej": -2.2076532357590164,
    "Ebv": 0.0705862530603302,
    "log_likelihood": -9.231734392546642,
    "log_prior": -9.08413675199548,
    "Best fit index": 3073,
    "Magnitudes": {
        "ztfg": [
            23.00842275771435,
            20.52575929994513,
            19.645230651185962,
            18.90997458310907,
            18.378426912175613,
            17.98286939579112,
            17.70668883223801,
            17.526156039781842,
            17.429670761938674,
            17.44822908140762,
            Infinity
        ],
        "bestfit_sample_times": [
            0.1,
            0.6,
            1.1,
            1.6,
            2.1,
            2.6,
            3.1,
            3.6,
            4.1,
            4.6,
            5.1
        ]
    }
}