{
    "luminosity_distance": 46.23592937875819,
    "beta": 4.259034594946912,
    "log10_kappa_r": 0.3696802306788371,
    "KNtimeshift": -0.1844912642911547,
    "log10_vej": -1.6611136192277656,
    "log10_mej": -2.181231192145731,
    "Ebv": 0.4268943312090328,
    "log_likelihood": -12.953022454463474,
    "log_prior": -10.322150734193718,
    "Best fit index": 3707,
    "Magnitudes": {
        "ztfg": [
            23.600098961407475,
            20.98536355891077,
            20.146881895837147,
            19.263972361861292,
            18.61751162241402,
            18.136902506590957,
            17.782172202447093,
            17.5488319328594,
            17.411988381287784,
            17.364178623147453,
            17.422034286879317,
            17.59480523104984,
            17.908373799634596,
            18.397794506253085,
            Infinity
        ],
        "bestfit_sample_times": [
            0.1,
            0.6,
            1.1,
            1.6,
            2.1,
            2.6,
            3.1,
            3.6,
            4.1,
            4.6,
            5.1,
            5.6,
            6.1,
            6.6,
            7.1
        ]
    }
}