{
  "injections": {
    "__dataframe__": true,
    "content": {
      "simulation_id": [
        0
      ],
      "luminosity_distance": [
        186.551277366847
      ],
      "timeshift": [
        -0.14584801603234365
      ],
      "supernova_mag_boost": [
        1.6914883992276133
      ],
      "geocent_time": [
        0.017108404749218292
      ]
    }
  }
}