{
  "injections": {
    "__dataframe__": true,
    "content": {
      "simulation_id": [
        0
      ],
      "luminosity_distance": [
        84.24389850205468
      ],
      "beta": [
        3.8986622008190293
      ],
      "log10_kappa_r": [
        -0.21538564709369135
      ],
      "timeshift": [
        -1.091025344868057
      ],
      "log10_vej": [
        -1.035298902253235
      ],
      "log10_mej": [
        -0.8489255684890828
      ],
      "geocent_time": [
        0.08191751243475529
      ]
    }
  }
}