{
  "injections": {
    "__dataframe__": true,
    "content": {
      "simulation_id": [
        0
      ],
      "luminosity_distance": [
        176.22062918964238
      ],
      "timeshift": [
        0.07602237885698826
      ],
      "supernova_mag_boost": [
        -2.1775684638383974
      ],
      "geocent_time": [
        -0.05388597996106162
      ]
    }
  }
}