{
  "injections": {
    "__dataframe__": true,
    "content": {
      "simulation_id": [
        0
      ],
      "luminosity_distance": [
        213.64738808147365
      ],
      "timeshift": [
        0.956188253301125
      ],
      "supernova_mag_boost": [
        -1.7203442166536318
      ],
      "geocent_time": [
        0.04384439493729303
      ]
    }
  }
}