{
  "injections": {
    "__dataframe__": true,
    "content": {
      "simulation_id": [
        0
      ],
      "luminosity_distance": [
        151.9013057561593
      ],
      "KNtimeshift": [
        0.9252968293558501
      ],
      "supernova_mag_boost": [
        3.359801205122059
      ],
      "geocent_time": [
        0.03919484121873959
      ]
    }
  }
}