{
    "luminosity_distance": 170.13696197511442,
    "KNtimeshift": -0.0110583042313985,
    "supernova_mag_boost": 3.885076915662392,
    "Ebv": 0.4588154725935653,
    "log_likelihood": -31.05301785668541,
    "log_prior": -7.679446728310295,
    "Best fit index": 2572,
    "Magnitudes": {
        "ztfg": [
            24.742935594821496,
            22.79755746901871,
            22.172321191384018,
            21.953531831595416,
            21.771522899887938,
            21.615689706762883,
            21.479441299593663,
            21.358400010151303,
            21.249509493248464,
            21.150551246623085,
            21.059863849375244,
            20.97617076710735,
            20.898469942908253,
            20.825960342843747,
            20.757991540042017,
            20.700826417177122,
            20.64961779255631,
            20.60071602268083,
            20.553922196784168,
            20.509062071194354,
            20.465982152076794,
            20.424546526174726,
            20.38463427443806,
            20.346137344446344,
            20.308958787300764,
            20.280654347498153,
            20.27034553548395,
            20.260133683345433,
            20.250016984145912,
            20.239993680993624,
            20.2300620652106,
            20.220220474584455,
            20.21046729169876,
            20.200800942337697,
            20.191219893961165
        ],
        "bestfit_sample_times": [
            0.1,
            0.6,
            1.1,
            1.6,
            2.1,
            2.6,
            3.1,
            3.6,
            4.1,
            4.6,
            5.1,
            5.6,
            6.1,
            6.6,
            7.1,
            7.6,
            8.1,
            8.6,
            9.1,
            9.6,
            10.1,
            10.6,
            11.1,
            11.6,
            12.1,
            12.6,
            13.1,
            13.6,
            14.1,
            14.6,
            15.1,
            15.6,
            16.1,
            16.6,
            17.1
        ]
    }
}