{
    "luminosity_distance": 214.96484215131,
    "KNtimeshift": 0.167968345547937,
    "supernova_mag_boost": 3.2294105382646165,
    "Ebv": 0.1875445163751981,
    "log_likelihood": -12.357563892815785,
    "log_prior": -6.459126126301239,
    "Best fit index": 2264,
    "Magnitudes": {
        "ztfg": [
            24.647110895163472,
            22.701732769366863,
            22.071439671287365,
            21.853571497329078,
            21.672199859336075,
            21.516833781056363,
            21.380942445946644,
            21.260182973881292,
            21.151520542137035,
            21.05275067812407,
            20.962221497414355,
            20.87866317430209,
            20.801078508578094,
            20.728670068833985,
            20.66079015683851
        ],
        "bestfit_sample_times": [
            0.1,
            0.6,
            1.1,
            1.6,
            2.1,
            2.6,
            3.1,
            3.6,
            4.1,
            4.6,
            5.1,
            5.6,
            6.1,
            6.6,
            7.1
        ]
    }
}