{
    "luminosity_distance": 168.01422625731928,
    "KNtimeshift": 0.0115514221197219,
    "supernova_mag_boost": 3.9052360694078825,
    "Ebv": 0.0665522546881351,
    "log_likelihood": -23.616906544134157,
    "log_prior": -6.1857582974975625,
    "Best fit index": 2446,
    "Magnitudes": {
        "ztfg": [
            24.732596064207726,
            22.787217938404538,
            22.162223366610817,
            21.94338991099867,
            21.761350495903784,
            21.605494971385824,
            21.46922950043463,
            21.348174747636897,
            21.239273337026425,
            21.14030609475762,
            21.049611143619636,
            20.965911628320285,
            20.88820525970634,
            20.815690831617246,
            20.747717786760482,
            20.690367062871374,
            20.63882044531661,
            20.58961054526022,
            20.54253466166155,
            20.497415375971457,
            20.454096514850235,
            20.412439887919746,
            20.37232262859225,
            20.33363500894687,
            20.296278630725638,
            20.268083269997312,
            20.25761224726004
        ],
        "bestfit_sample_times": [
            0.1,
            0.6,
            1.1,
            1.6,
            2.1,
            2.6,
            3.1,
            3.6,
            4.1,
            4.6,
            5.1,
            5.6,
            6.1,
            6.6,
            7.1,
            7.6,
            8.1,
            8.6,
            9.1,
            9.6,
            10.1,
            10.6,
            11.1,
            11.6,
            12.1,
            12.6,
            13.1
        ]
    }
}