{
    "luminosity_distance": 171.929592259218,
    "KNtimeshift": -0.0569269718145207,
    "supernova_mag_boost": 3.8668822773068,
    "Ebv": 0.1448383830297804,
    "log_likelihood": -27.34326626533569,
    "log_prior": -6.353895611658525,
    "Best fit index": 2758,
    "Magnitudes": {
        "ztfg": [
            24.751079630930683,
            22.805701505128354,
            22.18026127122775,
            21.961509123437168,
            21.779525917966346,
            21.623711572105776,
            21.48747756692091,
            21.36644764096529,
            21.257566318877515,
            21.158615665137624,
            21.067934643934976,
            20.98424699168868,
            20.90655084749133,
            20.834045322764474,
            20.766080100710816,
            20.708781998851883,
            20.657465872702225,
            20.608466079513477,
            20.561582507929927,
            20.516639908244606,
            20.47348393726736,
            20.43197795970689,
            20.392000438804075,
            20.353442790569602,
            20.31620760616635,
            20.2876175539499,
            20.277257842048698,
            20.26699604532807,
            20.256830330207137,
            20.246758914131632,
            20.236780063698006
        ],
        "bestfit_sample_times": [
            0.1,
            0.6,
            1.1,
            1.6,
            2.1,
            2.6,
            3.1,
            3.6,
            4.1,
            4.6,
            5.1,
            5.6,
            6.1,
            6.6,
            7.1,
            7.6,
            8.1,
            8.6,
            9.1,
            9.6,
            10.1,
            10.6,
            11.1,
            11.6,
            12.1,
            12.6,
            13.1,
            13.6,
            14.1,
            14.6,
            15.1
        ]
    }
}