{
    "luminosity_distance": 174.3993553763404,
    "KNtimeshift": 0.1444499477424783,
    "supernova_mag_boost": 3.7536407913826046,
    "Ebv": 0.0268607912617056,
    "log_likelihood": -16.10650248978756,
    "log_prior": -6.110219343525543,
    "Best fit index": 2926,
    "Magnitudes": {
        "ztfg": [
            24.67466196796739,
            22.72928384216583,
            22.103562854154955,
            21.884861934217785,
            21.702914147180213,
            21.547125750437527,
            21.41091157478237,
            21.28989729520904,
            21.181028633744912,
            21.08208843507472,
            20.991416193540385,
            20.907736018406172,
            20.83004631861873,
            20.757546405726973,
            20.68958611448834,
            20.631713339974848,
            20.57970245737646,
            20.530069610332323,
            20.482606817003305
        ],
        "bestfit_sample_times": [
            0.1,
            0.6,
            1.1,
            1.6,
            2.1,
            2.6,
            3.1,
            3.6,
            4.1,
            4.6,
            5.1,
            5.6,
            6.1,
            6.6,
            7.1,
            7.6,
            8.1,
            8.6,
            9.1
        ]
    }
}