{
    "luminosity_distance": 160.8550447653877,
    "KNtimeshift": 0.1895585816243508,
    "supernova_mag_boost": 3.892543487813168,
    "Ebv": 0.5031273705452284,
    "log_likelihood": -8.627223604209094,
    "log_prior": -8.173944152095759,
    "Best fit index": 2866,
    "Magnitudes": {
        "ztfg": [
            24.61940736430661,
            22.674029238502808,
            22.04985138053792,
            21.830868884875212,
            21.648726454077472,
            21.492795470782998,
            21.356472345128918,
            21.23537210546463,
            21.12643389152574,
            21.027436259571996,
            20.93671579022804
        ],
        "bestfit_sample_times": [
            0.1,
            0.6,
            1.1,
            1.6,
            2.1,
            2.6,
            3.1,
            3.6,
            4.1,
            4.6,
            5.1
        ]
    }
}