{
    "luminosity_distance": 179.1062557941824,
    "timeshift": 0.723352514528625,
    "inclination_EM": 0.1483888733743089,
    "log10_n0": -0.3122342598936507,
    "p": 2.1018754332695937,
    "log10_epsilon_e": -2.0393722619682726,
    "log10_epsilon_B": -2.3118695331695567,
    "log10_E0": 53.0,
    "thetaCore": 0.05,
    "thetaWing": 0.1,
    "ksiN": 1.0,
    "L0": 0.0,
    "dL": 3.09e+19,
    "b": 6.0,
    "q": 0.0,
    "ts": 0.0,
    "Ebv": 0.0,
    "log_likelihood": -12.819752128624351,
    "log_prior": -10.244380970400442,
    "log_bayes_factor": -18.702773123591495,
    "log_bayes_factor_err": 0.0644542371890154,
    "Best fit index": 3236,
    "Magnitudes": {
        "ztfg": [
            20.354766324859618,
            19.265873700649333,
            19.350993041115018,
            19.497201502706837,
            19.66679447652578,
            19.852726025557825,
            20.04760141225744,
            20.248528474564345,
            20.45657885834476,
            20.671104460486852,
            20.891045243015146,
            21.11099218165703,
            21.330957942404588,
            21.550923703152147,
            21.76340156191241,
            21.96122467713863,
            22.159047792364852,
            22.356870907591077,
            22.532595949097203,
            22.696819445072983,
            22.86104294104876
        ],
        "bestfit_sample_times": [
            0.823352514528625,
            1.323352514528625,
            1.8233525145286251,
            2.323352514528625,
            2.823352514528625,
            3.323352514528625,
            3.823352514528625,
            4.323352514528625,
            4.823352514528625,
            5.323352514528625,
            5.823352514528625,
            6.323352514528625,
            6.823352514528625,
            7.323352514528625,
            7.823352514528625,
            8.323352514528624,
            8.823352514528624,
            9.323352514528624,
            9.823352514528624,
            10.323352514528624,
            10.823352514528624
        ]
    }
}