{
    "luminosity_distance": 169.93632500367374,
    "timeshift": -0.0699546410198718,
    "inclination_EM": 0.1662828699432856,
    "log10_n0": -1.228013456755653,
    "p": 2.166512444767487,
    "log10_epsilon_e": -1.0046937675852596,
    "log10_epsilon_B": -2.8642194846369926,
    "log10_E0": 53.0,
    "thetaCore": 0.05,
    "thetaWing": 0.1,
    "ksiN": 1.0,
    "L0": 0.0,
    "dL": 3.09e+19,
    "b": 6.0,
    "q": 0.0,
    "ts": 0.0,
    "Ebv": 0.0,
    "log_likelihood": -7.454486710379784,
    "log_prior": -10.131466960418775,
    "log_bayes_factor": -12.811352012315709,
    "log_bayes_factor_err": 0.062070981577870936,
    "Best fit index": 3606,
    "Magnitudes": {
        "ztfg": [
            26.50543116557995,
            20.401906576706196,
            19.790308593337784,
            19.651672290901598,
            19.592013683375015,
            19.59798937502889,
            19.603965066682765,
            19.650386481009143,
            19.698473791326233
        ],
        "bestfit_sample_times": [
            0.03004535898012821,
            0.5300453589801282,
            1.0300453589801284,
            1.5300453589801284,
            2.030045358980128,
            2.530045358980128,
            3.030045358980128,
            3.530045358980128,
            4.030045358980128
        ]
    }
}