{
    "luminosity_distance": 179.27681471754744,
    "timeshift": -0.0268943265672907,
    "inclination_EM": 0.1916340437056574,
    "log10_n0": -0.0505420089422972,
    "p": 2.437784110808126,
    "log10_epsilon_e": -1.4532361033082914,
    "log10_epsilon_B": -2.8271270820247945,
    "log10_E0": 53.0,
    "thetaCore": 0.05,
    "thetaWing": 0.1,
    "ksiN": 1.0,
    "L0": 0.0,
    "dL": 3.09e+19,
    "b": 6.0,
    "q": 0.0,
    "ts": 0.0,
    "Ebv": 0.0,
    "log_likelihood": -12.89460012109467,
    "log_prior": -9.991085327498054,
    "log_bayes_factor": -18.69906630476991,
    "log_bayes_factor_err": 0.06395458196885977,
    "Best fit index": 4042,
    "Magnitudes": {
        "ztfg": [
            25.376489804749227,
            20.054061809247212,
            19.620859217715406,
            19.571758266008644,
            19.625321690568395,
            19.723272608114566,
            19.84369434552082,
            19.998360323056023,
            20.157591290133297,
            20.336044041399404,
            20.53004517685463,
            20.72404631230986,
            20.927781496751194,
            21.148503917439587,
            21.36922633812798
        ],
        "bestfit_sample_times": [
            0.07310567343270931,
            0.5731056734327092,
            1.0731056734327094,
            1.5731056734327094,
            2.0731056734327096,
            2.5731056734327096,
            3.0731056734327096,
            3.5731056734327096,
            4.073105673432709,
            4.573105673432709,
            5.073105673432709,
            5.573105673432709,
            6.073105673432709,
            6.573105673432709,
            7.073105673432709
        ]
    }
}