{
    "luminosity_distance": 151.41086168022298,
    "timeshift": -0.0659667949829362,
    "inclination_EM": 0.1812446953312826,
    "log10_n0": -0.643497680435039,
    "p": 2.222682316567712,
    "log10_epsilon_e": -1.3513573116145432,
    "log10_epsilon_B": -2.8635663189702267,
    "log10_E0": 53.0,
    "thetaCore": 0.05,
    "thetaWing": 0.1,
    "ksiN": 1.0,
    "L0": 0.0,
    "dL": 3.09e+19,
    "b": 6.0,
    "q": 0.0,
    "ts": 0.0,
    "Ebv": 0.0,
    "log_likelihood": -9.336953471795573,
    "log_prior": -10.04617766869035,
    "log_bayes_factor": -14.947386697799587,
    "log_bayes_factor_err": 0.06409238043440249,
    "Best fit index": 3538,
    "Magnitudes": {
        "ztfg": [
            26.807120057373616,
            20.550004024632447,
            19.8674917672664,
            19.695562465664164,
            19.651371242498815,
            19.650238263754503,
            19.697842973116384,
            19.7548413107786,
            19.816057609126833,
            19.91062700384514,
            20.00519639856345
        ],
        "bestfit_sample_times": [
            0.034033205017063806,
            0.5340332050170638,
            1.034033205017064,
            1.534033205017064,
            2.0340332050170638,
            2.5340332050170638,
            3.0340332050170638,
            3.5340332050170638,
            4.034033205017064,
            4.534033205017064,
            5.034033205017064
        ]
    }
}