{
    "luminosity_distance": 160.33803740480454,
    "timeshift": -0.0596986438422444,
    "inclination_EM": 0.1958657499658138,
    "log10_n0": 0.0352096038530862,
    "p": 2.3308082979662115,
    "log10_epsilon_e": -1.6940699505167447,
    "log10_epsilon_B": -2.6583671175166685,
    "log10_E0": 53.0,
    "thetaCore": 0.05,
    "thetaWing": 0.1,
    "ksiN": 1.0,
    "L0": 0.0,
    "dL": 3.09e+19,
    "b": 6.0,
    "q": 0.0,
    "ts": 0.0,
    "Ebv": 0.0,
    "log_likelihood": -11.5324461501166,
    "log_prior": -9.969517367038032,
    "log_bayes_factor": -17.25778928670948,
    "log_bayes_factor_err": 0.06480067397666388,
    "Best fit index": 3138,
    "Magnitudes": {
        "ztfg": [
            26.051988760357112,
            20.241506758663785,
            19.70205952573096,
            19.600963856656296,
            19.625384171550134,
            19.694083875251295,
            19.810739151558188,
            19.93713892338311,
            20.097733868103575,
            20.258328812824036,
            20.429255491491162,
            20.631924538915563,
            20.834593586339963
        ],
        "bestfit_sample_times": [
            0.040301356157755604,
            0.5403013561577555,
            1.0403013561577557,
            1.5403013561577557,
            2.0403013561577557,
            2.5403013561577557,
            3.0403013561577557,
            3.5403013561577557,
            4.040301356157755,
            4.540301356157755,
            5.040301356157755,
            5.540301356157755,
            6.040301356157755
        ]
    }
}