{
    "luminosity_distance": 165.49043873389738,
    "KNtimeshift": -0.0404868330414379,
    "supernova_mag_boost": -2.9678599463140163,
    "Ebv": 0.1422635076825446,
    "log_likelihood": -34.94339781318777,
    "log_prior": -6.347891440599458,
    "Best fit index": 2529,
    "Magnitudes": {
        "ztfg": [
            17.823904275608065,
            15.878526149804578,
            15.253819220300642,
            15.034933286407977,
            14.85285759587235,
            14.69697549825866,
            14.560689723177788,
            14.439618950877566,
            14.33070457860299,
            14.231726633259186,
            14.14102269460362,
            14.057315525477321,
            13.979602560365393,
            13.907082388167616,
            13.839104296401551,
            13.781219719603556,
            13.728862385183646,
            13.678914144458126,
            13.631163018370415,
            13.585423831209667,
            13.541533873968817,
            13.499349410769398,
            13.458742839015919,
            13.419600361766271,
            13.381820065302797,
            13.353555798868001,
            13.34269888435179,
            13.331949460529792,
            13.321305419792566,
            13.310764715916392,
            13.300325361702235,
            13.289985426727263,
            13.279743035202323,
            13.269596363929615,
            13.259543640354849,
            13.249583140708822,
            13.273826657673972,
            13.299944865781953,
            13.326706886410491
        ],
        "bestfit_sample_times": [
            0.1,
            0.6,
            1.1,
            1.6,
            2.1,
            2.6,
            3.1,
            3.6,
            4.1,
            4.6,
            5.1,
            5.6,
            6.1,
            6.6,
            7.1,
            7.6,
            8.1,
            8.6,
            9.1,
            9.6,
            10.1,
            10.6,
            11.1,
            11.6,
            12.1,
            12.6,
            13.1,
            13.6,
            14.1,
            14.6,
            15.1,
            15.6,
            16.1,
            16.6,
            17.1,
            17.6,
            18.1,
            18.6,
            19.1
        ]
    }
}