{
    "luminosity_distance": 186.77408067043655,
    "KNtimeshift": -0.0622540583567019,
    "supernova_mag_boost": -3.250342474713729,
    "Ebv": 0.3236498131508823,
    "log_likelihood": -16.553387700968145,
    "log_prior": -6.895544895722159,
    "Best fit index": 2912,
    "Magnitudes": {
        "ztfg": [
            17.83358871343642,
            15.888210587636504,
            15.261087056930538,
            15.042641903482473,
            14.860870993169886,
            14.705212206129278,
            14.569097086800294,
            14.448160974737238,
            14.33935556922388,
            14.240467610286,
            14.14983923951478,
            14.066196428131558,
            13.988538932834633,
            13.916067064761616,
            13.848131415701157,
            13.787465300025541,
            13.731854269199292,
            13.678953367697563,
            13.628510675908611
        ],
        "bestfit_sample_times": [
            0.1,
            0.6,
            1.1,
            1.6,
            2.1,
            2.6,
            3.1,
            3.6,
            4.1,
            4.6,
            5.1,
            5.6,
            6.1,
            6.6,
            7.1,
            7.6,
            8.1,
            8.6,
            9.1
        ]
    }
}