{
    "luminosity_distance": 176.8634410754148,
    "KNtimeshift": -0.0772818740826749,
    "supernova_mag_boost": -3.1243048950988683,
    "Ebv": 0.1692813015254539,
    "log_likelihood": -31.265757807665075,
    "log_prior": -6.412762967175999,
    "Best fit index": 2622,
    "Magnitudes": {
        "ztfg": [
            17.833154077874397,
            15.887775952073625,
            15.261775133805514,
            15.043125271443252,
            14.861212787922668,
            14.70545025756472,
            14.569255849049242,
            14.448257167138507,
            14.33940112720395,
            14.240471351541352,
            14.149807862905938,
            14.066135142197375,
            13.988451867349013,
            13.915957549399046,
            13.848002174179868,
            13.789310186703894,
            13.736245920489836,
            13.685654717763285,
            13.637316292340707,
            13.591038540074088,
            13.54665292758336,
            13.504010787185443,
            13.46298031237663,
            13.423444100690737,
            13.38529712846045,
            13.355215027755513,
            13.34403120700673,
            13.332961413650217,
            13.322003345945625,
            13.311154771150655,
            13.300413522790613,
            13.289777498061625,
            13.27924465535986,
            13.26881301192946,
            13.25848064162232
        ],
        "bestfit_sample_times": [
            0.1,
            0.6,
            1.1,
            1.6,
            2.1,
            2.6,
            3.1,
            3.6,
            4.1,
            4.6,
            5.1,
            5.6,
            6.1,
            6.6,
            7.1,
            7.6,
            8.1,
            8.6,
            9.1,
            9.6,
            10.1,
            10.6,
            11.1,
            11.6,
            12.1,
            12.6,
            13.1,
            13.6,
            14.1,
            14.6,
            15.1,
            15.6,
            16.1,
            16.6,
            17.1
        ]
    }
}