{
    "luminosity_distance": 162.09451154717175,
    "KNtimeshift": -0.0644788736099034,
    "supernova_mag_boost": -2.916379616005476,
    "Ebv": 0.1277328833255989,
    "log_likelihood": -27.58744920045949,
    "log_prior": -6.314668073094467,
    "Best fit index": 2816,
    "Magnitudes": {
        "ztfg": [
            17.82789142911459,
            15.882513303310855,
            15.258193879198696,
            15.039237228152725,
            14.857112659304885,
            14.701194758960671,
            14.564881628901848,
            14.44378927498553,
            14.33485744118892,
            14.235865077387889,
            14.14514903161545,
            14.061431552177151,
            13.983709701196037,
            13.911181791450634,
            13.843196901372085,
            13.784464701123479,
            13.730877006437769,
            13.679810254615862,
            13.63103787727854,
            13.58436254107377,
            13.539611324659251,
            13.496631851004114,
            13.455289156566263,
            13.415463135043051,
            13.377046433626678,
            13.348628587046758,
            13.337192766232274,
            13.32587614202382,
            13.314676255237398,
            13.303590722016981,
            13.29261723078901
        ],
        "bestfit_sample_times": [
            0.1,
            0.6,
            1.1,
            1.6,
            2.1,
            2.6,
            3.1,
            3.6,
            4.1,
            4.6,
            5.1,
            5.6,
            6.1,
            6.6,
            7.1,
            7.6,
            8.1,
            8.6,
            9.1,
            9.6,
            10.1,
            10.6,
            11.1,
            11.6,
            12.1,
            12.6,
            13.1,
            13.6,
            14.1,
            14.6,
            15.1
        ]
    }
}