{
    "luminosity_distance": 190.7928639418127,
    "KNtimeshift": -0.0545077388529327,
    "supernova_mag_boost": -3.289064374060832,
    "Ebv": 0.2115756379902963,
    "log_likelihood": -9.197988249161115,
    "log_prior": -6.52360271480402,
    "Best fit index": 2745,
    "Magnitudes": {
        "ztfg": [
            17.839243835344774,
            15.89386570954446,
            15.266288176033743,
            15.047925740627516,
            14.866212049518285,
            14.710595198743757,
            14.574512134356734,
            14.453601320281134,
            14.344816388570774,
            14.245945339050547,
            14.15533116958716
        ],
        "bestfit_sample_times": [
            0.1,
            0.6,
            1.1,
            1.6,
            2.1,
            2.6,
            3.1,
            3.6,
            4.1,
            4.6,
            5.1
        ]
    }
}