{
    "luminosity_distance": 178.56880873156933,
    "KNtimeshift": -0.059976918363627,
    "supernova_mag_boost": -3.1479686997910195,
    "Ebv": 0.5006858580077563,
    "log_likelihood": -12.875347118219718,
    "log_prior": -8.139306056370623,
    "Best fit index": 2321,
    "Magnitudes": {
        "ztfg": [
            17.833992881233616,
            15.888614755433327,
            15.262420431328845,
            15.043805871121119,
            14.861917798749214,
            14.706173154944945,
            14.569992415853182,
            14.449004520375706,
            14.340157208946348,
            14.241234641515408,
            14.150577206206268,
            14.066909640891456,
            13.98923080950399,
            13.916740361028499,
            13.848788385767424
        ],
        "bestfit_sample_times": [
            0.1,
            0.6,
            1.1,
            1.6,
            2.1,
            2.6,
            3.1,
            3.6,
            4.1,
            4.6,
            5.1,
            5.6,
            6.1,
            6.6,
            7.1
        ]
    }
}