{
    "luminosity_distance": 171.60558288907626,
    "KNtimeshift": 0.2917310490450249,
    "supernova_mag_boost": 4.7358580459987465,
    "Ebv": 0.37757820899841,
    "log_likelihood": -34.781632257687995,
    "log_prior": -7.139908774502771,
    "log_bayes_factor": -38.27310105588644,
    "Best fit index": 2087,
    "Magnitudes": {
        "ztfg": [
            25.615256112021385,
            23.669877986218964,
            23.044474605472708,
            22.825715733512055,
            22.643727879226127,
            22.487910127545938,
            22.351673519798986,
            22.230641540343882,
            22.12175855664512,
            22.022806530773032,
            21.932124357330828,
            21.848435723800144,
            21.77073873385475,
            21.698232472649487,
            21.63026660349577,
            21.57301350298399,
            21.52174570433381,
            21.47278997540043,
            21.425946745124442,
            21.381041216497444,
            21.337919428491247,
            21.29644507066304,
            21.256496884144696,
            21.217966524069197,
            21.180756788486008,
            21.152232592881013,
            21.141895892679727,
            21.131656675193753,
            21.121513118919857,
            21.111463452935894,
            21.10150595504515,
            21.09163895000512,
            21.081860807835902,
            21.07216994220424,
            21.06256480887894,
            21.053043904254025,
            21.07558389712814,
            21.101501902867817,
            21.128053768736606
        ],
        "bestfit_sample_times": [
            0.1,
            0.6,
            1.1,
            1.6,
            2.1,
            2.6,
            3.1,
            3.6,
            4.1,
            4.6,
            5.1,
            5.6,
            6.1,
            6.6,
            7.1,
            7.6,
            8.1,
            8.6,
            9.1,
            9.6,
            10.1,
            10.6,
            11.1,
            11.6,
            12.1,
            12.6,
            13.1,
            13.6,
            14.1,
            14.6,
            15.1,
            15.6,
            16.1,
            16.6,
            17.1,
            17.6,
            18.1,
            18.6,
            19.1
        ]
    }
}