{
    "luminosity_distance": 167.68339670031483,
    "KNtimeshift": 0.4904979660280635,
    "supernova_mag_boost": 4.724270723766601,
    "Ebv": 0.5571166537346368,
    "log_likelihood": -15.370480408366117,
    "log_prior": -9.68523026672636,
    "Best fit index": 2525,
    "Magnitudes": {
        "ztfg": [
            25.546931630030272,
            23.60155350422704,
            22.976596621210234,
            22.75775628985052,
            22.575712121748673,
            22.419853115390573,
            22.283584983964275,
            22.162528132080894,
            22.05362502304323,
            21.954656378287396,
            21.863960249452703,
            21.780259731212695,
            21.702552498203232,
            21.630037317410746,
            21.562063611208195,
            21.504657913314304,
            21.453024127652,
            21.403734790805032,
            21.356586216824475
        ],
        "bestfit_sample_times": [
            0.1,
            0.6,
            1.1,
            1.6,
            2.1,
            2.6,
            3.1,
            3.6,
            4.1,
            4.6,
            5.1,
            5.6,
            6.1,
            6.6,
            7.1,
            7.6,
            8.1,
            8.6,
            9.1
        ]
    }
}