{
    "luminosity_distance": 168.3064549283899,
    "KNtimeshift": 0.5326615151052054,
    "supernova_mag_boost": 4.679082986808679,
    "Ebv": 0.3816167060845086,
    "log_likelihood": -7.679234266836326,
    "log_prior": -7.160855825826968,
    "log_bayes_factor": -10.328832667023502,
    "Best fit index": 2439,
    "Magnitudes": {
        "ztfg": [
            25.510604409753622,
            23.565226283950487,
            22.94019842507332,
            22.72137104216184,
            22.539335824992975,
            22.38348337570966,
            22.24722025455872,
            22.12616735573524,
            22.01726744523061,
            21.918301441687056,
            21.827607530734028
        ],
        "bestfit_sample_times": [
            0.1,
            0.6,
            1.1,
            1.6,
            2.1,
            2.6,
            3.1,
            3.6,
            4.1,
            4.6,
            5.1
        ]
    }
}