{
    "luminosity_distance": 161.76683274598344,
    "KNtimeshift": 0.2939009428786989,
    "supernova_mag_boost": 4.876890426423495,
    "Ebv": 0.3727111671523158,
    "log_likelihood": -30.991951270063844,
    "log_prior": -7.115233703695644,
    "log_bayes_factor": -34.333732294889856,
    "Best fit index": 2656,
    "Magnitudes": {
        "ztfg": [
            25.61656842328192,
            23.671190297478162,
            23.046908292447156,
            22.827944810713532,
            22.645815520913217,
            22.48989416268035,
            22.353578390715455,
            22.232483952527907,
            22.123550432396485,
            22.024556676165012,
            21.933839461190345,
            21.8501209860812,
            21.77239827699656,
            21.699869620046684,
            21.631884073469152,
            21.573082282296895,
            21.519393872462615,
            21.468235668350538,
            21.41937987989155,
            21.37262815783663,
            21.32780672915831,
            21.28476249746167,
            21.243359887425044,
            21.203478269163348,
            21.16500983914267,
            21.136586283021444,
            21.125103392419213,
            21.11374067652102,
            21.102495645969427,
            21.091365887963363,
            21.08034906315087,
            21.069442902677757,
            21.058645205383144,
            21.047953835133,
            21.03736671828377
        ],
        "bestfit_sample_times": [
            0.1,
            0.6,
            1.1,
            1.6,
            2.1,
            2.6,
            3.1,
            3.6,
            4.1,
            4.6,
            5.1,
            5.6,
            6.1,
            6.6,
            7.1,
            7.6,
            8.1,
            8.6,
            9.1,
            9.6,
            10.1,
            10.6,
            11.1,
            11.6,
            12.1,
            12.6,
            13.1,
            13.6,
            14.1,
            14.6,
            15.1,
            15.6,
            16.1,
            16.6,
            17.1
        ]
    }
}