{
    "luminosity_distance": 194.48905116135307,
    "KNtimeshift": 0.5148449311992565,
    "supernova_mag_boost": 4.352070094141622,
    "Ebv": 0.0944349744330225,
    "log_likelihood": -11.462497536931922,
    "log_prior": -6.242456461368205,
    "Best fit index": 2203,
    "Magnitudes": {
        "ztfg": [
            25.52283438329121,
            23.577456257490894,
            22.949461805620892,
            22.73117532372462,
            22.549514179031135,
            22.393935843184856,
            22.257882220486678,
            22.13699464317805,
            22.028228517873927,
            21.92937300117294,
            21.83877187724522,
            21.75515227279856,
            21.67751478101748,
            21.605060333502955,
            21.537139991989882
        ],
        "bestfit_sample_times": [
            0.1,
            0.6,
            1.1,
            1.6,
            2.1,
            2.6,
            3.1,
            3.6,
            4.1,
            4.6,
            5.1,
            5.6,
            6.1,
            6.6,
            7.1
        ]
    }
}