{
    "luminosity_distance": 186.36959572943985,
    "KNtimeshift": 0.5852150532624263,
    "supernova_mag_boost": 4.404660011826424,
    "Ebv": 0.3885084754060392,
    "log_likelihood": -3.7393453496228326,
    "log_prior": -7.197647979401221,
    "Best fit index": 1907,
    "Magnitudes": {
        "ztfg": [
            25.4840775869476,
            23.538699461147722,
            22.911621665251864,
            22.693168177872288,
            22.511391503072474,
            22.355728491420088,
            22.21961014303381
        ],
        "bestfit_sample_times": [
            0.1,
            0.6,
            1.1,
            1.6,
            2.1,
            2.6,
            3.1
        ]
    }
}