{
    "luminosity_distance": 170.2977817606132,
    "KNtimeshift": -0.2566378130719936,
    "supernova_mag_boost": 4.866570514626616,
    "Ebv": 0.2731827483801048,
    "log_likelihood": -23.09699663376663,
    "log_prior": -6.71082411931731,
    "Best fit index": 2016,
    "Magnitudes": {
        "ztfg": [
            25.72676868177976,
            23.781390555977005,
            23.15613597508674,
            22.93734995458197,
            22.7553433314025,
            22.599511829493515,
            22.463264714635343,
            22.34222444484419,
            22.233334752989492,
            22.134377187666765,
            22.04369036253226,
            21.959997767489966,
            21.88229736321682,
            21.80978812882178,
            21.74181964731025,
            21.68465448944125,
            21.633452516751028,
            21.58455681292707,
            21.537768541341244,
            21.492913520457392,
            21.44983830890864,
            21.408407038047805,
            21.368498826994305,
            21.330005656178827,
            21.292830605130384,
            21.264508577143523,
            21.254202997350653
        ],
        "bestfit_sample_times": [
            0.1,
            0.6,
            1.1,
            1.6,
            2.1,
            2.6,
            3.1,
            3.6,
            4.1,
            4.6,
            5.1,
            5.6,
            6.1,
            6.6,
            7.1,
            7.6,
            8.1,
            8.6,
            9.1,
            9.6,
            10.1,
            10.6,
            11.1,
            11.6,
            12.1,
            12.6,
            13.1
        ]
    }
}