{
  "injections": {
    "__dataframe__": true,
    "content": {
      "simulation_id": [
        0
      ],
      "luminosity_distance": [
        12.322098679473314
      ],
      "timeshift": [
        -1.4403625918316874
      ],
      "log10_Menv": [
        -0.17113977675168268
      ],
      "log10_Renv": [
        14.778356186533458
      ],
      "log10_Ee": [
        50.13816640560085
      ],
      "geocent_time": [
        0.09754042544967476
      ]
    }
  }
}