{
  "injections": {
    "__dataframe__": true,
    "content": {
      "simulation_id": [
        0
      ],
      "luminosity_distance": [
        170.89387703194294
      ],
      "timeshift": [
        0.09340146274093977
      ],
      "inclination_EM": [
        0.17326307447203393
      ],
      "log10_E0": [
        53.0
      ],
      "thetaCore": [
        0.05
      ],
      "thetaWing": [
        0.1
      ],
      "log10_n0": [
        0.14996909199638786
      ],
      "p": [
        2.586441550505377
      ],
      "log10_epsilon_e": [
        -0.057546146727854186
      ],
      "log10_epsilon_B": [
        -0.7098010646454052
      ],
      "ksiN": [
        1.0
      ],
      "L0": [
        0.0
      ],
      "dL": [
        3.09e+19
      ],
      "b": [
        6.0
      ],
      "q": [
        0.0
      ],
      "ts": [
        0.0
      ],
      "geocent_time": [
        -0.09877916193035988
      ]
    }
  }
}