{
  "injections": {
    "__dataframe__": true,
    "content": {
      "simulation_id": [
        0
      ],
      "luminosity_distance": [
        175.89507581682622
      ],
      "timeshift": [
        0.7374117802902528
      ],
      "inclination_EM": [
        0.08459316136153563
      ],
      "log10_E0": [
        53.0
      ],
      "thetaCore": [
        0.05
      ],
      "thetaWing": [
        0.1
      ],
      "log10_n0": [
        0.9461134039120545
      ],
      "p": [
        2.3784666257715115
      ],
      "log10_epsilon_e": [
        -1.2908792177600672
      ],
      "log10_epsilon_B": [
        -0.09139006384112935
      ],
      "ksiN": [
        1.0
      ],
      "L0": [
        0.0
      ],
      "dL": [
        3.09e+19
      ],
      "b": [
        6.0
      ],
      "q": [
        0.0
      ],
      "ts": [
        0.0
      ],
      "geocent_time": [
        0.03015228203589629
      ]
    }
  }
}