{
  "injections": {
    "__dataframe__": true,
    "content": {
      "simulation_id": [
        0
      ],
      "luminosity_distance": [
        232.95719976996577
      ],
      "timeshift": [
        -0.41275677981103565
      ],
      "log10_Menv": [
        -2.85637818057314
      ],
      "log10_Renv": [
        11.197463627527323
      ],
      "log10_Ee": [
        47.81373206214978
      ],
      "geocent_time": [
        0.007314391454796038
      ]
    }
  }
}