{
  "injections": {
    "__dataframe__": true,
    "content": {
      "simulation_id": [
        0
      ],
      "luminosity_distance": [
        422.48393111238136
      ],
      "timeshift": [
        -0.19998653335263672
      ],
      "log10_Menv": [
        -0.18180533828784462
      ],
      "log10_Renv": [
        14.884229248402576
      ],
      "log10_Ee": [
        51.32183599369836
      ],
      "geocent_time": [
        0.009350059763368515
      ]
    }
  }
}