{
  "injections": {
    "__dataframe__": true,
    "content": {
      "simulation_id": [
        0
      ],
      "luminosity_distance": [
        5.819968791151839
      ],
      "KNphi": [
        15.16961677251396
      ],
      "inclination_EM": [
        0.3884442374702754
      ],
      "timeshift": [
        0.9488069712924307
      ],
      "log10_mej_dyn": [
        -2.5499245836492572
      ],
      "log10_mej_wind": [
        -0.7092822615322869
      ],
      "geocent_time": [
        -0.07330954137785038
      ]
    }
  }
}