{
    "luminosity_distance": 9.486639051144056,
    "KNphi": 46.270279409855554,
    "inclination_EM": 0.667455314544789,
    "timeshift": -1.9905826177486243,
    "log10_mej_dyn": -2.9841718880158323,
    "log10_mej_wind": -1.1778228097821104,
    "Ebv": 0.0,
    "log_likelihood": -19.64469450273981,
    "log_prior": -9.633437152903191,
    "log_bayes_factor": -30.294210088167237,
    "log_bayes_factor_err": 0.08508968357537872,
    "Best fit index": 6475,
    "Magnitudes": {
        "ztfg": [
            17.215374224613523,
            14.523161567906717,
            14.696686972350744,
            15.496508156064163,
            16.20583142077419,
            16.86886535795034,
            17.52953962216909,
            17.877065740498328,
            18.39968595128904,
            18.854932366821522,
            19.13759837941739,
            19.39175593092392,
            19.709629811038788,
            20.069565831708672,
            20.196133593918354,
            20.430142210221394,
            20.829057418740362,
            21.117384258556637,
            21.209798508663233
        ],
        "bestfit_sample_times": [
            -1.8905826177486242,
            -1.3905826177486245,
            -0.8905826177486242,
            -0.39058261774862424,
            0.10941738225137576,
            0.6094173822513758,
            1.1094173822513758,
            1.6094173822513758,
            2.109417382251375,
            2.609417382251375,
            3.109417382251375,
            3.609417382251375,
            4.109417382251375,
            4.609417382251375,
            5.109417382251375,
            5.609417382251375,
            6.109417382251375,
            6.609417382251375,
            7.109417382251375
        ]
    }
}