{
    "luminosity_distance": 9.81484398617287,
    "KNphi": 48.67145247041881,
    "inclination_EM": 0.7850030692955692,
    "timeshift": -1.9367053547008093,
    "log10_mej_dyn": -2.8643380823152973,
    "log10_mej_wind": -1.1253239066717309,
    "Ebv": 0.0,
    "log_likelihood": -18.665209760448768,
    "log_prior": -9.50073886101012,
    "log_bayes_factor": -29.473377660370684,
    "log_bayes_factor_err": 0.08425732828176881,
    "Best fit index": 6205,
    "Magnitudes": {
        "ztfg": [
            18.17164028301556,
            14.841464162356822,
            14.910859932663552,
            15.561960862665371,
            16.17224232006158,
            16.835133337833405,
            17.487710306199656,
            17.880114814756755,
            18.347575976844446,
            18.77453222189475,
            19.059113982494374,
            19.323474839701277,
            19.630012960579343,
            19.96010382989892,
            20.121892978972674,
            20.36699445072768,
            20.710409677104415
        ],
        "bestfit_sample_times": [
            -1.8367053547008092,
            -1.3367053547008094,
            -0.8367053547008092,
            -0.3367053547008092,
            0.1632946452991908,
            0.6632946452991908,
            1.1632946452991908,
            1.6632946452991908,
            2.1632946452991906,
            2.6632946452991906,
            3.1632946452991906,
            3.6632946452991906,
            4.163294645299191,
            4.663294645299191,
            5.163294645299191,
            5.663294645299191,
            6.163294645299191
        ]
    }
}