{
    "luminosity_distance": 9.844099873013176,
    "KNphi": 49.73995708075492,
    "inclination_EM": 0.7009351714177163,
    "timeshift": -1.9461754992008709,
    "log10_mej_dyn": -2.9777898626516945,
    "log10_mej_wind": -1.160284572275042,
    "Ebv": 0.0,
    "log_likelihood": -22.7366144371205,
    "log_prior": -9.592379385042952,
    "log_bayes_factor": -34.2319250310433,
    "log_bayes_factor_err": 0.08947092604069139,
    "Best fit index": 5845,
    "Magnitudes": {
        "ztfg": [
            17.77527497728885,
            14.74434042528965,
            14.860591024794743,
            15.620543781255812,
            16.2945131653184,
            16.96587586686976,
            17.62674829464181,
            18.006949537121137,
            18.503052174611454,
            18.94493768237128,
            19.227476649416214,
            19.486222322571102,
            19.79472386701299,
            20.130749019500335,
            20.273575772432835,
            20.50637022079008,
            20.868569864243852,
            21.147885603284408,
            21.25548337971322,
            21.534873998976614,
            21.79141734724223
        ],
        "bestfit_sample_times": [
            -1.8461754992008708,
            -1.346175499200871,
            -0.8461754992008708,
            -0.34617549920087076,
            0.15382450079912924,
            0.6538245007991292,
            1.1538245007991292,
            1.6538245007991292,
            2.1538245007991286,
            2.6538245007991286,
            3.1538245007991286,
            3.6538245007991286,
            4.153824500799129,
            4.653824500799129,
            5.153824500799129,
            5.653824500799129,
            6.153824500799129,
            6.653824500799129,
            7.153824500799129,
            7.653824500799129,
            8.153824500799129
        ]
    }
}