{
    "luminosity_distance": 9.723750584683826,
    "KNphi": 48.13020130898267,
    "inclination_EM": 0.6928566106131375,
    "timeshift": -1.958705731121625,
    "log10_mej_dyn": -2.9310814937932133,
    "log10_mej_wind": -1.2463358925279528,
    "Ebv": 0.0,
    "log_likelihood": -11.26966128328928,
    "log_prior": -9.602031364968417,
    "log_bayes_factor": -19.1129153766775,
    "log_bayes_factor_err": 0.06787944867819992,
    "Best fit index": 6347,
    "Magnitudes": {
        "ztfg": [
            18.417305956780645,
            14.721480700079287,
            14.540640413512634,
            15.368580420289064,
            16.234478589209203,
            17.016265494415798,
            17.723241393431273,
            18.18653918455094,
            18.69629538914857,
            19.165005628857934,
            19.48521801508566
        ],
        "bestfit_sample_times": [
            -1.8587057311216248,
            -1.358705731121625,
            -0.8587057311216248,
            -0.35870573112162485,
            0.14129426887837515,
            0.6412942688783752,
            1.1412942688783752,
            1.6412942688783752,
            2.141294268878375,
            2.641294268878375,
            3.141294268878375
        ]
    }
}