{
    "luminosity_distance": 6.648060730697807,
    "KNphi": 45.96634650339587,
    "inclination_EM": 0.7576644385785128,
    "timeshift": -1.8215685341157064,
    "log10_mej_dyn": -2.3580786729809007,
    "log10_mej_wind": -2.0366393788054395,
    "Ebv": 0.0,
    "log_likelihood": -6.986861611250946,
    "log_prior": -9.528861121860349,
    "log_bayes_factor": -12.343442133945544,
    "log_bayes_factor_err": 0.0547914031199626,
    "Best fit index": 4537,
    "Magnitudes": {
        "ztfg": [
            15.869811560596629,
            14.289978450240554,
            15.181778283381988,
            16.112286010887914,
            16.900885319102294,
            17.599648482677956,
            18.239873801088322
        ],
        "bestfit_sample_times": [
            -1.7215685341157063,
            -1.2215685341157063,
            -0.7215685341157063,
            -0.22156853411570632,
            0.2784314658842937,
            0.7784314658842937,
            1.2784314658842937
        ]
    }
}