{
    "luminosity_distance": 173.82525558162746,
    "beta": 4.103437967564792,
    "log10_kappa_r": 1.0159491948237136,
    "KNtimeshift": 0.0491039759606826,
    "log10_vej": -1.5882735106446302,
    "log10_mej": -2.1529674661372766,
    "Ebv": 0.3572318314252318,
    "log_likelihood": -3.740900708892909,
    "log_prior": -9.930945879006687,
    "log_bayes_factor": -7.092038752010045,
    "Best fit index": 3372,
    "Magnitudes": {
        "ztfg": [
            26.215932171876453,
            24.018779426597547,
            23.702546260857012,
            22.962580148801486,
            22.664848195131242,
            22.515679092136864,
            Infinity
        ],
        "bestfit_sample_times": [
            0.1,
            0.6,
            1.1,
            1.6,
            2.1,
            2.6,
            3.1
        ]
    }
}