{
    "luminosity_distance": 183.63010160928263,
    "beta": 4.574192778952673,
    "log10_kappa_r": 1.69178221712193,
    "KNtimeshift": -0.9362436989506536,
    "log10_vej": -1.946724841689803,
    "log10_mej": -2.163865959478832,
    "Ebv": 0.5131487710694539,
    "log_likelihood": -7.699603194612774,
    "log_prior": -11.22057925956502,
    "Best fit index": 3351,
    "Magnitudes": {
        "ztfg": [
            28.81404754197328,
            26.369037050765073,
            25.77313634844755,
            24.54731894357173,
            23.71956148142037,
            23.077977710828236,
            22.64370257111449,
            22.353510085969383,
            22.20100772089676,
            22.172207445104966,
            Infinity
        ],
        "bestfit_sample_times": [
            0.1,
            0.6,
            1.1,
            1.6,
            2.1,
            2.6,
            3.1,
            3.6,
            4.1,
            4.6,
            5.1
        ]
    }
}