{
    "luminosity_distance": 196.64820440884583,
    "beta": 1.209462806090957,
    "log10_kappa_r": -0.7016251387102292,
    "KNtimeshift": 0.7677272870130718,
    "log10_vej": -1.9576714072771837,
    "log10_mej": -2.880945819913598,
    "Ebv": 0.5143247875619638,
    "log_likelihood": -44.15388326283832,
    "log_prior": -11.240626844164597,
    "Best fit index": 1118,
    "Magnitudes": {
        "ztfg": [
            26.592370792158896,
            24.715150000164932,
            23.876269484457012,
            23.23568878884887,
            22.690316482741004,
            22.249869328718923,
            21.872138186453654,
            21.577758959705804,
            21.350053560802415,
            21.127806072232723,
            20.951280341212573,
            20.814292431598844,
            20.662146944946585,
            20.591013355223154,
            20.498061388767844,
            20.381039079384998,
            20.28838609165954,
            20.21883317478349,
            20.171439414471664,
            20.145562325574055,
            20.140853818563947,
            20.157267560258916,
            20.195094463951385,
            20.255013279310248,
            20.338184221130447,
            20.446370440091655,
            20.582141271138518,
            20.7491320725357,
            20.952481068998694,
            21.1993759884379,
            21.500020222478753,
            21.868744289909984,
            22.326201223697666,
            22.901227434231807,
            Infinity
        ],
        "bestfit_sample_times": [
            0.1,
            0.6,
            1.1,
            1.6,
            2.1,
            2.6,
            3.1,
            3.6,
            4.1,
            4.6,
            5.1,
            5.6,
            6.1,
            6.6,
            7.1,
            7.6,
            8.1,
            8.6,
            9.1,
            9.6,
            10.1,
            10.6,
            11.1,
            11.6,
            12.1,
            12.6,
            13.1,
            13.6,
            14.1,
            14.6,
            15.1,
            15.6,
            16.1,
            16.6,
            17.1
        ]
    }
}