{
    "luminosity_distance": 182.57264796196716,
    "beta": 1.004817380426876,
    "log10_kappa_r": -0.843298153769328,
    "KNtimeshift": 0.866100201091696,
    "log10_vej": -1.9984998576717847,
    "log10_mej": -2.878555890749769,
    "Ebv": 0.5575294686054266,
    "log_likelihood": -49.39328563298243,
    "log_prior": -12.602984284958389,
    "log_bayes_factor": -72.18290920819047,
    "Best fit index": 1603,
    "Magnitudes": {
        "ztfg": [
            26.50240639425826,
            24.687308780167776,
            23.958671600535475,
            23.30842829296592,
            22.824395116895694,
            22.375577463608487,
            22.031753408921787,
            21.76834835914137,
            21.50973439401723,
            21.30255567512645,
            21.138715170229773,
            20.951846033765058,
            20.857639653670276,
            20.731816107142997,
            20.571254232392278,
            20.434344692125173,
            20.31937434907367,
            20.22495977808918,
            20.14999354829814,
            20.093602970725115,
            20.055127190777775,
            20.03410116309076,
            20.030254178878963,
            20.043513748184317,
            20.074025392101774,
            20.122179137899423,
            20.18865899240435,
            20.274503875359343,
            20.381208616510605,
            20.510846549878472,
            20.66627100404053,
            20.851356220763897,
            21.071408146096516,
            21.33363171849829,
            21.64799429453342,
            22.028068611327434,
            22.492901746904337,
            23.068090375294396,
            Infinity
        ],
        "bestfit_sample_times": [
            0.1,
            0.6,
            1.1,
            1.6,
            2.1,
            2.6,
            3.1,
            3.6,
            4.1,
            4.6,
            5.1,
            5.6,
            6.1,
            6.6,
            7.1,
            7.6,
            8.1,
            8.6,
            9.1,
            9.6,
            10.1,
            10.6,
            11.1,
            11.6,
            12.1,
            12.6,
            13.1,
            13.6,
            14.1,
            14.6,
            15.1,
            15.6,
            16.1,
            16.6,
            17.1,
            17.6,
            18.1,
            18.6,
            19.1
        ]
    }
}