{
    "luminosity_distance": 199.41784921448163,
    "beta": 1.049604762449419,
    "log10_kappa_r": -0.9976544758479908,
    "KNtimeshift": 0.2820658886722205,
    "log10_vej": -1.8098643656361104,
    "log10_mej": -2.522147364418476,
    "Ebv": 0.5458155709404499,
    "log_likelihood": -11.595486678359984,
    "log_prior": -12.02204011012052,
    "Best fit index": 3726,
    "Magnitudes": {
        "ztfg": [
            25.77894336592545,
            24.18820365673116,
            23.549200804297698,
            23.028415980463855,
            22.6721733438224,
            22.351374571797734,
            22.138480339327472,
            22.00952840758241,
            21.8934125621225,
            21.83563823554922,
            21.773757626125402,
            21.75979120143905,
            21.737809366669623,
            21.76366042072312,
            Infinity
        ],
        "bestfit_sample_times": [
            0.1,
            0.6,
            1.1,
            1.6,
            2.1,
            2.6,
            3.1,
            3.6,
            4.1,
            4.6,
            5.1,
            5.6,
            6.1,
            6.6,
            7.1
        ]
    }
}