{
    "luminosity_distance": 192.1361540204938,
    "beta": 1.0392760655607778,
    "log10_kappa_r": -0.7213669976650431,
    "KNtimeshift": -0.0334779778922433,
    "log10_vej": -1.8633369659527497,
    "log10_mej": -2.875972761297849,
    "Ebv": 0.5571954389037977,
    "log_likelihood": -15.604572786569646,
    "log_prior": -12.580770325850809,
    "Best fit index": 3763,
    "Magnitudes": {
        "ztfg": [
            26.30421125375775,
            24.623594130236768,
            23.940086766490097,
            23.341532168152092,
            22.91170926276793,
            22.57828699843379,
            22.301599639904765,
            22.108046660738687,
            21.927914349746153,
            21.803279796715096,
            21.726506983028905,
            21.63772587848368,
            21.533737561359928,
            21.46664303672462,
            21.435309644407567,
            21.43953514851212,
            21.480254258092465,
            21.559536057299987,
            Infinity
        ],
        "bestfit_sample_times": [
            0.1,
            0.6,
            1.1,
            1.6,
            2.1,
            2.6,
            3.1,
            3.6,
            4.1,
            4.6,
            5.1,
            5.6,
            6.1,
            6.6,
            7.1,
            7.6,
            8.1,
            8.6,
            9.1
        ]
    }
}