{
    "luminosity_distance": 186.84677864318863,
    "beta": 1.0071651139725295,
    "log10_kappa_r": -0.754361563963623,
    "KNtimeshift": 0.1185552173844826,
    "log10_vej": -1.9107158329355531,
    "log10_mej": -2.870584246633313,
    "Ebv": 0.5459388188359375,
    "log_likelihood": -20.051784002519547,
    "log_prior": -12.026686983509167,
    "log_bayes_factor": -33.91606738663889,
    "Best fit index": 2575,
    "Magnitudes": {
        "ztfg": [
            26.245185504760975,
            24.588509629122477,
            23.86605950226049,
            23.315524087277275,
            22.83036810742218,
            22.48974352712272,
            22.202445065652327,
            21.94103453318241,
            21.80123147618164,
            21.659248417870593,
            21.506253632861423,
            21.450516130139427,
            21.373640530260744,
            21.27292613095178,
            21.203732652246465,
            21.16488452340422,
            21.155936346782134,
            21.17711789475252,
            21.229491750251697,
            21.31501054210208,
            21.43688431622821,
            21.59979045871902,
            Infinity
        ],
        "bestfit_sample_times": [
            0.1,
            0.6,
            1.1,
            1.6,
            2.1,
            2.6,
            3.1,
            3.6,
            4.1,
            4.6,
            5.1,
            5.6,
            6.1,
            6.6,
            7.1,
            7.6,
            8.1,
            8.6,
            9.1,
            9.6,
            10.1,
            10.6,
            11.1
        ]
    }
}