{
    "luminosity_distance": 197.4480784271862,
    "beta": 1.0031098869606438,
    "log10_kappa_r": -0.6662006012765769,
    "KNtimeshift": -0.2995034727339081,
    "log10_vej": -1.9821519927285776,
    "log10_mej": -2.97577413108227,
    "Ebv": 0.554855098905504,
    "log_likelihood": -24.33950395030693,
    "log_prior": -12.437602409036993,
    "log_bayes_factor": -40.28754028225136,
    "Best fit index": 2254,
    "Magnitudes": {
        "ztfg": [
            26.6163057881137,
            24.962305115974402,
            24.20076440233464,
            23.609398778817607,
            23.087858474235006,
            22.712251907136626,
            22.390956682561857,
            22.151621137098417,
            21.92145321330237,
            21.744312151912787,
            21.61213497794828,
            21.46142021867636,
            21.402265945972857,
            21.316289226843843,
            21.25831364721278,
            21.169017711850962,
            21.1046640005737,
            21.064337693575546,
            21.047538425667568,
            21.054163829726896,
            21.084559495949563,
            21.13955845876876,
            21.22061167791457,
            21.329906672760224,
            21.470645906057392,
            21.647304270918482,
            Infinity
        ],
        "bestfit_sample_times": [
            0.1,
            0.6,
            1.1,
            1.6,
            2.1,
            2.6,
            3.1,
            3.6,
            4.1,
            4.6,
            5.1,
            5.6,
            6.1,
            6.6,
            7.1,
            7.6,
            8.1,
            8.6,
            9.1,
            9.6,
            10.1,
            10.6,
            11.1,
            11.6,
            12.1,
            12.6,
            13.1
        ]
    }
}