{
    "luminosity_distance": 219.7303448911078,
    "timeshift": -0.0577956621247278,
    "supernova_mag_boost": -4.153444243698261,
    "Ebv": 0.0,
    "log_likelihood": -12.875585073562553,
    "log_prior": -7.313220387090301,
    "log_bayes_factor": -16.09540204773686,
    "log_bayes_factor_err": 0.04889053968432204,
    "Best fit index": 2745,
    "Magnitudes": {
        "ztfg": [
            18.097371390269863,
            16.151993264473703,
            15.52116782454339,
            15.30339646116753,
            15.122091851701605,
            14.966774930699906,
            14.830921188177001,
            14.71019139552709,
            14.601552990659698,
            14.502802975397543,
            14.412290467961014,
            14.328746348239648,
            14.251173926989665,
            14.178776151916836,
            14.110905612004657
        ],
        "bestfit_sample_times": [
            0.0422043378752722,
            0.5422043378752722,
            1.0422043378752723,
            1.5422043378752723,
            2.042204337875272,
            2.542204337875272,
            3.042204337875272,
            3.542204337875272,
            4.042204337875272,
            4.542204337875272,
            5.042204337875272,
            5.542204337875272,
            6.042204337875272,
            6.542204337875272,
            7.042204337875272
        ]
    }
}