{
    "luminosity_distance": 185.2419086426582,
    "timeshift": -0.0638576066366737,
    "supernova_mag_boost": -3.756857008981473,
    "Ebv": 0.0,
    "log_likelihood": -7.358920196498011,
    "log_prior": -7.313220387090301,
    "log_bayes_factor": -10.207550430845652,
    "log_bayes_factor_err": 0.04568068214650662,
    "Best fit index": 2305,
    "Magnitudes": {
        "ztfg": [
            18.091283030112944,
            16.145904904313173,
            15.518954654530003,
            15.300477923644646,
            15.118685171967297,
            14.963010378281307,
            14.826883024483674,
            14.705937257243566,
            14.597124037968872
        ],
        "bestfit_sample_times": [
            0.03614239336332631,
            0.5361423933633263,
            1.0361423933633265,
            1.5361423933633265,
            2.0361423933633263,
            2.5361423933633263,
            3.0361423933633263,
            3.5361423933633263,
            4.036142393363326
        ]
    }
}