{
    "luminosity_distance": 207.27507004361672,
    "timeshift": -0.0637382749558891,
    "supernova_mag_boost": -4.016387493390143,
    "Ebv": 0.0,
    "log_likelihood": -18.39193044136785,
    "log_prior": -7.313220387090301,
    "log_bayes_factor": -21.781499171928118,
    "log_bayes_factor_err": 0.050769159272125296,
    "Best fit index": 2842,
    "Magnitudes": {
        "ztfg": [
            18.092153039236113,
            16.146774913438037,
            15.517342918559272,
            15.299318135425118,
            15.117838087698871,
            14.962392515188881,
            14.826440393936188,
            14.705632934991314,
            14.596931658134714,
            14.498129705632046,
            14.407573571255824,
            14.323992288091617,
            14.246387829572917,
            14.173962151209793,
            14.106067090329852,
            14.04286273908621,
            13.983638526293994,
            13.9274784277125,
            13.87408092012997,
            13.82318690789247,
            13.774572118243256
        ],
        "bestfit_sample_times": [
            0.036261725044110904,
            0.5362617250441108,
            1.036261725044111,
            1.536261725044111,
            2.036261725044111,
            2.536261725044111,
            3.036261725044111,
            3.536261725044111,
            4.036261725044111,
            4.536261725044111,
            5.036261725044111,
            5.536261725044111,
            6.036261725044111,
            6.536261725044111,
            7.036261725044111,
            7.536261725044111,
            8.03626172504411,
            8.53626172504411,
            9.03626172504411,
            9.53626172504411,
            10.03626172504411
        ]
    }
}