{
    "luminosity_distance": 203.49921774974425,
    "timeshift": -0.0609213959202243,
    "supernova_mag_boost": -3.9706734814313567,
    "Ebv": 0.0,
    "log_likelihood": -11.03706516934451,
    "log_prior": -7.313220387090301,
    "log_bayes_factor": -14.180648723533317,
    "log_bayes_factor_err": 0.048264027607688526,
    "Best fit index": 2819,
    "Magnitudes": {
        "ztfg": [
            18.091669875049224,
            16.146291749250345,
            15.517283526921993,
            15.299181645971075,
            15.117648238461655,
            14.962163543567648,
            14.826181509834548,
            14.70535043861154,
            14.596630048887363,
            14.497812308731454,
            14.407242913591595,
            14.323650334844245,
            14.246036139213828
        ],
        "bestfit_sample_times": [
            0.0390786040797757,
            0.5390786040797757,
            1.0390786040797757,
            1.5390786040797757,
            2.039078604079776,
            2.539078604079776,
            3.039078604079776,
            3.539078604079776,
            4.0390786040797755,
            4.5390786040797755,
            5.0390786040797755,
            5.5390786040797755,
            6.0390786040797755
        ]
    }
}