{
  "injections": {
    "__dataframe__": true,
    "content": {
      "simulation_id": [
        0
      ],
      "luminosity_distance": [
        174.13672329350686
      ],
      "timeshift": [
        0.4652819455703413
      ],
      "inclination_EM": [
        0.04326125851135953
      ],
      "log10_E0": [
        53.0
      ],
      "thetaCore": [
        0.05
      ],
      "thetaWing": [
        0.1
      ],
      "log10_n0": [
        0.9784724543267895
      ],
      "p": [
        2.1154898411758536
      ],
      "log10_epsilon_e": [
        -1.0862391676290066
      ],
      "log10_epsilon_B": [
        -1.8425763663587684
      ],
      "ksiN": [
        1.0
      ],
      "L0": [
        0.0
      ],
      "dL": [
        3.09e+19
      ],
      "b": [
        6.0
      ],
      "q": [
        0.0
      ],
      "ts": [
        0.0
      ],
      "geocent_time": [
        -0.028682032995654125
      ]
    }
  }
}