{
  "injections": {
    "__dataframe__": true,
    "content": {
      "simulation_id": [
        0
      ],
      "luminosity_distance": [
        95.71943414403883
      ],
      "timeshift": [
        -0.1241594329618334
      ],
      "log10_Menv": [
        -1.7070205945854133
      ],
      "log10_Renv": [
        14.27308863424681
      ],
      "log10_Ee": [
        47.09556550274898
      ],
      "geocent_time": [
        0.08123158474873823
      ]
    }
  }
}