{
  "injections": {
    "__dataframe__": true,
    "content": {
      "simulation_id": [
        0
      ],
      "luminosity_distance": [
        160.45721338832612
      ],
      "timeshift": [
        0.42347573048107423
      ],
      "inclination_EM": [
        0.17238706536277
      ],
      "log10_E0": [
        53.0
      ],
      "thetaCore": [
        0.05
      ],
      "thetaWing": [
        0.1
      ],
      "log10_n0": [
        1.9785141079876185
      ],
      "p": [
        2.1151641170223527
      ],
      "log10_epsilon_e": [
        -0.7918520671247156
      ],
      "log10_epsilon_B": [
        -2.9544709746438054
      ],
      "ksiN": [
        1.0
      ],
      "L0": [
        0.0
      ],
      "dL": [
        3.09e+19
      ],
      "b": [
        6.0
      ],
      "q": [
        0.0
      ],
      "ts": [
        0.0
      ],
      "geocent_time": [
        -0.07459303863627727
      ]
    }
  }
}