{
  "injections": {
    "__dataframe__": true,
    "content": {
      "simulation_id": [
        0
      ],
      "luminosity_distance": [
        160.76495554763892
      ],
      "timeshift": [
        -0.5661597453567508
      ],
      "supernova_mag_boost": [
        -4.851206823302626
      ],
      "geocent_time": [
        0.060251555079977454
      ]
    }
  }
}