{
  "injections": {
    "__dataframe__": true,
    "content": {
      "simulation_id": [
        0
      ],
      "luminosity_distance": [
        381.3046100836989
      ],
      "timeshift": [
        -1.6782826541685842
      ],
      "log10_Menv": [
        -0.9839426391681823
      ],
      "log10_Renv": [
        14.244839141022297
      ],
      "log10_Ee": [
        50.68415714496069
      ],
      "geocent_time": [
        0.09278294373536713
      ]
    }
  }
}