{
  "injections": {
    "__dataframe__": true,
    "content": {
      "simulation_id": [
        0
      ],
      "luminosity_distance": [
        182.35580372837404
      ],
      "timeshift": [
        0.873875825248079
      ],
      "inclination_EM": [
        0.04132070826552323
      ],
      "log10_E0": [
        53.0
      ],
      "thetaCore": [
        0.05
      ],
      "thetaWing": [
        0.1
      ],
      "log10_n0": [
        -0.3478196529651294
      ],
      "p": [
        2.5689790011563773
      ],
      "log10_epsilon_e": [
        -0.1731824674897915
      ],
      "log10_epsilon_B": [
        -1.7279575482489875
      ],
      "ksiN": [
        1.0
      ],
      "L0": [
        0.0
      ],
      "dL": [
        3.09e+19
      ],
      "b": [
        6.0
      ],
      "q": [
        0.0
      ],
      "ts": [
        0.0
      ],
      "geocent_time": [
        0.012530251189765626
      ]
    }
  }
}