{
  "injections": {
    "__dataframe__": true,
    "content": {
      "simulation_id": [
        0
      ],
      "luminosity_distance": [
        210.24342607372364
      ],
      "timeshift": [
        0.9036689495316577
      ],
      "supernova_mag_boost": [
        0.4688745944223367
      ],
      "geocent_time": [
        0.0022602585338392656
      ]
    }
  }
}