{
  "injections": {
    "__dataframe__": true,
    "content": {
      "simulation_id": [
        0
      ],
      "luminosity_distance": [
        2.2604738372904944
      ],
      "KNphi": [
        49.04649288301063
      ],
      "inclination_EM": [
        0.3835462471221005
      ],
      "timeshift": [
        -0.13343809394907757
      ],
      "log10_mej_dyn": [
        -2.6558994298508383
      ],
      "log10_mej_wind": [
        -0.8442314126014603
      ],
      "geocent_time": [
        -0.05303137000819669
      ]
    }
  }
}