{
  "injections": {
    "__dataframe__": true,
    "content": {
      "simulation_id": [
        0
      ],
      "luminosity_distance": [
        222.93413437990282
      ],
      "timeshift": [
        -0.37733322716339535
      ],
      "supernova_mag_boost": [
        3.9644702990467646
      ],
      "geocent_time": [
        -0.043057415317932016
      ]
    }
  }
}