{
  "injections": {
    "__dataframe__": true,
    "content": {
      "simulation_id": [
        0
      ],
      "luminosity_distance": [
        20.645126414384094
      ],
      "timeshift": [
        -0.49719275056049295
      ],
      "log10_Menv": [
        -0.428235162036275
      ],
      "log10_Renv": [
        13.781665439778612
      ],
      "log10_Ee": [
        50.95113382848321
      ],
      "geocent_time": [
        -0.035596011799257574
      ]
    }
  }
}