{
  "injections": {
    "__dataframe__": true,
    "content": {
      "simulation_id": [
        0
      ],
      "luminosity_distance": [
        152.9320777437708
      ],
      "timeshift": [
        0.3373735149511874
      ],
      "inclination_EM": [
        0.06951553298785035
      ],
      "log10_E0": [
        53.0
      ],
      "thetaCore": [
        0.05
      ],
      "thetaWing": [
        0.1
      ],
      "log10_n0": [
        0.408186304800775
      ],
      "p": [
        2.220807333374391
      ],
      "log10_epsilon_e": [
        -2.1368418268537366
      ],
      "log10_epsilon_B": [
        -1.530978719318783
      ],
      "ksiN": [
        1.0
      ],
      "L0": [
        0.0
      ],
      "dL": [
        3.09e+19
      ],
      "b": [
        6.0
      ],
      "q": [
        0.0
      ],
      "ts": [
        0.0
      ],
      "geocent_time": [
        0.03796237319295809
      ]
    }
  }
}