{
  "injections": {
    "__dataframe__": true,
    "content": {
      "simulation_id": [
        0
      ],
      "luminosity_distance": [
        194.53636221345607
      ],
      "timeshift": [
        -0.6104639046629778
      ],
      "supernova_mag_boost": [
        -3.792539375668963
      ],
      "geocent_time": [
        -0.060766469796223424
      ]
    }
  }
}