{
  "injections": {
    "__dataframe__": true,
    "content": {
      "simulation_id": [
        0
      ],
      "luminosity_distance": [
        173.5529177841359
      ],
      "timeshift": [
        0.6682912424348183
      ],
      "inclination_EM": [
        0.11937618981106649
      ],
      "log10_E0": [
        53.0
      ],
      "thetaCore": [
        0.05
      ],
      "thetaWing": [
        0.1
      ],
      "log10_n0": [
        -0.7086941767545936
      ],
      "p": [
        2.614360857071923
      ],
      "log10_epsilon_e": [
        -1.3802313279830924
      ],
      "log10_epsilon_B": [
        -1.1697381344215263
      ],
      "ksiN": [
        1.0
      ],
      "L0": [
        0.0
      ],
      "dL": [
        3.09e+19
      ],
      "b": [
        6.0
      ],
      "q": [
        0.0
      ],
      "ts": [
        0.0
      ],
      "geocent_time": [
        0.08573879179881402
      ]
    }
  }
}