{
  "injections": {
    "__dataframe__": true,
    "content": {
      "simulation_id": [
        0
      ],
      "luminosity_distance": [
        171.11279136546455
      ],
      "timeshift": [
        0.907186330331024
      ],
      "inclination_EM": [
        0.03808163980641476
      ],
      "log10_E0": [
        53.0
      ],
      "thetaCore": [
        0.05
      ],
      "thetaWing": [
        0.1
      ],
      "log10_n0": [
        2.7000414578307783
      ],
      "p": [
        2.5662805562041786
      ],
      "log10_epsilon_e": [
        -0.3074983778031335
      ],
      "log10_epsilon_B": [
        -2.885409312603298
      ],
      "ksiN": [
        1.0
      ],
      "L0": [
        0.0
      ],
      "dL": [
        3.09e+19
      ],
      "b": [
        6.0
      ],
      "q": [
        0.0
      ],
      "ts": [
        0.0
      ],
      "geocent_time": [
        0.009941280666792382
      ]
    }
  }
}