{
  "injections": {
    "__dataframe__": true,
    "content": {
      "simulation_id": [
        0
      ],
      "luminosity_distance": [
        176.0861979872642
      ],
      "timeshift": [
        0.7459586259630172
      ],
      "inclination_EM": [
        0.1365167302020198
      ],
      "log10_E0": [
        53.0
      ],
      "thetaCore": [
        0.05
      ],
      "thetaWing": [
        0.1
      ],
      "log10_n0": [
        -0.9701502565277602
      ],
      "p": [
        2.593558562610519
      ],
      "log10_epsilon_e": [
        -1.8409095594981442
      ],
      "log10_epsilon_B": [
        -1.6129763091760623
      ],
      "ksiN": [
        1.0
      ],
      "L0": [
        0.0
      ],
      "dL": [
        3.09e+19
      ],
      "b": [
        6.0
      ],
      "q": [
        0.0
      ],
      "ts": [
        0.0
      ],
      "geocent_time": [
        0.0017215375454287252
      ]
    }
  }
}