{
  "injections": {
    "__dataframe__": true,
    "content": {
      "simulation_id": [
        0
      ],
      "luminosity_distance": [
        5.621930226838865
      ],
      "KNphi": [
        49.07123082815833
      ],
      "inclination_EM": [
        0.20214726802593416
      ],
      "timeshift": [
        -1.0954224686135552
      ],
      "log10_mej_dyn": [
        -1.6035729371297338
      ],
      "log10_mej_wind": [
        -1.4005374041058058
      ],
      "geocent_time": [
        -0.04229414429473959
      ]
    }
  }
}