{
  "injections": {
    "__dataframe__": true,
    "content": {
      "simulation_id": [
        0
      ],
      "luminosity_distance": [
        204.86966032761296
      ],
      "timeshift": [
        -0.26848724559824966
      ],
      "supernova_mag_boost": [
        -2.269425459412732
      ],
      "geocent_time": [
        -0.016665012474388813
      ]
    }
  }
}