{
  "injections": {
    "__dataframe__": true,
    "content": {
      "simulation_id": [
        0
      ],
      "luminosity_distance": [
        5.237235630751044
      ],
      "KNphi": [
        18.35015417240105
      ],
      "inclination_EM": [
        0.5364563919137655
      ],
      "timeshift": [
        -0.7591175608276768
      ],
      "log10_mej_dyn": [
        -2.8673088870409096
      ],
      "log10_mej_wind": [
        -2.117602772910841
      ],
      "geocent_time": [
        -0.08247746080834933
      ]
    }
  }
}