{
  "injections": {
    "__dataframe__": true,
    "content": {
      "simulation_id": [
        0
      ],
      "luminosity_distance": [
        8.882819319592228
      ],
      "KNphi": [
        21.560897468349427
      ],
      "inclination_EM": [
        0.26456411692454773
      ],
      "timeshift": [
        -0.3607196302395237
      ],
      "log10_mej_dyn": [
        -2.380181381106528
      ],
      "log10_mej_wind": [
        -1.6889508601781835
      ],
      "geocent_time": [
        -0.051062333727522516
      ]
    }
  }
}