{
  "injections": {
    "__dataframe__": true,
    "content": {
      "simulation_id": [
        0
      ],
      "luminosity_distance": [
        160.9996642400029
      ],
      "timeshift": [
        0.8480242984219268
      ],
      "supernova_mag_boost": [
        1.1964356825587465
      ],
      "geocent_time": [
        -0.003242320761850423
      ]
    }
  }
}