{
  "injections": {
    "__dataframe__": true,
    "content": {
      "simulation_id": [
        0
      ],
      "luminosity_distance": [
        146.70022599859743
      ],
      "timeshift": [
        -0.8942705181114874
      ],
      "log10_Menv": [
        -0.4648340479883535
      ],
      "log10_Renv": [
        14.878952846899487
      ],
      "log10_Ee": [
        48.131572136000614
      ],
      "geocent_time": [
        0.08030077086552229
      ]
    }
  }
}