{
  "injections": {
    "__dataframe__": true,
    "content": {
      "simulation_id": [
        0
      ],
      "luminosity_distance": [
        183.52314121018065
      ],
      "timeshift": [
        0.2863126478690059
      ],
      "inclination_EM": [
        0.06756178805335533
      ],
      "log10_E0": [
        53.0
      ],
      "thetaCore": [
        0.05
      ],
      "thetaWing": [
        0.1
      ],
      "log10_n0": [
        -0.7301082423851426
      ],
      "p": [
        2.179990083289351
      ],
      "log10_epsilon_e": [
        -1.2785778133648389
      ],
      "log10_epsilon_B": [
        -0.38564219745114503
      ],
      "ksiN": [
        1.0
      ],
      "L0": [
        0.0
      ],
      "dL": [
        3.09e+19
      ],
      "b": [
        6.0
      ],
      "q": [
        0.0
      ],
      "ts": [
        0.0
      ],
      "geocent_time": [
        0.0878990162036821
      ]
    }
  }
}