{
  "injections": {
    "__dataframe__": true,
    "content": {
      "simulation_id": [
        0
      ],
      "luminosity_distance": [
        180.75530199987762
      ],
      "timeshift": [
        -0.6158660210858589
      ],
      "supernova_mag_boost": [
        0.5027726824210461
      ],
      "geocent_time": [
        0.07107158826759258
      ]
    }
  }
}