{
  "injections": {
    "__dataframe__": true,
    "content": {
      "simulation_id": [
        0
      ],
      "luminosity_distance": [
        152.0781481721702
      ],
      "timeshift": [
        -0.07853176413199232
      ],
      "inclination_EM": [
        0.1132842732774548
      ],
      "log10_E0": [
        53.0
      ],
      "thetaCore": [
        0.05
      ],
      "thetaWing": [
        0.1
      ],
      "log10_n0": [
        -2.8204523289838095
      ],
      "p": [
        2.4865425254116795
      ],
      "log10_epsilon_e": [
        -0.48667955031069
      ],
      "log10_epsilon_B": [
        -0.466807240500001
      ],
      "ksiN": [
        1.0
      ],
      "L0": [
        0.0
      ],
      "dL": [
        3.09e+19
      ],
      "b": [
        6.0
      ],
      "q": [
        0.0
      ],
      "ts": [
        0.0
      ],
      "geocent_time": [
        0.07111046725755804
      ]
    }
  }
}