{
  "injections": {
    "__dataframe__": true,
    "content": {
      "simulation_id": [
        0
      ],
      "luminosity_distance": [
        191.35207290470288
      ],
      "timeshift": [
        -0.4058213254263294
      ],
      "supernova_mag_boost": [
        4.463610432439761
      ],
      "geocent_time": [
        -0.012485386929508666
      ]
    }
  }
}