{
  "injections": {
    "__dataframe__": true,
    "content": {
      "simulation_id": [
        0
      ],
      "luminosity_distance": [
        3.7267343919046896
      ],
      "KNphi": [
        48.72477016752196
      ],
      "inclination_EM": [
        0.717233627384668
      ],
      "timeshift": [
        -0.019924608781279662
      ],
      "log10_mej_dyn": [
        -2.8838506431903994
      ],
      "log10_mej_wind": [
        -2.668769915237329
      ],
      "geocent_time": [
        -0.09239871859627734
      ]
    }
  }
}