{
  "injections": {
    "__dataframe__": true,
    "content": {
      "simulation_id": [
        0
      ],
      "luminosity_distance": [
        9.444811493959879
      ],
      "KNphi": [
        35.0556368437712
      ],
      "inclination_EM": [
        0.3732674128269793
      ],
      "timeshift": [
        0.16939778048420528
      ],
      "log10_mej_dyn": [
        -2.5664461629147475
      ],
      "log10_mej_wind": [
        -1.8695974930124442
      ],
      "geocent_time": [
        0.06380715381177754
      ]
    }
  }
}