{
  "injections": {
    "__dataframe__": true,
    "content": {
      "simulation_id": [
        0
      ],
      "luminosity_distance": [
        153.96916294475483
      ],
      "timeshift": [
        -1.6700721930184073
      ],
      "log10_Menv": [
        -1.590074691580627
      ],
      "log10_Renv": [
        14.685640220158593
      ],
      "log10_Ee": [
        48.74054590928079
      ],
      "geocent_time": [
        0.006489912986393037
      ]
    }
  }
}