{
  "injections": {
    "__dataframe__": true,
    "content": {
      "simulation_id": [
        0
      ],
      "luminosity_distance": [
        4.328174931271832
      ],
      "KNphi": [
        35.19318869755772
      ],
      "inclination_EM": [
        0.6729311428851956
      ],
      "timeshift": [
        -0.3609209969943812
      ],
      "log10_mej_dyn": [
        -1.7663797200018756
      ],
      "log10_mej_wind": [
        -2.397536996416221
      ],
      "geocent_time": [
        0.07586284447135619
      ]
    }
  }
}