{
  "injections": {
    "__dataframe__": true,
    "content": {
      "simulation_id": [
        0
      ],
      "luminosity_distance": [
        165.99827513873697
      ],
      "timeshift": [
        0.7211852370500222
      ],
      "inclination_EM": [
        0.09914433465484568
      ],
      "log10_E0": [
        53.0
      ],
      "thetaCore": [
        0.05
      ],
      "thetaWing": [
        0.1
      ],
      "log10_n0": [
        -2.720801917834129
      ],
      "p": [
        2.0107301937474467
      ],
      "log10_epsilon_e": [
        -0.24931912025585978
      ],
      "log10_epsilon_B": [
        -2.140441897587592
      ],
      "ksiN": [
        1.0
      ],
      "L0": [
        0.0
      ],
      "dL": [
        3.09e+19
      ],
      "b": [
        6.0
      ],
      "q": [
        0.0
      ],
      "ts": [
        0.0
      ],
      "geocent_time": [
        -0.01976393653638428
      ]
    }
  }
}