{
  "injections": {
    "__dataframe__": true,
    "content": {
      "simulation_id": [
        0
      ],
      "luminosity_distance": [
        154.46041294531244
      ],
      "timeshift": [
        0.5859367499138503
      ],
      "inclination_EM": [
        0.1898661958301809
      ],
      "log10_E0": [
        53.0
      ],
      "thetaCore": [
        0.05
      ],
      "thetaWing": [
        0.1
      ],
      "log10_n0": [
        -0.9282477123885351
      ],
      "p": [
        2.842606248332718
      ],
      "log10_epsilon_e": [
        -1.1016007565251114
      ],
      "log10_epsilon_B": [
        -0.4677971846743878
      ],
      "ksiN": [
        1.0
      ],
      "L0": [
        0.0
      ],
      "dL": [
        3.09e+19
      ],
      "b": [
        6.0
      ],
      "q": [
        0.0
      ],
      "ts": [
        0.0
      ],
      "geocent_time": [
        0.05072165961182118
      ]
    }
  }
}