{
  "injections": {
    "__dataframe__": true,
    "content": {
      "simulation_id": [
        0
      ],
      "luminosity_distance": [
        155.08264075168685
      ],
      "timeshift": [
        0.26768386936636657
      ],
      "inclination_EM": [
        0.1245508194873707
      ],
      "log10_E0": [
        53.0
      ],
      "thetaCore": [
        0.05
      ],
      "thetaWing": [
        0.1
      ],
      "log10_n0": [
        -1.0328748903877933
      ],
      "p": [
        2.762667522518813
      ],
      "log10_epsilon_e": [
        -0.7487496196193266
      ],
      "log10_epsilon_B": [
        -0.4586687158168883
      ],
      "ksiN": [
        1.0
      ],
      "L0": [
        0.0
      ],
      "dL": [
        3.09e+19
      ],
      "b": [
        6.0
      ],
      "q": [
        0.0
      ],
      "ts": [
        0.0
      ],
      "geocent_time": [
        0.02411033385513066
      ]
    }
  }
}