{
  "injections": {
    "__dataframe__": true,
    "content": {
      "simulation_id": [
        0
      ],
      "luminosity_distance": [
        169.2769960136168
      ],
      "timeshift": [
        0.47150896157172273
      ],
      "inclination_EM": [
        0.11969369106754361
      ],
      "log10_E0": [
        53.0
      ],
      "thetaCore": [
        0.05
      ],
      "thetaWing": [
        0.1
      ],
      "log10_n0": [
        1.4185412768624754
      ],
      "p": [
        2.0150631258105296
      ],
      "log10_epsilon_e": [
        -0.13118893597898085
      ],
      "log10_epsilon_B": [
        -1.567881837810039
      ],
      "ksiN": [
        1.0
      ],
      "L0": [
        0.0
      ],
      "dL": [
        3.09e+19
      ],
      "b": [
        6.0
      ],
      "q": [
        0.0
      ],
      "ts": [
        0.0
      ],
      "geocent_time": [
        -0.06342614752348703
      ]
    }
  }
}