{
  "injections": {
    "__dataframe__": true,
    "content": {
      "simulation_id": [
        0
      ],
      "luminosity_distance": [
        166.35699121978706
      ],
      "timeshift": [
        0.2812509149044359
      ],
      "inclination_EM": [
        0.12399677554285718
      ],
      "log10_E0": [
        53.0
      ],
      "thetaCore": [
        0.05
      ],
      "thetaWing": [
        0.1
      ],
      "log10_n0": [
        -2.553279049250263
      ],
      "p": [
        2.442671867558853
      ],
      "log10_epsilon_e": [
        -0.10519564052744856
      ],
      "log10_epsilon_B": [
        -2.062599933694533
      ],
      "ksiN": [
        1.0
      ],
      "L0": [
        0.0
      ],
      "dL": [
        3.09e+19
      ],
      "b": [
        6.0
      ],
      "q": [
        0.0
      ],
      "ts": [
        0.0
      ],
      "geocent_time": [
        0.07399945471806715
      ]
    }
  }
}