{
  "injections": {
    "__dataframe__": true,
    "content": {
      "simulation_id": [
        0
      ],
      "luminosity_distance": [
        183.6016531334185
      ],
      "timeshift": [
        0.6836526952358598
      ],
      "inclination_EM": [
        0.17545126483505133
      ],
      "log10_E0": [
        53.0
      ],
      "thetaCore": [
        0.05
      ],
      "thetaWing": [
        0.1
      ],
      "log10_n0": [
        2.9997627548656816
      ],
      "p": [
        2.02938202229706
      ],
      "log10_epsilon_e": [
        -0.8424305016458025
      ],
      "log10_epsilon_B": [
        -2.3132434152193255
      ],
      "ksiN": [
        1.0
      ],
      "L0": [
        0.0
      ],
      "dL": [
        3.09e+19
      ],
      "b": [
        6.0
      ],
      "q": [
        0.0
      ],
      "ts": [
        0.0
      ],
      "geocent_time": [
        -0.06286787996798535
      ]
    }
  }
}