{
  "injections": {
    "__dataframe__": true,
    "content": {
      "simulation_id": [
        0
      ],
      "luminosity_distance": [
        172.99839052928942
      ],
      "timeshift": [
        0.7655505506730511
      ],
      "supernova_mag_boost": [
        4.165990726980542
      ],
      "geocent_time": [
        -0.04542212632060408
      ]
    }
  }
}