{
  "injections": {
    "__dataframe__": true,
    "content": {
      "simulation_id": [
        0
      ],
      "luminosity_distance": [
        160.44272147603104
      ],
      "timeshift": [
        0.7828883571895389
      ],
      "inclination_EM": [
        0.10420307675037044
      ],
      "log10_E0": [
        53.0
      ],
      "thetaCore": [
        0.05
      ],
      "thetaWing": [
        0.1
      ],
      "log10_n0": [
        1.7751389671913547
      ],
      "p": [
        2.2078490581820547
      ],
      "log10_epsilon_e": [
        -0.045813415964497395
      ],
      "log10_epsilon_B": [
        -2.661436512552739
      ],
      "ksiN": [
        1.0
      ],
      "L0": [
        0.0
      ],
      "dL": [
        3.09e+19
      ],
      "b": [
        6.0
      ],
      "q": [
        0.0
      ],
      "ts": [
        0.0
      ],
      "geocent_time": [
        0.05363460803490197
      ]
    }
  }
}