{
  "injections": {
    "__dataframe__": true,
    "content": {
      "simulation_id": [
        0
      ],
      "luminosity_distance": [
        157.32180789935137
      ],
      "timeshift": [
        0.16354333846980804
      ],
      "inclination_EM": [
        0.16934008758050545
      ],
      "log10_E0": [
        53.0
      ],
      "thetaCore": [
        0.05
      ],
      "thetaWing": [
        0.1
      ],
      "log10_n0": [
        -2.1983988924431794
      ],
      "p": [
        2.349638139841075
      ],
      "log10_epsilon_e": [
        -0.6156297047704347
      ],
      "log10_epsilon_B": [
        -1.8473122710493544
      ],
      "ksiN": [
        1.0
      ],
      "L0": [
        0.0
      ],
      "dL": [
        3.09e+19
      ],
      "b": [
        6.0
      ],
      "q": [
        0.0
      ],
      "ts": [
        0.0
      ],
      "geocent_time": [
        0.04083452553741668
      ]
    }
  }
}