{
  "injections": {
    "__dataframe__": true,
    "content": {
      "simulation_id": [
        0
      ],
      "luminosity_distance": [
        168.0040860243419
      ],
      "timeshift": [
        -0.03613098868015244
      ],
      "inclination_EM": [
        0.13312788258925273
      ],
      "log10_E0": [
        53.0
      ],
      "thetaCore": [
        0.05
      ],
      "thetaWing": [
        0.1
      ],
      "log10_n0": [
        1.6405059622647409
      ],
      "p": [
        2.2448903798278286
      ],
      "log10_epsilon_e": [
        -1.9911224121244198
      ],
      "log10_epsilon_B": [
        -0.027043907416897106
      ],
      "ksiN": [
        1.0
      ],
      "L0": [
        0.0
      ],
      "dL": [
        3.09e+19
      ],
      "b": [
        6.0
      ],
      "q": [
        0.0
      ],
      "ts": [
        0.0
      ],
      "geocent_time": [
        0.016605256059219003
      ]
    }
  }
}