{
  "injections": {
    "__dataframe__": true,
    "content": {
      "simulation_id": [
        0
      ],
      "luminosity_distance": [
        156.5801974985102
      ],
      "timeshift": [
        0.11808361581990087
      ],
      "inclination_EM": [
        0.05941448629777583
      ],
      "log10_E0": [
        53.0
      ],
      "thetaCore": [
        0.05
      ],
      "thetaWing": [
        0.1
      ],
      "log10_n0": [
        -1.3412216179223664
      ],
      "p": [
        2.1005285838023635
      ],
      "log10_epsilon_e": [
        -1.0097734628142296
      ],
      "log10_epsilon_B": [
        -0.1636611826685037
      ],
      "ksiN": [
        1.0
      ],
      "L0": [
        0.0
      ],
      "dL": [
        3.09e+19
      ],
      "b": [
        6.0
      ],
      "q": [
        0.0
      ],
      "ts": [
        0.0
      ],
      "geocent_time": [
        0.009832337435495456
      ]
    }
  }
}