{
  "injections": {
    "__dataframe__": true,
    "content": {
      "simulation_id": [
        0
      ],
      "luminosity_distance": [
        219.7914798467614
      ],
      "timeshift": [
        -1.588009520129142
      ],
      "log10_Menv": [
        -0.8470418829772477
      ],
      "log10_Renv": [
        14.222441602433904
      ],
      "log10_Ee": [
        51.36083864645586
      ],
      "geocent_time": [
        0.06412795342767111
      ]
    }
  }
}