{
  "injections": {
    "__dataframe__": true,
    "content": {
      "simulation_id": [
        0
      ],
      "luminosity_distance": [
        181.3107924740046
      ],
      "timeshift": [
        0.7515458741473912
      ],
      "inclination_EM": [
        0.12802586573542507
      ],
      "log10_E0": [
        53.0
      ],
      "thetaCore": [
        0.05
      ],
      "thetaWing": [
        0.1
      ],
      "log10_n0": [
        0.8546309747606782
      ],
      "p": [
        2.1884237202444794
      ],
      "log10_epsilon_e": [
        -2.278494188128974
      ],
      "log10_epsilon_B": [
        -2.1544935457965786
      ],
      "ksiN": [
        1.0
      ],
      "L0": [
        0.0
      ],
      "dL": [
        3.09e+19
      ],
      "b": [
        6.0
      ],
      "q": [
        0.0
      ],
      "ts": [
        0.0
      ],
      "geocent_time": [
        -0.004959759941581196
      ]
    }
  }
}