{
  "injections": {
    "__dataframe__": true,
    "content": {
      "simulation_id": [
        0
      ],
      "luminosity_distance": [
        26.578569377349925
      ],
      "timeshift": [
        -0.21814133241510292
      ],
      "log10_Menv": [
        -0.6461479646412851
      ],
      "log10_Renv": [
        14.676380760082617
      ],
      "log10_Ee": [
        50.81701473990468
      ],
      "geocent_time": [
        0.022094231405460518
      ]
    }
  }
}