{
  "injections": {
    "__dataframe__": true,
    "content": {
      "simulation_id": [
        0
      ],
      "luminosity_distance": [
        196.33801172910253
      ],
      "timeshift": [
        0.39998117288389845
      ],
      "supernova_mag_boost": [
        -2.920758365452131
      ],
      "geocent_time": [
        -0.05904937362664109
      ]
    }
  }
}