{
  "injections": {
    "__dataframe__": true,
    "content": {
      "simulation_id": [
        0
      ],
      "luminosity_distance": [
        158.74182454365632
      ],
      "timeshift": [
        0.7017167419620021
      ],
      "supernova_mag_boost": [
        -4.535259265835251
      ],
      "geocent_time": [
        0.044735888443635824
      ]
    }
  }
}