{
  "injections": {
    "__dataframe__": true,
    "content": {
      "simulation_id": [
        0
      ],
      "luminosity_distance": [
        7.326330359734068
      ],
      "timeshift": [
        -0.2110756293128222
      ],
      "log10_Menv": [
        -1.7332060265914517
      ],
      "log10_Renv": [
        12.06778407119428
      ],
      "log10_Ee": [
        48.10063918194956
      ],
      "geocent_time": [
        0.05838245743917117
      ]
    }
  }
}