{
  "injections": {
    "__dataframe__": true,
    "content": {
      "simulation_id": [
        0
      ],
      "luminosity_distance": [
        169.44653471982286
      ],
      "timeshift": [
        0.8596508815551618
      ],
      "supernova_mag_boost": [
        3.2786960458876564
      ],
      "geocent_time": [
        0.08235327200628487
      ]
    }
  }
}