{
  "injections": {
    "__dataframe__": true,
    "content": {
      "simulation_id": [
        0
      ],
      "luminosity_distance": [
        151.67491540121796
      ],
      "timeshift": [
        -0.5186935522429388
      ],
      "supernova_mag_boost": [
        -3.302524228446698
      ],
      "geocent_time": [
        0.06126641688601439
      ]
    }
  }
}