{
  "injections": {
    "__dataframe__": true,
    "content": {
      "simulation_id": [
        0
      ],
      "luminosity_distance": [
        180.01657049992517
      ],
      "timeshift": [
        0.7193310830507188
      ],
      "inclination_EM": [
        0.16210724377166072
      ],
      "log10_E0": [
        53.0
      ],
      "thetaCore": [
        0.05
      ],
      "thetaWing": [
        0.1
      ],
      "log10_n0": [
        -2.0314527274681335
      ],
      "p": [
        2.841419678626964
      ],
      "log10_epsilon_e": [
        -1.1217355415725803
      ],
      "log10_epsilon_B": [
        -0.18273489485369643
      ],
      "ksiN": [
        1.0
      ],
      "L0": [
        0.0
      ],
      "dL": [
        3.09e+19
      ],
      "b": [
        6.0
      ],
      "q": [
        0.0
      ],
      "ts": [
        0.0
      ],
      "geocent_time": [
        -0.05717563236532568
      ]
    }
  }
}