{
  "injections": {
    "__dataframe__": true,
    "content": {
      "simulation_id": [
        0
      ],
      "luminosity_distance": [
        173.54979755769148
      ],
      "timeshift": [
        0.6814909942896741
      ],
      "inclination_EM": [
        0.13198413258600214
      ],
      "log10_E0": [
        53.0
      ],
      "thetaCore": [
        0.05
      ],
      "thetaWing": [
        0.1
      ],
      "log10_n0": [
        -0.3311671571741086
      ],
      "p": [
        2.8344001192108887
      ],
      "log10_epsilon_e": [
        -0.95961298096675
      ],
      "log10_epsilon_B": [
        -2.6605743490486016
      ],
      "ksiN": [
        1.0
      ],
      "L0": [
        0.0
      ],
      "dL": [
        3.09e+19
      ],
      "b": [
        6.0
      ],
      "q": [
        0.0
      ],
      "ts": [
        0.0
      ],
      "geocent_time": [
        0.023063906838553222
      ]
    }
  }
}