{
  "injections": {
    "__dataframe__": true,
    "content": {
      "simulation_id": [
        0
      ],
      "luminosity_distance": [
        1.7118667821930673
      ],
      "KNphi": [
        29.887399375430917
      ],
      "inclination_EM": [
        0.1240997588492819
      ],
      "timeshift": [
        -1.142377113797981
      ],
      "log10_mej_dyn": [
        -1.0540433588439375
      ],
      "log10_mej_wind": [
        -1.2163471305312807
      ],
      "geocent_time": [
        0.06199285607563634
      ]
    }
  }
}