{
  "injections": {
    "__dataframe__": true,
    "content": {
      "simulation_id": [
        0
      ],
      "luminosity_distance": [
        155.32507894780971
      ],
      "timeshift": [
        -0.6076723164821256
      ],
      "supernova_mag_boost": [
        4.066282866338069
      ],
      "geocent_time": [
        -0.06382568788471579
      ]
    }
  }
}