{
  "injections": {
    "__dataframe__": true,
    "content": {
      "simulation_id": [
        0
      ],
      "luminosity_distance": [
        158.55021035862254
      ],
      "timeshift": [
        0.7481786534491172
      ],
      "inclination_EM": [
        0.08429826946420985
      ],
      "log10_E0": [
        53.0
      ],
      "thetaCore": [
        0.05
      ],
      "thetaWing": [
        0.1
      ],
      "log10_n0": [
        0.21721687235048215
      ],
      "p": [
        2.1472118685476302
      ],
      "log10_epsilon_e": [
        -2.438931965950658
      ],
      "log10_epsilon_B": [
        -1.7425158716041196
      ],
      "ksiN": [
        1.0
      ],
      "L0": [
        0.0
      ],
      "dL": [
        3.09e+19
      ],
      "b": [
        6.0
      ],
      "q": [
        0.0
      ],
      "ts": [
        0.0
      ],
      "geocent_time": [
        -0.03998716517807371
      ]
    }
  }
}