{
  "injections": {
    "__dataframe__": true,
    "content": {
      "simulation_id": [
        0
      ],
      "luminosity_distance": [
        157.14120707363682
      ],
      "timeshift": [
        0.7926145914973719
      ],
      "inclination_EM": [
        0.1805050274793447
      ],
      "log10_E0": [
        53.0
      ],
      "thetaCore": [
        0.05
      ],
      "thetaWing": [
        0.1
      ],
      "log10_n0": [
        1.2175945199227272
      ],
      "p": [
        2.624715564037677
      ],
      "log10_epsilon_e": [
        -1.0187306216328769
      ],
      "log10_epsilon_B": [
        -2.3523339963114918
      ],
      "ksiN": [
        1.0
      ],
      "L0": [
        0.0
      ],
      "dL": [
        3.09e+19
      ],
      "b": [
        6.0
      ],
      "q": [
        0.0
      ],
      "ts": [
        0.0
      ],
      "geocent_time": [
        0.05483409762781352
      ]
    }
  }
}