{
  "injections": {
    "__dataframe__": true,
    "content": {
      "simulation_id": [
        0
      ],
      "luminosity_distance": [
        165.73395804500555
      ],
      "timeshift": [
        -0.07468283374489182
      ],
      "inclination_EM": [
        0.13120625100331879
      ],
      "log10_E0": [
        53.0
      ],
      "thetaCore": [
        0.05
      ],
      "thetaWing": [
        0.1
      ],
      "log10_n0": [
        0.48830690041541125
      ],
      "p": [
        2.7637593311165753
      ],
      "log10_epsilon_e": [
        -0.8799235763821498
      ],
      "log10_epsilon_B": [
        -0.8211144136590356
      ],
      "ksiN": [
        1.0
      ],
      "L0": [
        0.0
      ],
      "dL": [
        3.09e+19
      ],
      "b": [
        6.0
      ],
      "q": [
        0.0
      ],
      "ts": [
        0.0
      ],
      "geocent_time": [
        0.03129080832278053
      ]
    }
  }
}