{
  "injections": {
    "__dataframe__": true,
    "content": {
      "simulation_id": [
        0
      ],
      "luminosity_distance": [
        8.958270154165614
      ],
      "timeshift": [
        -1.6457684239190689
      ],
      "log10_Menv": [
        -1.2032924660680715
      ],
      "log10_Renv": [
        11.433321033978842
      ],
      "log10_Ee": [
        48.9694967433592
      ],
      "geocent_time": [
        0.0863746149934709
      ]
    }
  }
}