{
  "injections": {
    "__dataframe__": true,
    "content": {
      "simulation_id": [
        0
      ],
      "luminosity_distance": [
        148.37685143151703
      ],
      "timeshift": [
        -1.4713276850915125
      ],
      "log10_Menv": [
        -1.115971600882526
      ],
      "log10_Renv": [
        14.676241389807966
      ],
      "log10_Ee": [
        47.842624831834094
      ],
      "geocent_time": [
        -0.02600386003298956
      ]
    }
  }
}