{
  "injections": {
    "__dataframe__": true,
    "content": {
      "simulation_id": [
        0
      ],
      "luminosity_distance": [
        177.88666775103312
      ],
      "timeshift": [
        0.443191567917675
      ],
      "inclination_EM": [
        0.14763976308575846
      ],
      "log10_E0": [
        53.0
      ],
      "thetaCore": [
        0.05
      ],
      "thetaWing": [
        0.1
      ],
      "log10_n0": [
        0.7374076369957172
      ],
      "p": [
        2.22725068064017
      ],
      "log10_epsilon_e": [
        -0.1933108362681235
      ],
      "log10_epsilon_B": [
        -0.7260381396402451
      ],
      "ksiN": [
        1.0
      ],
      "L0": [
        0.0
      ],
      "dL": [
        3.09e+19
      ],
      "b": [
        6.0
      ],
      "q": [
        0.0
      ],
      "ts": [
        0.0
      ],
      "geocent_time": [
        -0.034436159205409766
      ]
    }
  }
}