{
  "injections": {
    "__dataframe__": true,
    "content": {
      "simulation_id": [
        0
      ],
      "luminosity_distance": [
        208.768574915189
      ],
      "timeshift": [
        0.271499546961794
      ],
      "supernova_mag_boost": [
        -0.8894403432284772
      ],
      "geocent_time": [
        0.043700454975227815
      ]
    }
  }
}