{
  "injections": {
    "__dataframe__": true,
    "content": {
      "simulation_id": [
        0
      ],
      "luminosity_distance": [
        175.77847708704348
      ],
      "timeshift": [
        0.37256369062358075
      ],
      "inclination_EM": [
        0.12340909048373494
      ],
      "log10_E0": [
        53.0
      ],
      "thetaCore": [
        0.05
      ],
      "thetaWing": [
        0.1
      ],
      "log10_n0": [
        2.0812913385860536
      ],
      "p": [
        2.9334924214508105
      ],
      "log10_epsilon_e": [
        -0.3935801973458819
      ],
      "log10_epsilon_B": [
        -1.1272012905709172
      ],
      "ksiN": [
        1.0
      ],
      "L0": [
        0.0
      ],
      "dL": [
        3.09e+19
      ],
      "b": [
        6.0
      ],
      "q": [
        0.0
      ],
      "ts": [
        0.0
      ],
      "geocent_time": [
        0.010814999110754647
      ]
    }
  }
}