{
  "injections": {
    "__dataframe__": true,
    "content": {
      "simulation_id": [
        0
      ],
      "luminosity_distance": [
        538.2115373930778
      ],
      "timeshift": [
        -0.8128355296441139
      ],
      "log10_Menv": [
        -0.47393604468429373
      ],
      "log10_Renv": [
        14.813705094753722
      ],
      "log10_Ee": [
        50.007490713618175
      ],
      "geocent_time": [
        -0.012168517420427877
      ]
    }
  }
}