{
  "injections": {
    "__dataframe__": true,
    "content": {
      "simulation_id": [
        0
      ],
      "luminosity_distance": [
        217.03183534084175
      ],
      "timeshift": [
        -0.6453606937934917
      ],
      "supernova_mag_boost": [
        -1.8889758879921414
      ],
      "geocent_time": [
        -0.05998924664428782
      ]
    }
  }
}