{
  "injections": {
    "__dataframe__": true,
    "content": {
      "simulation_id": [
        0
      ],
      "luminosity_distance": [
        175.04016012957268
      ],
      "timeshift": [
        0.3338098509065449
      ],
      "inclination_EM": [
        0.0881009531512013
      ],
      "log10_E0": [
        53.0
      ],
      "thetaCore": [
        0.05
      ],
      "thetaWing": [
        0.1
      ],
      "log10_n0": [
        -2.162824191188056
      ],
      "p": [
        2.3964095399307443
      ],
      "log10_epsilon_e": [
        -1.241017006842193
      ],
      "log10_epsilon_B": [
        -2.444256844231809
      ],
      "ksiN": [
        1.0
      ],
      "L0": [
        0.0
      ],
      "dL": [
        3.09e+19
      ],
      "b": [
        6.0
      ],
      "q": [
        0.0
      ],
      "ts": [
        0.0
      ],
      "geocent_time": [
        0.016227791366754604
      ]
    }
  }
}