{
  "injections": {
    "__dataframe__": true,
    "content": {
      "simulation_id": [
        0
      ],
      "luminosity_distance": [
        3.9206224057395853
      ],
      "KNphi": [
        33.02032516234809
      ],
      "inclination_EM": [
        0.41623879594232427
      ],
      "timeshift": [
        -0.5262385698526801
      ],
      "log10_mej_dyn": [
        -1.1855217445947213
      ],
      "log10_mej_wind": [
        -1.5024231551285425
      ],
      "geocent_time": [
        -0.04238474908910455
      ]
    }
  }
}