{
  "injections": {
    "__dataframe__": true,
    "content": {
      "simulation_id": [
        0
      ],
      "luminosity_distance": [
        116.3909579826079
      ],
      "timeshift": [
        -1.993126744050507
      ],
      "log10_Menv": [
        -0.2061506176087704
      ],
      "log10_Renv": [
        12.654547652403203
      ],
      "log10_Ee": [
        49.98112962324394
      ],
      "geocent_time": [
        0.05695395596161065
      ]
    }
  }
}