{
  "injections": {
    "__dataframe__": true,
    "content": {
      "simulation_id": [
        0
      ],
      "luminosity_distance": [
        220.20033418094056
      ],
      "timeshift": [
        -0.8275097005543142
      ],
      "supernova_mag_boost": [
        -0.6933450553253673
      ],
      "geocent_time": [
        0.005296740236978986
      ]
    }
  }
}