{
  "injections": {
    "__dataframe__": true,
    "content": {
      "simulation_id": [
        0
      ],
      "luminosity_distance": [
        6.059245670167219
      ],
      "KNphi": [
        29.30583075031011
      ],
      "inclination_EM": [
        0.7513648771713881
      ],
      "timeshift": [
        -1.4545663390140415
      ],
      "log10_mej_dyn": [
        -1.058301326948519
      ],
      "log10_mej_wind": [
        -2.1030804746747203
      ],
      "geocent_time": [
        -0.06510093495209995
      ]
    }
  }
}