{
  "injections": {
    "__dataframe__": true,
    "content": {
      "simulation_id": [
        0
      ],
      "luminosity_distance": [
        159.96931700643887
      ],
      "timeshift": [
        0.7858767893064664
      ],
      "supernova_mag_boost": [
        -1.1883085920096539
      ],
      "geocent_time": [
        -0.066101842318072
      ]
    }
  }
}