{
  "injections": {
    "__dataframe__": true,
    "content": {
      "simulation_id": [
        0
      ],
      "luminosity_distance": [
        8.789973217669578
      ],
      "KNphi": [
        48.48477663427831
      ],
      "inclination_EM": [
        0.6748139888211467
      ],
      "timeshift": [
        -1.1733006069924254
      ],
      "log10_mej_dyn": [
        -2.9442081009053345
      ],
      "log10_mej_wind": [
        -2.6026027519983175
      ],
      "geocent_time": [
        0.08518260434400945
      ]
    }
  }
}