{
  "injections": {
    "__dataframe__": true,
    "content": {
      "simulation_id": [
        0
      ],
      "luminosity_distance": [
        160.95711945732995
      ],
      "timeshift": [
        0.6744239094515595
      ],
      "inclination_EM": [
        0.19014218605179703
      ],
      "log10_E0": [
        53.0
      ],
      "thetaCore": [
        0.05
      ],
      "thetaWing": [
        0.1
      ],
      "log10_n0": [
        -0.11833077810328163
      ],
      "p": [
        2.2785071938660804
      ],
      "log10_epsilon_e": [
        -0.5940420460256615
      ],
      "log10_epsilon_B": [
        -0.996533997351726
      ],
      "ksiN": [
        1.0
      ],
      "L0": [
        0.0
      ],
      "dL": [
        3.09e+19
      ],
      "b": [
        6.0
      ],
      "q": [
        0.0
      ],
      "ts": [
        0.0
      ],
      "geocent_time": [
        -0.08383392593702921
      ]
    }
  }
}