{
  "injections": {
    "__dataframe__": true,
    "content": {
      "simulation_id": [
        0
      ],
      "luminosity_distance": [
        221.27271368574085
      ],
      "timeshift": [
        -0.769716706590275
      ],
      "supernova_mag_boost": [
        2.5588768624667955
      ],
      "geocent_time": [
        0.0480022786354769
      ]
    }
  }
}