{
  "injections": {
    "__dataframe__": true,
    "content": {
      "simulation_id": [
        0
      ],
      "luminosity_distance": [
        160.6262984255278
      ],
      "timeshift": [
        0.24484765414457246
      ],
      "inclination_EM": [
        0.08053884558902978
      ],
      "log10_E0": [
        53.0
      ],
      "thetaCore": [
        0.05
      ],
      "thetaWing": [
        0.1
      ],
      "log10_n0": [
        2.754911316771226
      ],
      "p": [
        2.371002108849749
      ],
      "log10_epsilon_e": [
        -1.0221527287403074
      ],
      "log10_epsilon_B": [
        -2.809649369188193
      ],
      "ksiN": [
        1.0
      ],
      "L0": [
        0.0
      ],
      "dL": [
        3.09e+19
      ],
      "b": [
        6.0
      ],
      "q": [
        0.0
      ],
      "ts": [
        0.0
      ],
      "geocent_time": [
        0.061477976127905704
      ]
    }
  }
}