{
  "injections": {
    "__dataframe__": true,
    "content": {
      "simulation_id": [
        0
      ],
      "luminosity_distance": [
        169.47795181811992
      ],
      "timeshift": [
        0.19160618219315803
      ],
      "inclination_EM": [
        0.18728409533937582
      ],
      "log10_E0": [
        53.0
      ],
      "thetaCore": [
        0.05
      ],
      "thetaWing": [
        0.1
      ],
      "log10_n0": [
        0.5209224385148659
      ],
      "p": [
        2.4871724731182345
      ],
      "log10_epsilon_e": [
        -1.1264656815780576
      ],
      "log10_epsilon_B": [
        -0.5990705194898207
      ],
      "ksiN": [
        1.0
      ],
      "L0": [
        0.0
      ],
      "dL": [
        3.09e+19
      ],
      "b": [
        6.0
      ],
      "q": [
        0.0
      ],
      "ts": [
        0.0
      ],
      "geocent_time": [
        0.05580510727613042
      ]
    }
  }
}