{
  "injections": {
    "__dataframe__": true,
    "content": {
      "simulation_id": [
        0
      ],
      "luminosity_distance": [
        51.56113979053178
      ],
      "timeshift": [
        -0.617983316037714
      ],
      "log10_Menv": [
        -1.031769077352867
      ],
      "log10_Renv": [
        13.091718365766255
      ],
      "log10_Ee": [
        49.31902832847562
      ],
      "geocent_time": [
        -0.003783185631033012
      ]
    }
  }
}