{
  "injections": {
    "__dataframe__": true,
    "content": {
      "simulation_id": [
        0
      ],
      "luminosity_distance": [
        3.2262082034209927
      ],
      "KNphi": [
        44.10588486032079
      ],
      "inclination_EM": [
        0.7089655624738239
      ],
      "timeshift": [
        0.08377434436830855
      ],
      "log10_mej_dyn": [
        -1.3983329712450172
      ],
      "log10_mej_wind": [
        -1.7728805541458232
      ],
      "geocent_time": [
        -0.05254171976087823
      ]
    }
  }
}