{
  "injections": {
    "__dataframe__": true,
    "content": {
      "simulation_id": [
        0
      ],
      "luminosity_distance": [
        7.997463431626393
      ],
      "KNphi": [
        46.81361666706223
      ],
      "inclination_EM": [
        0.3484592981369767
      ],
      "timeshift": [
        -1.6120198318510195
      ],
      "log10_mej_dyn": [
        -1.107610522301371
      ],
      "log10_mej_wind": [
        -2.0778656269965907
      ],
      "geocent_time": [
        0.05815740575608663
      ]
    }
  }
}