{
  "injections": {
    "__dataframe__": true,
    "content": {
      "simulation_id": [
        0
      ],
      "luminosity_distance": [
        153.26092190021905
      ],
      "timeshift": [
        0.8285938144081717
      ],
      "inclination_EM": [
        0.024217081772714453
      ],
      "log10_E0": [
        53.0
      ],
      "thetaCore": [
        0.05
      ],
      "thetaWing": [
        0.1
      ],
      "log10_n0": [
        -2.778211525175429
      ],
      "p": [
        2.3048200480147627
      ],
      "log10_epsilon_e": [
        -1.3580778156364202
      ],
      "log10_epsilon_B": [
        -2.2393001726727126
      ],
      "ksiN": [
        1.0
      ],
      "L0": [
        0.0
      ],
      "dL": [
        3.09e+19
      ],
      "b": [
        6.0
      ],
      "q": [
        0.0
      ],
      "ts": [
        0.0
      ],
      "geocent_time": [
        0.026861282346097998
      ]
    }
  }
}