{
    "luminosity_distance": 205.55810054454167,
    "KNtimeshift": -0.985282609797456,
    "supernova_mag_boost": 2.7129643843060647,
    "Ebv": 0.4134341357840185,
    "log_likelihood": -3.8513735848752138,
    "log_prior": -7.343304534207401,
    "Best fit index": 2314,
    "Magnitudes": {
        "ztfg": [
            24.01912439308258,
            22.07374626728414,
            21.44450689403129,
            21.226447071215215,
            21.044942771555707,
            20.889479417573728,
            20.75351370059651,
            20.632695509330507,
            20.523985545144672,
            20.42517641665214,
            20.33461425479366,
            20.251027837359,
            20.173418952930763,
            20.10098941988328,
            20.033090971661093,
            19.970053027574817,
            19.911087442729535,
            19.85515994964543,
            19.801972764457563,
            19.7512698471627,
            19.70282944638593,
            19.656458237586474,
            19.6119866627149,
            19.569265187417702,
            19.528161267196683,
            19.491640748970855,
            19.477829704286943,
            19.464192137789798,
            19.45072374542593,
            19.43742038135873,
            19.42427805030749,
            19.411292900344623,
            19.398461216118495,
            19.385779412472072,
            19.373244028430054,
            19.36085172152904,
            19.374808984962403,
            19.402008669648342,
            19.429907303818165
        ],
        "bestfit_sample_times": [
            0.1,
            0.6,
            1.1,
            1.6,
            2.1,
            2.6,
            3.1,
            3.6,
            4.1,
            4.6,
            5.1,
            5.6,
            6.1,
            6.6,
            7.1,
            7.6,
            8.1,
            8.6,
            9.1,
            9.6,
            10.1,
            10.6,
            11.1,
            11.6,
            12.1,
            12.6,
            13.1,
            13.6,
            14.1,
            14.6,
            15.1,
            15.6,
            16.1,
            16.6,
            17.1,
            17.6,
            18.1,
            18.6,
            19.1
        ]
    }
}