{
    "injections": {
        "__dataframe__": true,
        "content": {
            "luminosity_distance": [
                282.7494400131015
            ],
            "KNtimeshift": [
                0.7424293304439962
            ],
            "supernova_mag_boost": [
                2.580685978432376
            ],
            "geocent_time": [
                -0.07206914991718405
            ],
            "simulation_id": [
                0
            ]
        }
    }
}