{
    "injections": {
        "__dataframe__": true,
        "content": {
            "luminosity_distance": [
                276.4208155147444
            ],
            "KNtimeshift": [
                -1.8931337276577285
            ],
            "supernova_mag_boost": [
                -4.457540624718109
            ],
            "geocent_time": [
                0.015814530054009818
            ],
            "simulation_id": [
                0
            ]
        }
    }
}