{
    "injections": {
        "__dataframe__": true,
        "content": {
            "luminosity_distance": [
                118.11296223200142
            ],
            "KNtimeshift": [
                -1.8568358860558045
            ],
            "inclination_EM": [
                0.14571325392836346
            ],
            "log10_E0": [
                53.0
            ],
            "thetaCore": [
                0.05
            ],
            "thetaWing": [
                0.1
            ],
            "log10_n0": [
                -1.6070179944576002
            ],
            "p": [
                2.081936116985728
            ],
            "log10_epsilon_e": [
                -0.5634131398681146
            ],
            "log10_epsilon_B": [
                -0.06794043106923597
            ],
            "ksiN": [
                1.0
            ],
            "L0": [
                0.0
            ],
            "dL": [
                3.09e+19
            ],
            "b": [
                6.0
            ],
            "q": [
                0.0
            ],
            "ts": [
                0.0
            ],
            "geocent_time": [
                0.04460083861091063
            ],
            "simulation_id": [
                0
            ]
        }
    }
}