{
    "injections": {
        "__dataframe__": true,
        "content": {
            "luminosity_distance": [
<<<<<<< HEAD:injection_sample/injection_Bu2019lm_0.json
                2.715056545445546
            ],
            "KNphi": [
                22.4105835931523
            ],
            "inclination_EM": [
                0.753745760801232
            ],
            "KNtimeshift": [
                0.2845881234658707
            ],
            "log10_mej_dyn": [
                -2.9343100678391396
            ],
            "log10_mej_wind": [
                -1.1293113220201754
            ],
            "geocent_time": [
                -0.06385082677896488
=======
                14.174797820224963
            ],
            "KNphi": [
                29.42205604177368
            ],
            "inclination_EM": [
                1.2221026276739364
            ],
            "KNtimeshift": [
                0.7937118464870645
            ],
            "log10_mej_dyn": [
                -2.1298184368147073
            ],
            "log10_mej_wind": [
                -0.890834614627801
            ],
            "geocent_time": [
                -0.09959835596430161
>>>>>>> 06cc5f4a6a366da283443d665594d3a9663870ed:injections/injection_Bu2019lm_0.json
            ],
            "simulation_id": [
                0
            ]
        }
    }
}