{
    "injections": {
        "__dataframe__": true,
        "content": {
            "luminosity_distance": [
<<<<<<< HEAD:injection_sample/injection_nugent-hyper_6.json
                291.0001771658758
            ],
            "KNtimeshift": [
                -1.692776781258854
            ],
            "supernova_mag_boost": [
                0.14213323956409862
            ],
            "geocent_time": [
                -0.06833602350820041
=======
                168.15293536339476
            ],
            "KNtimeshift": [
                -1.0263642380338203
            ],
            "supernova_mag_boost": [
                -1.6848741909226628
            ],
            "geocent_time": [
                0.03994272774896951
>>>>>>> 06cc5f4a6a366da283443d665594d3a9663870ed:injections/injection_nugent-hyper_6.json
            ],
            "simulation_id": [
                0
            ]
        }
    }
}