{
    "injections": {
        "__dataframe__": true,
        "content": {
            "luminosity_distance": [
<<<<<<< HEAD:injection_sample/injection_TrPi2018_0.json
                118.11296223200142
            ],
            "KNtimeshift": [
                -1.8568358860558045
            ],
            "inclination_EM": [
                0.14571325392836346
=======
                165.72373389442112
            ],
            "KNtimeshift": [
                -1.988207059262359
            ],
            "inclination_EM": [
                0.036068576569807706
>>>>>>> 06cc5f4a6a366da283443d665594d3a9663870ed:injections/injection_TrPi2018_0.json
            ],
            "log10_E0": [
                53.0
            ],
            "thetaCore": [
                0.05
            ],
            "thetaWing": [
                0.1
            ],
            "log10_n0": [
<<<<<<< HEAD:injection_sample/injection_TrPi2018_0.json
                -1.6070179944576002
            ],
            "p": [
                2.081936116985728
            ],
            "log10_epsilon_e": [
                -0.5634131398681146
            ],
            "log10_epsilon_B": [
                -0.06794043106923597
=======
                -1.9651827470545151
            ],
            "p": [
                2.272900981626223
            ],
            "log10_epsilon_e": [
                -1.1067394702642677
            ],
            "log10_epsilon_B": [
                -0.5423823869979225
>>>>>>> 06cc5f4a6a366da283443d665594d3a9663870ed:injections/injection_TrPi2018_0.json
            ],
            "ksiN": [
                1.0
            ],
            "L0": [
                0.0
            ],
            "dL": [
                3.09e+19
            ],
            "b": [
                6.0
            ],
            "q": [
                0.0
            ],
            "ts": [
                0.0
            ],
            "geocent_time": [
<<<<<<< HEAD:injection_sample/injection_TrPi2018_0.json
                0.04460083861091063
=======
                0.08657810259039508
>>>>>>> 06cc5f4a6a366da283443d665594d3a9663870ed:injections/injection_TrPi2018_0.json
            ],
            "simulation_id": [
                0
            ]
        }
    }
}