{
  "injections": {
    "__dataframe__": true,
    "content": {
      "simulation_id": [
        0
      ],
      "luminosity_distance": [
        182.17416550848523
      ],
      "timeshift": [
        0.7970627857094557
      ],
      "inclination_EM": [
        0.09836165974013042
      ],
      "log10_E0": [
        53.0
      ],
      "thetaCore": [
        0.05
      ],
      "thetaWing": [
        0.1
      ],
      "log10_n0": [
        1.227367101391291
      ],
      "p": [
        2.908924509175554
      ],
      "log10_epsilon_e": [
        -0.37792642240253516
      ],
      "log10_epsilon_B": [
        -2.5417513759123085
      ],
      "ksiN": [
        1.0
      ],
      "L0": [
        0.0
      ],
      "dL": [
        3.09e+19
      ],
      "b": [
        6.0
      ],
      "q": [
        0.0
      ],
      "ts": [
        0.0
      ],
      "geocent_time": [
        0.030856766523015222
      ]
    }
  }
}