{
  "injections": {
    "__dataframe__": true,
    "content": {
      "simulation_id": [
        0
      ],
      "luminosity_distance": [
        8.867605061919575
      ],
      "KNphi": [
        28.66016502286387
      ],
      "inclination_EM": [
        0.7454502427515055
      ],
      "timeshift": [
        -0.890626257536967
      ],
      "log10_mej_dyn": [
        -2.1842464457173465
      ],
      "log10_mej_wind": [
        -2.1598474637189624
      ],
      "geocent_time": [
        -0.03186635499265933
      ]
    }
  }
}