{
  "injections": {
    "__dataframe__": true,
    "content": {
      "simulation_id": [
        0
      ],
      "luminosity_distance": [
        166.72617124641965
      ],
      "timeshift": [
        0.5187949989140062
      ],
      "inclination_EM": [
        0.13732436843960835
      ],
      "log10_E0": [
        53.0
      ],
      "thetaCore": [
        0.05
      ],
      "thetaWing": [
        0.1
      ],
      "log10_n0": [
        1.3768799527285775
      ],
      "p": [
        2.544235879223643
      ],
      "log10_epsilon_e": [
        -1.6775074820318092
      ],
      "log10_epsilon_B": [
        -2.954422685213917
      ],
      "ksiN": [
        1.0
      ],
      "L0": [
        0.0
      ],
      "dL": [
        3.09e+19
      ],
      "b": [
        6.0
      ],
      "q": [
        0.0
      ],
      "ts": [
        0.0
      ],
      "geocent_time": [
        0.00011504810416787525
      ]
    }
  }
}