{
  "injections": {
    "__dataframe__": true,
    "content": {
      "simulation_id": [
        0
      ],
      "luminosity_distance": [
        154.56065289519222
      ],
      "timeshift": [
        0.4066528280197772
      ],
      "inclination_EM": [
        0.13703394538399127
      ],
      "log10_E0": [
        53.0
      ],
      "thetaCore": [
        0.05
      ],
      "thetaWing": [
        0.1
      ],
      "log10_n0": [
        0.010006282245449416
      ],
      "p": [
        2.4101599015586324
      ],
      "log10_epsilon_e": [
        -0.9250951163749912
      ],
      "log10_epsilon_B": [
        -1.1805201770200564
      ],
      "ksiN": [
        1.0
      ],
      "L0": [
        0.0
      ],
      "dL": [
        3.09e+19
      ],
      "b": [
        6.0
      ],
      "q": [
        0.0
      ],
      "ts": [
        0.0
      ],
      "geocent_time": [
        0.053687421531137536
      ]
    }
  }
}