{
  "injections": {
    "__dataframe__": true,
    "content": {
      "simulation_id": [
        0
      ],
      "luminosity_distance": [
        6.209201925473486
      ],
      "KNphi": [
        45.03309223030736
      ],
      "inclination_EM": [
        0.4982565562138583
      ],
      "timeshift": [
        -0.4580251652877294
      ],
      "log10_mej_dyn": [
        -1.734403962491768
      ],
      "log10_mej_wind": [
        -2.0736083548123667
      ],
      "geocent_time": [
        -0.059155211307766686
      ]
    }
  }
}