{
  "injections": {
    "__dataframe__": true,
    "content": {
      "simulation_id": [
        0
      ],
      "luminosity_distance": [
        169.3293616363785
      ],
      "timeshift": [
        0.8558732684346968
      ],
      "supernova_mag_boost": [
        -1.839111033305266
      ],
      "geocent_time": [
        0.06372259033635261
      ]
    }
  }
}