{
  "injections": {
    "__dataframe__": true,
    "content": {
      "simulation_id": [
        0
      ],
      "luminosity_distance": [
        169.25718325400504
      ],
      "timeshift": [
        0.02661923926939866
      ],
      "inclination_EM": [
        0.10815376771067127
      ],
      "log10_E0": [
        53.0
      ],
      "thetaCore": [
        0.05
      ],
      "thetaWing": [
        0.1
      ],
      "log10_n0": [
        -1.6834911002157043
      ],
      "p": [
        2.6111897560475223
      ],
      "log10_epsilon_e": [
        -1.9820310803656513
      ],
      "log10_epsilon_B": [
        -0.9069467787177166
      ],
      "ksiN": [
        1.0
      ],
      "L0": [
        0.0
      ],
      "dL": [
        3.09e+19
      ],
      "b": [
        6.0
      ],
      "q": [
        0.0
      ],
      "ts": [
        0.0
      ],
      "geocent_time": [
        -0.07270566837882274
      ]
    }
  }
}