{
  "injections": {
    "__dataframe__": true,
    "content": {
      "simulation_id": [
        0
      ],
      "luminosity_distance": [
        158.69430333929935
      ],
      "timeshift": [
        0.24928731756231345
      ],
      "inclination_EM": [
        0.18905159702392368
      ],
      "log10_E0": [
        53.0
      ],
      "thetaCore": [
        0.05
      ],
      "thetaWing": [
        0.1
      ],
      "log10_n0": [
        2.841880911583049
      ],
      "p": [
        2.93350141107906
      ],
      "log10_epsilon_e": [
        -1.4372517191282328
      ],
      "log10_epsilon_B": [
        -0.17660291598774158
      ],
      "ksiN": [
        1.0
      ],
      "L0": [
        0.0
      ],
      "dL": [
        3.09e+19
      ],
      "b": [
        6.0
      ],
      "q": [
        0.0
      ],
      "ts": [
        0.0
      ],
      "geocent_time": [
        -0.09728770522348795
      ]
    }
  }
}