{
  "injections": {
    "__dataframe__": true,
    "content": {
      "simulation_id": [
        0
      ],
      "luminosity_distance": [
        167.64708189079735
      ],
      "timeshift": [
        0.6652947338559566
      ],
      "inclination_EM": [
        0.10869650133428224
      ],
      "log10_E0": [
        53.0
      ],
      "thetaCore": [
        0.05
      ],
      "thetaWing": [
        0.1
      ],
      "log10_n0": [
        -2.465410972226253
      ],
      "p": [
        2.602167410700263
      ],
      "log10_epsilon_e": [
        -1.537502493478792
      ],
      "log10_epsilon_B": [
        -1.2855806719019451
      ],
      "ksiN": [
        1.0
      ],
      "L0": [
        0.0
      ],
      "dL": [
        3.09e+19
      ],
      "b": [
        6.0
      ],
      "q": [
        0.0
      ],
      "ts": [
        0.0
      ],
      "geocent_time": [
        0.03632914125473333
      ]
    }
  }
}