{
  "injections": {
    "__dataframe__": true,
    "content": {
      "simulation_id": [
        0
      ],
      "luminosity_distance": [
        172.5870997367018
      ],
      "timeshift": [
        0.34816909652678674
      ],
      "inclination_EM": [
        0.06894223497035518
      ],
      "log10_E0": [
        53.0
      ],
      "thetaCore": [
        0.05
      ],
      "thetaWing": [
        0.1
      ],
      "log10_n0": [
        -1.9930984463718768
      ],
      "p": [
        2.791875260356023
      ],
      "log10_epsilon_e": [
        -2.2468183876633034
      ],
      "log10_epsilon_B": [
        -1.4068044507624156
      ],
      "ksiN": [
        1.0
      ],
      "L0": [
        0.0
      ],
      "dL": [
        3.09e+19
      ],
      "b": [
        6.0
      ],
      "q": [
        0.0
      ],
      "ts": [
        0.0
      ],
      "geocent_time": [
        0.02167820915018777
      ]
    }
  }
}