{
  "injections": {
    "__dataframe__": true,
    "content": {
      "simulation_id": [
        0
      ],
      "luminosity_distance": [
        6.257376358501367
      ],
      "KNphi": [
        15.760499240663494
      ],
      "inclination_EM": [
        0.505468869991331
      ],
      "timeshift": [
        0.6614059723271621
      ],
      "log10_mej_dyn": [
        -1.3481614771384007
      ],
      "log10_mej_wind": [
        -2.695785203650554
      ],
      "geocent_time": [
        0.019607417533496957
      ]
    }
  }
}