{
  "injections": {
    "__dataframe__": true,
    "content": {
      "simulation_id": [
        0
      ],
      "luminosity_distance": [
        171.81870011042744
      ],
      "timeshift": [
        0.8294441421300507
      ],
      "inclination_EM": [
        0.1891635337393724
      ],
      "log10_E0": [
        53.0
      ],
      "thetaCore": [
        0.05
      ],
      "thetaWing": [
        0.1
      ],
      "log10_n0": [
        0.48049816450229965
      ],
      "p": [
        2.8307818243963987
      ],
      "log10_epsilon_e": [
        -2.0585010397155843
      ],
      "log10_epsilon_B": [
        -0.6521357670250034
      ],
      "ksiN": [
        1.0
      ],
      "L0": [
        0.0
      ],
      "dL": [
        3.09e+19
      ],
      "b": [
        6.0
      ],
      "q": [
        0.0
      ],
      "ts": [
        0.0
      ],
      "geocent_time": [
        0.04121048769605071
      ]
    }
  }
}