{
    "luminosity_distance": 159.02423402900158,
    "timeshift": 0.2995264705812177,
    "inclination_EM": 0.160540444830193,
    "log10_n0": 0.7247690758199914,
    "p": 2.1829534917574,
    "log10_epsilon_e": -0.3234734565614436,
    "log10_epsilon_B": -0.6250820994910868,
    "log10_E0": 53.0,
    "thetaCore": 0.05,
    "thetaWing": 0.1,
    "ksiN": 1.0,
    "L0": 0.0,
    "dL": 3.09e+19,
    "b": 6.0,
    "q": 0.0,
    "ts": 0.0,
    "Ebv": 0.0,
    "log_likelihood": -13.168706118292429,
    "log_prior": -10.16629807931614,
    "log_bayes_factor": -18.779854214818847,
    "log_bayes_factor_err": 0.06293844261006697,
    "Best fit index": 3643,
    "Magnitudes": {
        "ztfg": [
            13.87385069817347,
            12.684261416259389,
            13.126797706928585,
            13.571403489831987,
            14.005282990741158,
            14.438586158608768,
            14.872495611935332,
            15.275801124214155,
            15.675026923516342,
            16.030701092890702,
            16.351146614001834,
            16.671592135112963,
            16.958931566677055,
            17.18849637997546,
            17.418061193273868
        ],
        "bestfit_sample_times": [
            0.3995264705812177,
            0.8995264705812176,
            1.3995264705812178,
            1.8995264705812178,
            2.399526470581218,
            2.899526470581218,
            3.399526470581218,
            3.899526470581218,
            4.399526470581217,
            4.899526470581217,
            5.399526470581217,
            5.899526470581217,
            6.399526470581217,
            6.899526470581217,
            7.399526470581217
        ]
    }
}