{
    "luminosity_distance": 170.0587546147348,
    "timeshift": 0.7662245834428122,
    "inclination_EM": 0.1649756717302017,
    "log10_n0": 0.8687243098037092,
    "p": 2.829320658087781,
    "log10_epsilon_e": -0.5790188546430137,
    "log10_epsilon_B": -1.9325522081253717,
    "log10_E0": 53.0,
    "thetaCore": 0.05,
    "thetaWing": 0.1,
    "ksiN": 1.0,
    "L0": 0.0,
    "dL": 3.09e+19,
    "b": 6.0,
    "q": 0.0,
    "ts": 0.0,
    "Ebv": 0.0,
    "log_likelihood": -5.544315458384599,
    "log_prior": -10.139287012952996,
    "log_bayes_factor": -10.121956437473768,
    "log_bayes_factor_err": 0.05711476918185491,
    "Best fit index": 2829,
    "Magnitudes": {
        "ztfg": [
            13.026401980070524,
            12.569833768922809,
            13.337693041798353,
            14.042460000582714,
            14.734932734406645,
            15.399841100301462,
            16.057160910434963
        ],
        "bestfit_sample_times": [
            0.8662245834428122,
            1.3662245834428122,
            1.8662245834428122,
            2.366224583442812,
            2.866224583442812,
            3.366224583442812,
            3.866224583442812
        ]
    }
}