{
    "luminosity_distance": 178.7207720092104,
    "timeshift": 0.0628273252631399,
    "inclination_EM": 0.1783313867135884,
    "log10_n0": 0.9898342122085144,
    "p": 2.1488384959851943,
    "log10_epsilon_e": -0.0175011165438698,
    "log10_epsilon_B": -2.146383059570504,
    "log10_E0": 53.0,
    "thetaCore": 0.05,
    "thetaWing": 0.1,
    "ksiN": 1.0,
    "L0": 0.0,
    "dL": 3.09e+19,
    "b": 6.0,
    "q": 0.0,
    "ts": 0.0,
    "Ebv": 0.0,
    "log_likelihood": -15.040888806791084,
    "log_prior": -10.062207182212935,
    "log_bayes_factor": -20.92511664323496,
    "log_bayes_factor_err": 0.06473564370960949,
    "Best fit index": 3609,
    "Magnitudes": {
        "ztfg": [
            15.383160658341065,
            12.76546253974033,
            13.102610910084639,
            13.494294623938973,
            13.896440947102281,
            14.312237641119957,
            14.728367990810334,
            15.136279268199683,
            15.520723061380046,
            15.868182261797024,
            16.215641462214,
            16.4937557251957,
            16.75905459906152,
            17.024353472927338,
            17.254017536016207,
            17.44369723041737,
            17.633376924818535
        ],
        "bestfit_sample_times": [
            0.16282732526313992,
            0.6628273252631399,
            1.16282732526314,
            1.66282732526314,
            2.16282732526314,
            2.66282732526314,
            3.16282732526314,
            3.66282732526314,
            4.162827325263139,
            4.662827325263139,
            5.162827325263139,
            5.662827325263139,
            6.162827325263139,
            6.662827325263139,
            7.162827325263139,
            7.662827325263139,
            8.16282732526314
        ]
    }
}