{
    "luminosity_distance": 172.38977163624236,
    "timeshift": 0.6092126100353491,
    "inclination_EM": 0.1508134160310985,
    "log10_n0": 0.2432826803608838,
    "p": 2.948960439039006,
    "log10_epsilon_e": -0.7524092204356498,
    "log10_epsilon_B": -0.4758805938287529,
    "log10_E0": 53.0,
    "thetaCore": 0.05,
    "thetaWing": 0.1,
    "ksiN": 1.0,
    "L0": 0.0,
    "dL": 3.09e+19,
    "b": 6.0,
    "q": 0.0,
    "ts": 0.0,
    "Ebv": 0.0,
    "log_likelihood": -7.387212692905949,
    "log_prior": -10.228294989297511,
    "log_bayes_factor": -12.323294108922601,
    "log_bayes_factor_err": 0.0587958188695094,
    "Best fit index": 3140,
    "Magnitudes": {
        "ztfg": [
            13.250788789460486,
            12.515743682690278,
            13.1773499996313,
            13.775352738775332,
            14.347908791740444,
            14.892641091255687,
            15.43737339077093,
            15.954940986590046,
            16.471389710795897
        ],
        "bestfit_sample_times": [
            0.7092126100353491,
            1.209212610035349,
            1.7092126100353493,
            2.2092126100353493,
            2.7092126100353493,
            3.2092126100353493,
            3.7092126100353493,
            4.209212610035349,
            4.709212610035348
        ]
    }
}