{
    "luminosity_distance": 176.56247646242062,
    "timeshift": 0.9926261904048184,
    "inclination_EM": 0.1379407389834568,
    "log10_n0": -0.8954996093485144,
    "p": 2.914388575632616,
    "log10_epsilon_e": -0.7976900817630734,
    "log10_epsilon_B": -1.0758155475346458,
    "log10_E0": 53.0,
    "thetaCore": 0.05,
    "thetaWing": 0.1,
    "ksiN": 1.0,
    "L0": 0.0,
    "dL": 3.09e+19,
    "b": 6.0,
    "q": 0.0,
    "ts": 0.0,
    "Ebv": 0.0,
    "log_likelihood": -18.705542915082592,
    "log_prior": -10.316893870537951,
    "log_bayes_factor": -24.814185488661114,
    "log_bayes_factor_err": 0.06608574157470087,
    "Best fit index": 4107,
    "Magnitudes": {
        "ztfg": [
            13.163610370249842,
            13.155396476714365,
            13.864803394411165,
            14.363518403876768,
            14.768981745011288,
            15.116870703873573,
            15.4313650535696,
            15.728685257637782,
            16.009166784365654,
            16.281508337078503,
            16.5470424857521,
            16.811227378387485,
            17.071286967069394,
            17.331346555751306,
            17.58896602251322,
            17.84180987108596,
            18.094653719658698,
            18.34749756823144,
            18.584228525285962,
            18.812573088224433,
            19.0409176511629
        ],
        "bestfit_sample_times": [
            1.0926261904048185,
            1.5926261904048182,
            2.0926261904048182,
            2.5926261904048182,
            3.0926261904048182,
            3.5926261904048182,
            4.092626190404818,
            4.592626190404818,
            5.092626190404818,
            5.592626190404818,
            6.092626190404818,
            6.592626190404818,
            7.092626190404818,
            7.592626190404818,
            8.092626190404818,
            8.592626190404818,
            9.092626190404818,
            9.592626190404818,
            10.092626190404818,
            10.592626190404818,
            11.092626190404818
        ]
    }
}