{
    "luminosity_distance": 164.83150369038256,
    "timeshift": 0.1720223785228281,
    "inclination_EM": 0.1781907227347327,
    "log10_n0": 1.289531582594429,
    "p": 2.149969137872349,
    "log10_epsilon_e": -0.0074203849599907,
    "log10_epsilon_B": -2.1571993166807752,
    "log10_E0": 53.0,
    "thetaCore": 0.05,
    "thetaWing": 0.1,
    "ksiN": 1.0,
    "L0": 0.0,
    "dL": 3.09e+19,
    "b": 6.0,
    "q": 0.0,
    "ts": 0.0,
    "Ebv": 0.0,
    "log_likelihood": -11.219981686595665,
    "log_prior": -10.06298789598372,
    "log_bayes_factor": -16.660736606186727,
    "log_bayes_factor_err": 0.06167921736244286,
    "Best fit index": 4156,
    "Magnitudes": {
        "ztfg": [
            14.05960780998031,
            12.36500993276072,
            12.836175236360127,
            13.34244469455836,
            13.867350654407595,
            14.386773409925855,
            14.882922078094786,
            15.353509093024382,
            15.734395707312647,
            16.115282321600912,
            16.46519295101808,
            16.719935514796486,
            16.974678078574897
        ],
        "bestfit_sample_times": [
            0.27202237852282807,
            0.7720223785228281,
            1.2720223785228282,
            1.7720223785228282,
            2.272022378522828,
            2.772022378522828,
            3.272022378522828,
            3.772022378522828,
            4.272022378522828,
            4.772022378522828,
            5.272022378522828,
            5.772022378522828,
            6.272022378522828
        ]
    }
}