{
    "luminosity_distance": 156.75704953615278,
    "timeshift": 0.2542068205441614,
    "inclination_EM": 0.1683556910445431,
    "log10_n0": 1.1029068910941495,
    "p": 2.135749211461902,
    "log10_epsilon_e": -0.1493845381879532,
    "log10_epsilon_B": -1.1540354649530131,
    "log10_E0": 53.0,
    "thetaCore": 0.05,
    "thetaWing": 0.1,
    "ksiN": 1.0,
    "L0": 0.0,
    "dL": 3.09e+19,
    "b": 6.0,
    "q": 0.0,
    "ts": 0.0,
    "Ebv": 0.0,
    "log_likelihood": -9.296774838106275,
    "log_prior": -10.11919420848085,
    "log_bayes_factor": -14.521462264530065,
    "log_bayes_factor_err": 0.06058038254361889,
    "Best fit index": 3906,
    "Magnitudes": {
        "ztfg": [
            13.708123590606288,
            12.537047267660618,
            13.019900735151502,
            13.519434944054062,
            14.02539244411497,
            14.535227676772024,
            14.993564719336383,
            15.441976078622194,
            15.87520875092487,
            16.18841749521953,
            16.501626239514188
        ],
        "bestfit_sample_times": [
            0.3542068205441614,
            0.8542068205441613,
            1.3542068205441615,
            1.8542068205441615,
            2.3542068205441615,
            2.8542068205441615,
            3.3542068205441615,
            3.8542068205441615,
            4.354206820544161,
            4.854206820544161,
            5.354206820544161
        ]
    }
}