{
    "luminosity_distance": 77.92592280877291,
    "beta": 4.841445247948737,
    "log10_kappa_r": -0.446223139330389,
    "KNtimeshift": -0.1436056020979181,
    "log10_vej": -1.279748316680818,
    "log10_mej": -2.5985303118561283,
    "Ebv": 0.3554059599484943,
    "log_likelihood": -9.231692638214476,
    "log_prior": -9.922495892846126,
    "log_bayes_factor": -13.823258252013442,
    "Best fit index": 3373,
    "Magnitudes": {
        "ztfg": [
            23.939056622384783,
            20.99280563496167,
            19.90059104720895,
            19.116274396669937,
            18.53889012594521,
            18.119784649579294,
            17.7864471338165,
            17.554017419044197,
            17.43824737043935,
            17.441194408304458,
            Infinity
        ],
        "bestfit_sample_times": [
            0.1,
            0.6,
            1.1,
            1.6,
            2.1,
            2.6,
            3.1,
            3.6,
            4.1,
            4.6,
            5.1
        ]
    }
}