{
  "injections": {
    "__dataframe__": true,
    "content": {
      "simulation_id": [
        0
      ],
      "luminosity_distance": [
        165.2635696301347
      ],
      "timeshift": [
        0.2432087370415393
      ],
      "inclination_EM": [
        0.17370962191665867
      ],
      "log10_E0": [
        53.0
      ],
      "thetaCore": [
        0.05
      ],
      "thetaWing": [
        0.1
      ],
      "log10_n0": [
        0.029761432082625383
      ],
      "p": [
        2.1890851615921836
      ],
      "log10_epsilon_e": [
        -2.334178563988649
      ],
      "log10_epsilon_B": [
        -2.0872591723489213
      ],
      "ksiN": [
        1.0
      ],
      "L0": [
        0.0
      ],
      "dL": [
        3.09e+19
      ],
      "b": [
        6.0
      ],
      "q": [
        0.0
      ],
      "ts": [
        0.0
      ],
      "geocent_time": [
        0.06492568411940661
      ]
    }
  }
}