{
  "injections": {
    "__dataframe__": true,
    "content": {
      "simulation_id": [
        0
      ],
      "luminosity_distance": [
        632.9822525785027
      ],
      "timeshift": [
        -1.4635605335505972
      ],
      "log10_Menv": [
        -0.14091714991971127
      ],
      "log10_Renv": [
        13.399712058016018
      ],
      "log10_Ee": [
        51.116162250860135
      ],
      "geocent_time": [
        -0.06088523529907097
      ]
    }
  }
}