{
  "injections": {
    "__dataframe__": true,
    "content": {
      "simulation_id": [
        0
      ],
      "luminosity_distance": [
        183.1161443150805
      ],
      "timeshift": [
        -0.8985426544743644
      ],
      "log10_Menv": [
        -0.15013424866575242
      ],
      "log10_Renv": [
        13.745886221584142
      ],
      "log10_Ee": [
        50.14894439771833
      ],
      "geocent_time": [
        0.07199559203643463
      ]
    }
  }
}