{
  "injections": {
    "__dataframe__": true,
    "content": {
      "simulation_id": [
        0
      ],
      "luminosity_distance": [
        387.30816920977094
      ],
      "timeshift": [
        -1.800453802268292
      ],
      "log10_Menv": [
        -1.1979090597636173
      ],
      "log10_Renv": [
        13.743365922996432
      ],
      "log10_Ee": [
        51.104904932737966
      ],
      "geocent_time": [
        -0.01962756145409035
      ]
    }
  }
}