{
  "injections": {
    "__dataframe__": true,
    "content": {
      "simulation_id": [
        0
      ],
      "luminosity_distance": [
        150.39076700710478
      ],
      "timeshift": [
        0.6607267538113756
      ],
      "inclination_EM": [
        0.14840738158208983
      ],
      "log10_E0": [
        53.0
      ],
      "thetaCore": [
        0.05
      ],
      "thetaWing": [
        0.1
      ],
      "log10_n0": [
        2.5802911544673766
      ],
      "p": [
        2.285430557270557
      ],
      "log10_epsilon_e": [
        -0.6357395287272465
      ],
      "log10_epsilon_B": [
        -2.182271627780234
      ],
      "ksiN": [
        1.0
      ],
      "L0": [
        0.0
      ],
      "dL": [
        3.09e+19
      ],
      "b": [
        6.0
      ],
      "q": [
        0.0
      ],
      "ts": [
        0.0
      ],
      "geocent_time": [
        0.0019831680891092274
      ]
    }
  }
}