{
  "injections": {
    "__dataframe__": true,
    "content": {
      "simulation_id": [
        0
      ],
      "luminosity_distance": [
        3.08641003988114
      ],
      "KNphi": [
        19.783067148705797
      ],
      "inclination_EM": [
        0.5094801842463985
      ],
      "timeshift": [
        -1.9078595690060267
      ],
      "log10_mej_dyn": [
        -2.321063060282457
      ],
      "log10_mej_wind": [
        -2.2486240572704013
      ],
      "geocent_time": [
        0.01097653558739306
      ]
    }
  }
}