{
  "injections": {
    "__dataframe__": true,
    "content": {
      "simulation_id": [
        0
      ],
      "luminosity_distance": [
        151.04945552924033
      ],
      "timeshift": [
        0.1540872367906662
      ],
      "inclination_EM": [
        0.1320404551215549
      ],
      "log10_E0": [
        53.0
      ],
      "thetaCore": [
        0.05
      ],
      "thetaWing": [
        0.1
      ],
      "log10_n0": [
        -1.9702694033021249
      ],
      "p": [
        2.10960173716267
      ],
      "log10_epsilon_e": [
        -0.9541843636236389
      ],
      "log10_epsilon_B": [
        -2.0749896738569205
      ],
      "ksiN": [
        1.0
      ],
      "L0": [
        0.0
      ],
      "dL": [
        3.09e+19
      ],
      "b": [
        6.0
      ],
      "q": [
        0.0
      ],
      "ts": [
        0.0
      ],
      "geocent_time": [
        -0.08346259424542263
      ]
    }
  }
}