{
  "injections": {
    "__dataframe__": true,
    "content": {
      "simulation_id": [
        0
      ],
      "luminosity_distance": [
        185.17104653014778
      ],
      "timeshift": [
        -0.9259542647662824
      ],
      "supernova_mag_boost": [
        1.5900008345248136
      ],
      "geocent_time": [
        0.049190486476690526
      ]
    }
  }
}