{
  "injections": {
    "__dataframe__": true,
    "content": {
      "simulation_id": [
        0
      ],
      "luminosity_distance": [
        171.49512877421554
      ],
      "timeshift": [
        0.17935568396928628
      ],
      "inclination_EM": [
        0.12507285210227723
      ],
      "log10_E0": [
        53.0
      ],
      "thetaCore": [
        0.05
      ],
      "thetaWing": [
        0.1
      ],
      "log10_n0": [
        0.7341123023972793
      ],
      "p": [
        2.4391091253102073
      ],
      "log10_epsilon_e": [
        -1.1683499124351542
      ],
      "log10_epsilon_B": [
        -2.4870644833501836
      ],
      "ksiN": [
        1.0
      ],
      "L0": [
        0.0
      ],
      "dL": [
        3.09e+19
      ],
      "b": [
        6.0
      ],
      "q": [
        0.0
      ],
      "ts": [
        0.0
      ],
      "geocent_time": [
        -0.04822940606120325
      ]
    }
  }
}