{
  "injections": {
    "__dataframe__": true,
    "content": {
      "simulation_id": [
        0
      ],
      "luminosity_distance": [
        194.45171098445454
      ],
      "timeshift": [
        0.9865486806985266
      ],
      "supernova_mag_boost": [
        0.6883122746084354
      ],
      "geocent_time": [
        -0.051605536378802365
      ]
    }
  }
}