{
  "injections": {
    "__dataframe__": true,
    "content": {
      "simulation_id": [
        0
      ],
      "luminosity_distance": [
        160.74067737878195
      ],
      "timeshift": [
        0.3250356485052641
      ],
      "inclination_EM": [
        0.16011893003062555
      ],
      "log10_E0": [
        53.0
      ],
      "thetaCore": [
        0.05
      ],
      "thetaWing": [
        0.1
      ],
      "log10_n0": [
        -2.746475645693928
      ],
      "p": [
        2.9979227367620602
      ],
      "log10_epsilon_e": [
        -1.0014932153088623
      ],
      "log10_epsilon_B": [
        -2.4661299272591775
      ],
      "ksiN": [
        1.0
      ],
      "L0": [
        0.0
      ],
      "dL": [
        3.09e+19
      ],
      "b": [
        6.0
      ],
      "q": [
        0.0
      ],
      "ts": [
        0.0
      ],
      "geocent_time": [
        -0.09893362513311069
      ]
    }
  }
}