{
  "injections": {
    "__dataframe__": true,
    "content": {
      "simulation_id": [
        0
      ],
      "luminosity_distance": [
        180.73516292945402
      ],
      "timeshift": [
        0.4237546060076133
      ],
      "inclination_EM": [
        0.19107563245344472
      ],
      "log10_E0": [
        53.0
      ],
      "thetaCore": [
        0.05
      ],
      "thetaWing": [
        0.1
      ],
      "log10_n0": [
        1.0528239135552404
      ],
      "p": [
        2.4439644032436543
      ],
      "log10_epsilon_e": [
        -1.9954634373516518
      ],
      "log10_epsilon_B": [
        -2.324405426060239
      ],
      "ksiN": [
        1.0
      ],
      "L0": [
        0.0
      ],
      "dL": [
        3.09e+19
      ],
      "b": [
        6.0
      ],
      "q": [
        0.0
      ],
      "ts": [
        0.0
      ],
      "geocent_time": [
        -0.04485535392080034
      ]
    }
  }
}