{
  "injections": {
    "__dataframe__": true,
    "content": {
      "simulation_id": [
        0
      ],
      "luminosity_distance": [
        167.17268758176948
      ],
      "timeshift": [
        0.1087141544344783
      ],
      "supernova_mag_boost": [
        -4.357813947873055
      ],
      "geocent_time": [
        0.031280742504636916
      ]
    }
  }
}