{
  "injections": {
    "__dataframe__": true,
    "content": {
      "simulation_id": [
        0
      ],
      "luminosity_distance": [
        177.73636540561387
      ],
      "timeshift": [
        0.2578523126260943
      ],
      "inclination_EM": [
        0.13680251482552494
      ],
      "log10_E0": [
        53.0
      ],
      "thetaCore": [
        0.05
      ],
      "thetaWing": [
        0.1
      ],
      "log10_n0": [
        2.0935769817652172
      ],
      "p": [
        2.044617359008118
      ],
      "log10_epsilon_e": [
        -0.5483042058936429
      ],
      "log10_epsilon_B": [
        -0.1164798881493585
      ],
      "ksiN": [
        1.0
      ],
      "L0": [
        0.0
      ],
      "dL": [
        3.09e+19
      ],
      "b": [
        6.0
      ],
      "q": [
        0.0
      ],
      "ts": [
        0.0
      ],
      "geocent_time": [
        0.006946077587673183
      ]
    }
  }
}