{
  "injections": {
    "__dataframe__": true,
    "content": {
      "simulation_id": [
        0
      ],
      "luminosity_distance": [
        948.9698515813072
      ],
      "timeshift": [
        -0.5175240551703015
      ],
      "log10_Menv": [
        -0.31383962119543884
      ],
      "log10_Renv": [
        13.751937227569648
      ],
      "log10_Ee": [
        51.24757691773754
      ],
      "geocent_time": [
        -0.058959333614222745
      ]
    }
  }
}