{
  "injections": {
    "__dataframe__": true,
    "content": {
      "simulation_id": [
        0
      ],
      "luminosity_distance": [
        177.1860876917817
      ],
      "timeshift": [
        0.8870775523014186
      ],
      "inclination_EM": [
        0.1490927281929664
      ],
      "log10_E0": [
        53.0
      ],
      "thetaCore": [
        0.05
      ],
      "thetaWing": [
        0.1
      ],
      "log10_n0": [
        -1.3504997892753388
      ],
      "p": [
        2.3461659380420192
      ],
      "log10_epsilon_e": [
        -2.8227190036988006
      ],
      "log10_epsilon_B": [
        -0.19725704933009602
      ],
      "ksiN": [
        1.0
      ],
      "L0": [
        0.0
      ],
      "dL": [
        3.09e+19
      ],
      "b": [
        6.0
      ],
      "q": [
        0.0
      ],
      "ts": [
        0.0
      ],
      "geocent_time": [
        0.06307072921155385
      ]
    }
  }
}