{
  "injections": {
    "__dataframe__": true,
    "content": {
      "simulation_id": [
        0
      ],
      "luminosity_distance": [
        208.002425211615
      ],
      "timeshift": [
        0.7057654862518103
      ],
      "supernova_mag_boost": [
        0.6450331843381889
      ],
      "geocent_time": [
        0.0715355402950704
      ]
    }
  }
}