{
  "injections": {
    "__dataframe__": true,
    "content": {
      "simulation_id": [
        0
      ],
      "luminosity_distance": [
        482.1416515476544
      ],
      "timeshift": [
        -0.005137521032903658
      ],
      "log10_Menv": [
        -1.285184525321779
      ],
      "log10_Renv": [
        14.768010235106317
      ],
      "log10_Ee": [
        51.14947046199445
      ],
      "geocent_time": [
        0.067478318600207
      ]
    }
  }
}