{
  "injections": {
    "__dataframe__": true,
    "content": {
      "simulation_id": [
        0
      ],
      "luminosity_distance": [
        161.81121866097652
      ],
      "timeshift": [
        0.45679656911353117
      ],
      "inclination_EM": [
        0.09555719572753939
      ],
      "log10_E0": [
        53.0
      ],
      "thetaCore": [
        0.05
      ],
      "thetaWing": [
        0.1
      ],
      "log10_n0": [
        -1.2419040409290392
      ],
      "p": [
        2.1857356085085837
      ],
      "log10_epsilon_e": [
        -2.1740923358284423
      ],
      "log10_epsilon_B": [
        -1.1000059907436692
      ],
      "ksiN": [
        1.0
      ],
      "L0": [
        0.0
      ],
      "dL": [
        3.09e+19
      ],
      "b": [
        6.0
      ],
      "q": [
        0.0
      ],
      "ts": [
        0.0
      ],
      "geocent_time": [
        -0.05275345156233733
      ]
    }
  }
}