{
  "injections": {
    "__dataframe__": true,
    "content": {
      "simulation_id": [
        0
      ],
      "luminosity_distance": [
        797.5325034515447
      ],
      "timeshift": [
        -0.6126310081852757
      ],
      "log10_Menv": [
        -0.5274347467835083
      ],
      "log10_Renv": [
        13.398999092700533
      ],
      "log10_Ee": [
        51.78055147542979
      ],
      "geocent_time": [
        -0.03510208246664781
      ]
    }
  }
}