{
  "injections": {
    "__dataframe__": true,
    "content": {
      "simulation_id": [
        0
      ],
      "luminosity_distance": [
        150.59156030071733
      ],
      "timeshift": [
        0.8571021470373401
      ],
      "inclination_EM": [
        0.13009938619964848
      ],
      "log10_E0": [
        53.0
      ],
      "thetaCore": [
        0.05
      ],
      "thetaWing": [
        0.1
      ],
      "log10_n0": [
        -1.5065361092883847
      ],
      "p": [
        2.012710545082263
      ],
      "log10_epsilon_e": [
        -1.2485270770010897
      ],
      "log10_epsilon_B": [
        -2.08911712506063
      ],
      "ksiN": [
        1.0
      ],
      "L0": [
        0.0
      ],
      "dL": [
        3.09e+19
      ],
      "b": [
        6.0
      ],
      "q": [
        0.0
      ],
      "ts": [
        0.0
      ],
      "geocent_time": [
        0.08484133167093666
      ]
    }
  }
}