{
  "injections": {
    "__dataframe__": true,
    "content": {
      "simulation_id": [
        0
      ],
      "luminosity_distance": [
        182.54541975220562
      ],
      "timeshift": [
        0.08184450398922605
      ],
      "inclination_EM": [
        0.17295543105760844
      ],
      "log10_E0": [
        53.0
      ],
      "thetaCore": [
        0.05
      ],
      "thetaWing": [
        0.1
      ],
      "log10_n0": [
        0.5500901926143338
      ],
      "p": [
        2.4006846964774904
      ],
      "log10_epsilon_e": [
        -1.4825516971038675
      ],
      "log10_epsilon_B": [
        -0.12143209995494875
      ],
      "ksiN": [
        1.0
      ],
      "L0": [
        0.0
      ],
      "dL": [
        3.09e+19
      ],
      "b": [
        6.0
      ],
      "q": [
        0.0
      ],
      "ts": [
        0.0
      ],
      "geocent_time": [
        -0.041271271726866225
      ]
    }
  }
}