{
  "injections": {
    "__dataframe__": true,
    "content": {
      "simulation_id": [
        0
      ],
      "luminosity_distance": [
        169.6446570511033
      ],
      "timeshift": [
        0.32010389015996754
      ],
      "inclination_EM": [
        0.16365978148624571
      ],
      "log10_E0": [
        53.0
      ],
      "thetaCore": [
        0.05
      ],
      "thetaWing": [
        0.1
      ],
      "log10_n0": [
        -0.45081286578917235
      ],
      "p": [
        2.085113889247477
      ],
      "log10_epsilon_e": [
        -0.6852017605362564
      ],
      "log10_epsilon_B": [
        -0.5859244257365361
      ],
      "ksiN": [
        1.0
      ],
      "L0": [
        0.0
      ],
      "dL": [
        3.09e+19
      ],
      "b": [
        6.0
      ],
      "q": [
        0.0
      ],
      "ts": [
        0.0
      ],
      "geocent_time": [
        0.03983104679270083
      ]
    }
  }
}