{
  "injections": {
    "__dataframe__": true,
    "content": {
      "simulation_id": [
        0
      ],
      "luminosity_distance": [
        221.0031477738413
      ],
      "timeshift": [
        0.8018778213080613
      ],
      "supernova_mag_boost": [
        3.028233682183769
      ],
      "geocent_time": [
        0.027133704160153205
      ]
    }
  }
}