{
  "injections": {
    "__dataframe__": true,
    "content": {
      "simulation_id": [
        0
      ],
      "luminosity_distance": [
        182.08472495662977
      ],
      "timeshift": [
        0.7917882338196134
      ],
      "inclination_EM": [
        0.13909078903693506
      ],
      "log10_E0": [
        53.0
      ],
      "thetaCore": [
        0.05
      ],
      "thetaWing": [
        0.1
      ],
      "log10_n0": [
        1.7851158568828431
      ],
      "p": [
        2.703578993707456
      ],
      "log10_epsilon_e": [
        -2.1481265919122836
      ],
      "log10_epsilon_B": [
        -0.23394984503305505
      ],
      "ksiN": [
        1.0
      ],
      "L0": [
        0.0
      ],
      "dL": [
        3.09e+19
      ],
      "b": [
        6.0
      ],
      "q": [
        0.0
      ],
      "ts": [
        0.0
      ],
      "geocent_time": [
        -0.0764698574770095
      ]
    }
  }
}