{
  "injections": {
    "__dataframe__": true,
    "content": {
      "simulation_id": [
        0
      ],
      "luminosity_distance": [
        204.4690376249505
      ],
      "timeshift": [
        -1.41232952658665
      ],
      "log10_Menv": [
        -1.3124572824082534
      ],
      "log10_Renv": [
        14.833983910996356
      ],
      "log10_Ee": [
        48.58010827461181
      ],
      "geocent_time": [
        0.07719074752092078
      ]
    }
  }
}