{
  "injections": {
    "__dataframe__": true,
    "content": {
      "simulation_id": [
        0
      ],
      "luminosity_distance": [
        4.569309825264735
      ],
      "KNphi": [
        16.542594186555792
      ],
      "inclination_EM": [
        0.7505362847314697
      ],
      "timeshift": [
        -0.729071522311374
      ],
      "log10_mej_dyn": [
        -2.830886755280414
      ],
      "log10_mej_wind": [
        -2.289133439621012
      ],
      "geocent_time": [
        0.08660176485802015
      ]
    }
  }
}