{
  "injections": {
    "__dataframe__": true,
    "content": {
      "simulation_id": [
        0
      ],
      "luminosity_distance": [
        4.178130706614768
      ],
      "KNphi": [
        49.072226882369044
      ],
      "inclination_EM": [
        0.7245199253308864
      ],
      "timeshift": [
        -1.5027619803640584
      ],
      "log10_mej_dyn": [
        -2.733181269724008
      ],
      "log10_mej_wind": [
        -2.6374599188744536
      ],
      "geocent_time": [
        0.05230871693310274
      ]
    }
  }
}