{
  "injections": {
    "__dataframe__": true,
    "content": {
      "simulation_id": [
        0
      ],
      "luminosity_distance": [
        1.5325444103207702
      ],
      "KNphi": [
        49.6288942570554
      ],
      "inclination_EM": [
        0.36153930757368696
      ],
      "timeshift": [
        -0.6362159562505971
      ],
      "log10_mej_dyn": [
        -1.3845674023216352
      ],
      "log10_mej_wind": [
        -0.6815704463696237
      ],
      "geocent_time": [
        0.07287045821116334
      ]
    }
  }
}