{
  "injections": {
    "__dataframe__": true,
    "content": {
      "simulation_id": [
        0
      ],
      "luminosity_distance": [
        189.63657331681085
      ],
      "timeshift": [
        -0.3122992152836548
      ],
      "supernova_mag_boost": [
        3.464512798966874
      ],
      "geocent_time": [
        0.024364513540798965
      ]
    }
  }
}