{
  "injections": {
    "__dataframe__": true,
    "content": {
      "simulation_id": [
        0
      ],
      "luminosity_distance": [
        167.9328062996036
      ],
      "timeshift": [
        0.10645670163532708
      ],
      "inclination_EM": [
        0.11471150007101776
      ],
      "log10_E0": [
        53.0
      ],
      "thetaCore": [
        0.05
      ],
      "thetaWing": [
        0.1
      ],
      "log10_n0": [
        -0.4661837521113483
      ],
      "p": [
        2.0481344684294647
      ],
      "log10_epsilon_e": [
        -2.6959896346412973
      ],
      "log10_epsilon_B": [
        -1.4679797685653808
      ],
      "ksiN": [
        1.0
      ],
      "L0": [
        0.0
      ],
      "dL": [
        3.09e+19
      ],
      "b": [
        6.0
      ],
      "q": [
        0.0
      ],
      "ts": [
        0.0
      ],
      "geocent_time": [
        -0.03611592445328493
      ]
    }
  }
}