{
  "injections": {
    "__dataframe__": true,
    "content": {
      "simulation_id": [
        0
      ],
      "luminosity_distance": [
        307.4542651783112
      ],
      "timeshift": [
        -1.1065559884871459
      ],
      "log10_Menv": [
        -0.48271930727965007
      ],
      "log10_Renv": [
        13.862883545749142
      ],
      "log10_Ee": [
        49.705032797967114
      ],
      "geocent_time": [
        0.09219342377505249
      ]
    }
  }
}