{
  "injections": {
    "__dataframe__": true,
    "content": {
      "simulation_id": [
        0
      ],
      "luminosity_distance": [
        177.76108302245882
      ],
      "timeshift": [
        0.9456601447769287
      ],
      "inclination_EM": [
        0.08616066968113664
      ],
      "log10_E0": [
        53.0
      ],
      "thetaCore": [
        0.05
      ],
      "thetaWing": [
        0.1
      ],
      "log10_n0": [
        1.4837900264767994
      ],
      "p": [
        2.590031292773854
      ],
      "log10_epsilon_e": [
        -1.440767242633806
      ],
      "log10_epsilon_B": [
        -2.5357469564927135
      ],
      "ksiN": [
        1.0
      ],
      "L0": [
        0.0
      ],
      "dL": [
        3.09e+19
      ],
      "b": [
        6.0
      ],
      "q": [
        0.0
      ],
      "ts": [
        0.0
      ],
      "geocent_time": [
        -0.07352151959195725
      ]
    }
  }
}