{
  "injections": {
    "__dataframe__": true,
    "content": {
      "simulation_id": [
        0
      ],
      "luminosity_distance": [
        172.65143696227545
      ],
      "timeshift": [
        0.4721057456587068
      ],
      "inclination_EM": [
        0.15947012287492762
      ],
      "log10_E0": [
        53.0
      ],
      "thetaCore": [
        0.05
      ],
      "thetaWing": [
        0.1
      ],
      "log10_n0": [
        0.7535335213171344
      ],
      "p": [
        2.9185188896162577
      ],
      "log10_epsilon_e": [
        -0.5712475329180009
      ],
      "log10_epsilon_B": [
        -1.6182775428661558
      ],
      "ksiN": [
        1.0
      ],
      "L0": [
        0.0
      ],
      "dL": [
        3.09e+19
      ],
      "b": [
        6.0
      ],
      "q": [
        0.0
      ],
      "ts": [
        0.0
      ],
      "geocent_time": [
        -0.08758724048917262
      ]
    }
  }
}