{
  "injections": {
    "__dataframe__": true,
    "content": {
      "simulation_id": [
        0
      ],
      "luminosity_distance": [
        153.65093356229704
      ],
      "timeshift": [
        0.20344862707720543
      ],
      "inclination_EM": [
        0.10137167615648437
      ],
      "log10_E0": [
        53.0
      ],
      "thetaCore": [
        0.05
      ],
      "thetaWing": [
        0.1
      ],
      "log10_n0": [
        -0.1027869751152144
      ],
      "p": [
        2.340148839306517
      ],
      "log10_epsilon_e": [
        -2.0761663855630097
      ],
      "log10_epsilon_B": [
        -2.331541961348808
      ],
      "ksiN": [
        1.0
      ],
      "L0": [
        0.0
      ],
      "dL": [
        3.09e+19
      ],
      "b": [
        6.0
      ],
      "q": [
        0.0
      ],
      "ts": [
        0.0
      ],
      "geocent_time": [
        -0.096967775886216
      ]
    }
  }
}