{
  "injections": {
    "__dataframe__": true,
    "content": {
      "simulation_id": [
        0
      ],
      "luminosity_distance": [
        173.73140769486355
      ],
      "timeshift": [
        0.7763812850142248
      ],
      "inclination_EM": [
        0.1924602000332518
      ],
      "log10_E0": [
        53.0
      ],
      "thetaCore": [
        0.05
      ],
      "thetaWing": [
        0.1
      ],
      "log10_n0": [
        0.3722912181011804
      ],
      "p": [
        2.1992049334311226
      ],
      "log10_epsilon_e": [
        -1.452581712110275
      ],
      "log10_epsilon_B": [
        -2.7931220975121396
      ],
      "ksiN": [
        1.0
      ],
      "L0": [
        0.0
      ],
      "dL": [
        3.09e+19
      ],
      "b": [
        6.0
      ],
      "q": [
        0.0
      ],
      "ts": [
        0.0
      ],
      "geocent_time": [
        -0.06936762042886249
      ]
    }
  }
}