{
  "injections": {
    "__dataframe__": true,
    "content": {
      "simulation_id": [
        0
      ],
      "luminosity_distance": [
        4.416542811028235
      ],
      "KNphi": [
        43.673518207855025
      ],
      "inclination_EM": [
        0.5781198445858401
      ],
      "timeshift": [
        -0.721344576071135
      ],
      "log10_mej_dyn": [
        -2.945711038738211
      ],
      "log10_mej_wind": [
        -1.7929661202105571
      ],
      "geocent_time": [
        -0.06761992209362283
      ]
    }
  }
}