{
  "injections": {
    "__dataframe__": true,
    "content": {
      "simulation_id": [
        0
      ],
      "luminosity_distance": [
        8.785525579291589
      ],
      "KNphi": [
        15.463098259611488
      ],
      "inclination_EM": [
        0.5708255476965775
      ],
      "timeshift": [
        0.5976311458290229
      ],
      "log10_mej_dyn": [
        -1.571186584148746
      ],
      "log10_mej_wind": [
        -0.5165177444998745
      ],
      "geocent_time": [
        -0.048929881001491274
      ]
    }
  }
}