{
  "injections": {
    "__dataframe__": true,
    "content": {
      "simulation_id": [
        0
      ],
      "luminosity_distance": [
        5.555709132516224
      ],
      "KNphi": [
        18.59530779879267
      ],
      "inclination_EM": [
        0.3989592890527901
      ],
      "timeshift": [
        -1.722517672197347
      ],
      "log10_mej_dyn": [
        -1.226725451981227
      ],
      "log10_mej_wind": [
        -1.3401719773532408
      ],
      "geocent_time": [
        -0.03018720374920085
      ]
    }
  }
}