{
  "injections": {
    "__dataframe__": true,
    "content": {
      "simulation_id": [
        0
      ],
      "luminosity_distance": [
        4.186073571414822
      ],
      "KNphi": [
        21.098336248120372
      ],
      "inclination_EM": [
        0.38200693756923637
      ],
      "timeshift": [
        -1.4759626928970881
      ],
      "log10_mej_dyn": [
        -1.4065336930354868
      ],
      "log10_mej_wind": [
        -2.4374172721300953
      ],
      "geocent_time": [
        0.029049391247303546
      ]
    }
  }
}