{
  "injections": {
    "__dataframe__": true,
    "content": {
      "simulation_id": [
        0
      ],
      "luminosity_distance": [
        150.15795579490734
      ],
      "timeshift": [
        0.18988383045130483
      ],
      "inclination_EM": [
        0.10979818349529154
      ],
      "log10_E0": [
        53.0
      ],
      "thetaCore": [
        0.05
      ],
      "thetaWing": [
        0.1
      ],
      "log10_n0": [
        -1.9355774703609936
      ],
      "p": [
        2.8543284854964925
      ],
      "log10_epsilon_e": [
        -0.4308874236287972
      ],
      "log10_epsilon_B": [
        -1.9779327419348776
      ],
      "ksiN": [
        1.0
      ],
      "L0": [
        0.0
      ],
      "dL": [
        3.09e+19
      ],
      "b": [
        6.0
      ],
      "q": [
        0.0
      ],
      "ts": [
        0.0
      ],
      "geocent_time": [
        -0.009660675050660622
      ]
    }
  }
}