{
  "injections": {
    "__dataframe__": true,
    "content": {
      "simulation_id": [
        0
      ],
      "luminosity_distance": [
        9.76322075116076
      ],
      "KNphi": [
        42.952567694605094
      ],
      "inclination_EM": [
        0.5516417826322119
      ],
      "timeshift": [
        0.5624657735748162
      ],
      "log10_mej_dyn": [
        -1.680355642391096
      ],
      "log10_mej_wind": [
        -0.828411225130596
      ],
      "geocent_time": [
        0.04054631208202869
      ]
    }
  }
}