{
  "injections": {
    "__dataframe__": true,
    "content": {
      "simulation_id": [
        0
      ],
      "luminosity_distance": [
        207.5562000093933
      ],
      "timeshift": [
        0.16884125623818202
      ],
      "supernova_mag_boost": [
        -0.18731493844733382
      ],
      "geocent_time": [
        0.04009370785122446
      ]
    }
  }
}