{
  "injections": {
    "__dataframe__": true,
    "content": {
      "simulation_id": [
        0
      ],
      "luminosity_distance": [
        156.2645308122181
      ],
      "timeshift": [
        -0.41228790901340995
      ],
      "supernova_mag_boost": [
        0.7326507867696206
      ],
      "geocent_time": [
        -0.0019352398906924695
      ]
    }
  }
}