{
  "injections": {
    "__dataframe__": true,
    "content": {
      "simulation_id": [
        0
      ],
      "luminosity_distance": [
        526.1453835365895
      ],
      "timeshift": [
        -1.3022739478119858
      ],
      "log10_Menv": [
        -1.6732555206529955
      ],
      "log10_Renv": [
        14.322959897997208
      ],
      "log10_Ee": [
        49.16014598777251
      ],
      "geocent_time": [
        -0.018161449298114557
      ]
    }
  }
}