{
  "injections": {
    "__dataframe__": true,
    "content": {
      "simulation_id": [
        0
      ],
      "luminosity_distance": [
        689.0317877625525
      ],
      "timeshift": [
        -1.6354754953760442
      ],
      "log10_Menv": [
        -1.141812762927084
      ],
      "log10_Renv": [
        14.634724815349156
      ],
      "log10_Ee": [
        50.869200122596084
      ],
      "geocent_time": [
        0.053521539956929626
      ]
    }
  }
}