{
  "injections": {
    "__dataframe__": true,
    "content": {
      "simulation_id": [
        0
      ],
      "luminosity_distance": [
        9.046087239624947
      ],
      "KNphi": [
        34.54156463680363
      ],
      "inclination_EM": [
        0.2616959571207532
      ],
      "timeshift": [
        -1.0936478229946935
      ],
      "log10_mej_dyn": [
        -1.5111179069525393
      ],
      "log10_mej_wind": [
        -2.668572025132142
      ],
      "geocent_time": [
        -0.08094017333643969
      ]
    }
  }
}