{
  "injections": {
    "__dataframe__": true,
    "content": {
      "simulation_id": [
        0
      ],
      "luminosity_distance": [
        156.39899237890867
      ],
      "timeshift": [
        0.21640153507697324
      ],
      "supernova_mag_boost": [
        -3.6000808550725214
      ],
      "geocent_time": [
        0.00015325688989360764
      ]
    }
  }
}