{
  "injections": {
    "__dataframe__": true,
    "content": {
      "simulation_id": [
        0
      ],
      "luminosity_distance": [
        167.19792163862576
      ],
      "timeshift": [
        0.8408240337065491
      ],
      "inclination_EM": [
        0.19336410924344777
      ],
      "log10_E0": [
        53.0
      ],
      "thetaCore": [
        0.05
      ],
      "thetaWing": [
        0.1
      ],
      "log10_n0": [
        1.5741274178466753
      ],
      "p": [
        2.319630470957603
      ],
      "log10_epsilon_e": [
        -1.1332578185913706
      ],
      "log10_epsilon_B": [
        -2.062119104651409
      ],
      "ksiN": [
        1.0
      ],
      "L0": [
        0.0
      ],
      "dL": [
        3.09e+19
      ],
      "b": [
        6.0
      ],
      "q": [
        0.0
      ],
      "ts": [
        0.0
      ],
      "geocent_time": [
        -0.02167062388311007
      ]
    }
  }
}