{
  "injections": {
    "__dataframe__": true,
    "content": {
      "simulation_id": [
        0
      ],
      "luminosity_distance": [
        203.89880660921904
      ],
      "timeshift": [
        0.3501320861068513
      ],
      "supernova_mag_boost": [
        -2.9966151991246748
      ],
      "geocent_time": [
        0.057310757469800494
      ]
    }
  }
}