{
  "injections": {
    "__dataframe__": true,
    "content": {
      "simulation_id": [
        0
      ],
      "luminosity_distance": [
        178.12736674382347
      ],
      "timeshift": [
        0.9475363899232466
      ],
      "inclination_EM": [
        0.16773993971521406
      ],
      "log10_E0": [
        53.0
      ],
      "thetaCore": [
        0.05
      ],
      "thetaWing": [
        0.1
      ],
      "log10_n0": [
        -2.948568533766019
      ],
      "p": [
        2.619359348943795
      ],
      "log10_epsilon_e": [
        -0.030967558673134832
      ],
      "log10_epsilon_B": [
        -2.7015542572183113
      ],
      "ksiN": [
        1.0
      ],
      "L0": [
        0.0
      ],
      "dL": [
        3.09e+19
      ],
      "b": [
        6.0
      ],
      "q": [
        0.0
      ],
      "ts": [
        0.0
      ],
      "geocent_time": [
        0.06421958062758745
      ]
    }
  }
}