{
  "injections": {
    "__dataframe__": true,
    "content": {
      "simulation_id": [
        0
      ],
      "luminosity_distance": [
        167.3904241713195
      ],
      "timeshift": [
        0.6028186622792374
      ],
      "inclination_EM": [
        0.17028520838565384
      ],
      "log10_E0": [
        53.0
      ],
      "thetaCore": [
        0.05
      ],
      "thetaWing": [
        0.1
      ],
      "log10_n0": [
        0.7028303474554245
      ],
      "p": [
        2.817172700898768
      ],
      "log10_epsilon_e": [
        -0.12098871862456484
      ],
      "log10_epsilon_B": [
        -0.055101587451252154
      ],
      "ksiN": [
        1.0
      ],
      "L0": [
        0.0
      ],
      "dL": [
        3.09e+19
      ],
      "b": [
        6.0
      ],
      "q": [
        0.0
      ],
      "ts": [
        0.0
      ],
      "geocent_time": [
        0.020936054757962896
      ]
    }
  }
}