{
  "injections": {
    "__dataframe__": true,
    "content": {
      "simulation_id": [
        0
      ],
      "luminosity_distance": [
        179.27929973355924
      ],
      "timeshift": [
        0.4986847338767524
      ],
      "inclination_EM": [
        0.16005082339786555
      ],
      "log10_E0": [
        53.0
      ],
      "thetaCore": [
        0.05
      ],
      "thetaWing": [
        0.1
      ],
      "log10_n0": [
        1.7526167667240369
      ],
      "p": [
        2.1180266690330547
      ],
      "log10_epsilon_e": [
        -1.9870192699540432
      ],
      "log10_epsilon_B": [
        -0.7888241304125199
      ],
      "ksiN": [
        1.0
      ],
      "L0": [
        0.0
      ],
      "dL": [
        3.09e+19
      ],
      "b": [
        6.0
      ],
      "q": [
        0.0
      ],
      "ts": [
        0.0
      ],
      "geocent_time": [
        -0.08298815641884544
      ]
    }
  }
}