{
  "injections": {
    "__dataframe__": true,
    "content": {
      "simulation_id": [
        0
      ],
      "luminosity_distance": [
        216.43045228399757
      ],
      "timeshift": [
        0.5907133743609814
      ],
      "supernova_mag_boost": [
        -3.3019235934975466
      ],
      "geocent_time": [
        -0.07387474922242668
      ]
    }
  }
}