{
  "injections": {
    "__dataframe__": true,
    "content": {
      "simulation_id": [
        0
      ],
      "luminosity_distance": [
        3.866159363039092
      ],
      "KNphi": [
        41.867363268826224
      ],
      "inclination_EM": [
        0.6160513277900015
      ],
      "timeshift": [
        0.572999627867731
      ],
      "log10_mej_dyn": [
        -1.1487507325450441
      ],
      "log10_mej_wind": [
        -2.3151136254870917
      ],
      "geocent_time": [
        -0.06447695536717793
      ]
    }
  }
}