{
  "injections": {
    "__dataframe__": true,
    "content": {
      "simulation_id": [
        0
      ],
      "luminosity_distance": [
        181.52242384875868
      ],
      "timeshift": [
        0.07522968276778252
      ],
      "supernova_mag_boost": [
        2.5755289000508927
      ],
      "geocent_time": [
        -0.005937738780729562
      ]
    }
  }
}