{
  "injections": {
    "__dataframe__": true,
    "content": {
      "simulation_id": [
        0
      ],
      "luminosity_distance": [
        8.151600049471273
      ],
      "KNphi": [
        29.615874283001492
      ],
      "inclination_EM": [
        0.7542121624876627
      ],
      "timeshift": [
        -1.8638254543405472
      ],
      "log10_mej_dyn": [
        -2.6402003411675157
      ],
      "log10_mej_wind": [
        -2.25207792544085
      ],
      "geocent_time": [
        0.044640318741858864
      ]
    }
  }
}