{
  "injections": {
    "__dataframe__": true,
    "content": {
      "simulation_id": [
        0
      ],
      "luminosity_distance": [
        123.68521820519962
      ],
      "timeshift": [
        -1.539905213382753
      ],
      "log10_Menv": [
        -1.499438663103636
      ],
      "log10_Renv": [
        13.82356848739876
      ],
      "log10_Ee": [
        49.75978475094122
      ],
      "geocent_time": [
        0.05697693461410344
      ]
    }
  }
}