{
  "injections": {
    "__dataframe__": true,
    "content": {
      "simulation_id": [
        0
      ],
      "luminosity_distance": [
        154.94739224399288
      ],
      "timeshift": [
        0.32039533614033
      ],
      "inclination_EM": [
        0.09131296869658564
      ],
      "log10_E0": [
        53.0
      ],
      "thetaCore": [
        0.05
      ],
      "thetaWing": [
        0.1
      ],
      "log10_n0": [
        0.8060822453533203
      ],
      "p": [
        2.359404313323789
      ],
      "log10_epsilon_e": [
        -1.8816557837180743
      ],
      "log10_epsilon_B": [
        -2.9403765578748167
      ],
      "ksiN": [
        1.0
      ],
      "L0": [
        0.0
      ],
      "dL": [
        3.09e+19
      ],
      "b": [
        6.0
      ],
      "q": [
        0.0
      ],
      "ts": [
        0.0
      ],
      "geocent_time": [
        0.042079909489481204
      ]
    }
  }
}