{
  "injections": {
    "__dataframe__": true,
    "content": {
      "simulation_id": [
        0
      ],
      "luminosity_distance": [
        6.531094982368195
      ],
      "KNphi": [
        31.47504803513789
      ],
      "inclination_EM": [
        0.6029053525663994
      ],
      "timeshift": [
        -0.009451267864683643
      ],
      "log10_mej_dyn": [
        -2.560803355668975
      ],
      "log10_mej_wind": [
        -1.5209705733756336
      ],
      "geocent_time": [
        -0.026110358435033093
      ]
    }
  }
}