{
  "injections": {
    "__dataframe__": true,
    "content": {
      "simulation_id": [
        0
      ],
      "luminosity_distance": [
        224.26533129236478
      ],
      "timeshift": [
        -0.14729109393865447
      ],
      "supernova_mag_boost": [
        3.4138559432089295
      ],
      "geocent_time": [
        0.05990238153670488
      ]
    }
  }
}