{
  "injections": {
    "__dataframe__": true,
    "content": {
      "simulation_id": [
        0
      ],
      "luminosity_distance": [
        89.0800180776331
      ],
      "timeshift": [
        -0.436980716706417
      ],
      "log10_Menv": [
        -0.9125110786494801
      ],
      "log10_Renv": [
        13.304315788185919
      ],
      "log10_Ee": [
        51.23012954221332
      ],
      "geocent_time": [
        0.08863109019098078
      ]
    }
  }
}