{
  "injections": {
    "__dataframe__": true,
    "content": {
      "simulation_id": [
        0
      ],
      "luminosity_distance": [
        3.202251888095234
      ],
      "KNphi": [
        27.052043523941858
      ],
      "inclination_EM": [
        0.4596096372778281
      ],
      "timeshift": [
        -1.034701820512809
      ],
      "log10_mej_dyn": [
        -2.3011190523615213
      ],
      "log10_mej_wind": [
        -1.2307912409979542
      ],
      "geocent_time": [
        -0.049493987300063096
      ]
    }
  }
}