{
  "injections": {
    "__dataframe__": true,
    "content": {
      "simulation_id": [
        0
      ],
      "luminosity_distance": [
        198.91836355802937
      ],
      "timeshift": [
        -0.009328913499151437
      ],
      "supernova_mag_boost": [
        -3.922366072247981
      ],
      "geocent_time": [
        0.01751484076781573
      ]
    }
  }
}