{
  "injections": {
    "__dataframe__": true,
    "content": {
      "simulation_id": [
        0
      ],
      "luminosity_distance": [
        155.7694546498679
      ],
      "timeshift": [
        0.7962052953179042
      ],
      "inclination_EM": [
        0.18060088214537137
      ],
      "log10_E0": [
        53.0
      ],
      "thetaCore": [
        0.05
      ],
      "thetaWing": [
        0.1
      ],
      "log10_n0": [
        1.9348140782249201
      ],
      "p": [
        2.4922797046402545
      ],
      "log10_epsilon_e": [
        -0.5825499915290955
      ],
      "log10_epsilon_B": [
        -2.4888623939257872
      ],
      "ksiN": [
        1.0
      ],
      "L0": [
        0.0
      ],
      "dL": [
        3.09e+19
      ],
      "b": [
        6.0
      ],
      "q": [
        0.0
      ],
      "ts": [
        0.0
      ],
      "geocent_time": [
        -0.05163338738662187
      ]
    }
  }
}