{
  "injections": {
    "__dataframe__": true,
    "content": {
      "simulation_id": [
        0
      ],
      "luminosity_distance": [
        1.4687614932993047
      ],
      "KNphi": [
        43.36940099702925
      ],
      "inclination_EM": [
        0.41260591201232
      ],
      "timeshift": [
        -0.9329739152112213
      ],
      "log10_mej_dyn": [
        -1.3809404703114998
      ],
      "log10_mej_wind": [
        -1.4750385644587976
      ],
      "geocent_time": [
        -0.045024933055888595
      ]
    }
  }
}