{
  "injections": {
    "__dataframe__": true,
    "content": {
      "simulation_id": [
        0
      ],
      "luminosity_distance": [
        120.42000971773581
      ],
      "timeshift": [
        -0.7927912447675001
      ],
      "log10_Menv": [
        -0.8915961365965259
      ],
      "log10_Renv": [
        14.755944826033657
      ],
      "log10_Ee": [
        51.642692525675685
      ],
      "geocent_time": [
        -0.09777570205741706
      ]
    }
  }
}