{
  "injections": {
    "__dataframe__": true,
    "content": {
      "simulation_id": [
        0
      ],
      "luminosity_distance": [
        173.9494185591916
      ],
      "timeshift": [
        -0.4147425307939181
      ],
      "supernova_mag_boost": [
        -3.0958885371230895
      ],
      "geocent_time": [
        0.0925552305142423
      ]
    }
  }
}