{
  "injections": {
    "__dataframe__": true,
    "content": {
      "simulation_id": [
        0
      ],
      "luminosity_distance": [
        157.36032413875893
      ],
      "timeshift": [
        0.6378657067290212
      ],
      "inclination_EM": [
        0.17212239057066572
      ],
      "log10_E0": [
        53.0
      ],
      "thetaCore": [
        0.05
      ],
      "thetaWing": [
        0.1
      ],
      "log10_n0": [
        -0.5908467182461923
      ],
      "p": [
        2.742220564126881
      ],
      "log10_epsilon_e": [
        -2.3656279221522323
      ],
      "log10_epsilon_B": [
        -1.5676181614620393
      ],
      "ksiN": [
        1.0
      ],
      "L0": [
        0.0
      ],
      "dL": [
        3.09e+19
      ],
      "b": [
        6.0
      ],
      "q": [
        0.0
      ],
      "ts": [
        0.0
      ],
      "geocent_time": [
        -0.0858718900474982
      ]
    }
  }
}