{
  "injections": {
    "__dataframe__": true,
    "content": {
      "simulation_id": [
        0
      ],
      "luminosity_distance": [
        155.7581235166145
      ],
      "timeshift": [
        0.14419998296023995
      ],
      "inclination_EM": [
        0.15064190162185645
      ],
      "log10_E0": [
        53.0
      ],
      "thetaCore": [
        0.05
      ],
      "thetaWing": [
        0.1
      ],
      "log10_n0": [
        0.09942413812757867
      ],
      "p": [
        2.3478958062094204
      ],
      "log10_epsilon_e": [
        -0.9819361017525816
      ],
      "log10_epsilon_B": [
        -1.311787326196744
      ],
      "ksiN": [
        1.0
      ],
      "L0": [
        0.0
      ],
      "dL": [
        3.09e+19
      ],
      "b": [
        6.0
      ],
      "q": [
        0.0
      ],
      "ts": [
        0.0
      ],
      "geocent_time": [
        -0.005356000294435975
      ]
    }
  }
}