{
  "injections": {
    "__dataframe__": true,
    "content": {
      "simulation_id": [
        0
      ],
      "luminosity_distance": [
        179.91353888821226
      ],
      "timeshift": [
        0.8040975120811914
      ],
      "inclination_EM": [
        0.18186860729903565
      ],
      "log10_E0": [
        53.0
      ],
      "thetaCore": [
        0.05
      ],
      "thetaWing": [
        0.1
      ],
      "log10_n0": [
        -2.6743980140480215
      ],
      "p": [
        2.7834807896500164
      ],
      "log10_epsilon_e": [
        -1.01952288798218
      ],
      "log10_epsilon_B": [
        -1.9257670017786117
      ],
      "ksiN": [
        1.0
      ],
      "L0": [
        0.0
      ],
      "dL": [
        3.09e+19
      ],
      "b": [
        6.0
      ],
      "q": [
        0.0
      ],
      "ts": [
        0.0
      ],
      "geocent_time": [
        -0.0044811745496287775
      ]
    }
  }
}