{
  "injections": {
    "__dataframe__": true,
    "content": {
      "simulation_id": [
        0
      ],
      "luminosity_distance": [
        9.521459755137567
      ],
      "KNphi": [
        28.48838785759891
      ],
      "inclination_EM": [
        0.5596194696713228
      ],
      "timeshift": [
        -1.6244095929688895
      ],
      "log10_mej_dyn": [
        -1.4071692461142737
      ],
      "log10_mej_wind": [
        -1.555580598429548
      ],
      "geocent_time": [
        0.06680667011774433
      ]
    }
  }
}