{
  "injections": {
    "__dataframe__": true,
    "content": {
      "simulation_id": [
        0
      ],
      "luminosity_distance": [
        158.77004385574605
      ],
      "timeshift": [
        0.9357029904583755
      ],
      "inclination_EM": [
        0.18298245109645989
      ],
      "log10_E0": [
        53.0
      ],
      "thetaCore": [
        0.05
      ],
      "thetaWing": [
        0.1
      ],
      "log10_n0": [
        -1.1483407512009425
      ],
      "p": [
        2.2290489175727126
      ],
      "log10_epsilon_e": [
        -2.277146910318754
      ],
      "log10_epsilon_B": [
        -1.3584151712215071
      ],
      "ksiN": [
        1.0
      ],
      "L0": [
        0.0
      ],
      "dL": [
        3.09e+19
      ],
      "b": [
        6.0
      ],
      "q": [
        0.0
      ],
      "ts": [
        0.0
      ],
      "geocent_time": [
        -0.06068255233338411
      ]
    }
  }
}