{
  "injections": {
    "__dataframe__": true,
    "content": {
      "simulation_id": [
        0
      ],
      "luminosity_distance": [
        204.05921277928243
      ],
      "timeshift": [
        -0.0019092635097421873
      ],
      "supernova_mag_boost": [
        4.586018075425461
      ],
      "geocent_time": [
        0.032916511729506714
      ]
    }
  }
}