{
  "injections": {
    "__dataframe__": true,
    "content": {
      "simulation_id": [
        0
      ],
      "luminosity_distance": [
        176.36224402141173
      ],
      "timeshift": [
        0.8444383772227886
      ],
      "inclination_EM": [
        0.16897170772532405
      ],
      "log10_E0": [
        53.0
      ],
      "thetaCore": [
        0.05
      ],
      "thetaWing": [
        0.1
      ],
      "log10_n0": [
        2.4315163797685813
      ],
      "p": [
        2.3256857900742673
      ],
      "log10_epsilon_e": [
        -0.6064594207260843
      ],
      "log10_epsilon_B": [
        -2.557476760751041
      ],
      "ksiN": [
        1.0
      ],
      "L0": [
        0.0
      ],
      "dL": [
        3.09e+19
      ],
      "b": [
        6.0
      ],
      "q": [
        0.0
      ],
      "ts": [
        0.0
      ],
      "geocent_time": [
        -0.04640305756249679
      ]
    }
  }
}