{
  "injections": {
    "__dataframe__": true,
    "content": {
      "simulation_id": [
        0
      ],
      "luminosity_distance": [
        163.5074198134344
      ],
      "timeshift": [
        0.17906254684795517
      ],
      "inclination_EM": [
        0.14822228018721248
      ],
      "log10_E0": [
        53.0
      ],
      "thetaCore": [
        0.05
      ],
      "thetaWing": [
        0.1
      ],
      "log10_n0": [
        2.6981549169077397
      ],
      "p": [
        2.2775769523122436
      ],
      "log10_epsilon_e": [
        -1.6740324816951881
      ],
      "log10_epsilon_B": [
        -2.757579753012483
      ],
      "ksiN": [
        1.0
      ],
      "L0": [
        0.0
      ],
      "dL": [
        3.09e+19
      ],
      "b": [
        6.0
      ],
      "q": [
        0.0
      ],
      "ts": [
        0.0
      ],
      "geocent_time": [
        0.04103972228523048
      ]
    }
  }
}