{
  "injections": {
    "__dataframe__": true,
    "content": {
      "simulation_id": [
        0
      ],
      "luminosity_distance": [
        168.94719197631647
      ],
      "timeshift": [
        0.004530622757680111
      ],
      "inclination_EM": [
        0.17007134235055354
      ],
      "log10_E0": [
        53.0
      ],
      "thetaCore": [
        0.05
      ],
      "thetaWing": [
        0.1
      ],
      "log10_n0": [
        -1.5174124782023641
      ],
      "p": [
        2.062660179710492
      ],
      "log10_epsilon_e": [
        -2.1204837062794955
      ],
      "log10_epsilon_B": [
        -0.34579098839669165
      ],
      "ksiN": [
        1.0
      ],
      "L0": [
        0.0
      ],
      "dL": [
        3.09e+19
      ],
      "b": [
        6.0
      ],
      "q": [
        0.0
      ],
      "ts": [
        0.0
      ],
      "geocent_time": [
        0.07441616514884916
      ]
    }
  }
}