{
  "injections": {
    "__dataframe__": true,
    "content": {
      "simulation_id": [
        0
      ],
      "luminosity_distance": [
        5.50618523129898
      ],
      "KNphi": [
        24.962711156864795
      ],
      "inclination_EM": [
        0.22918101981621566
      ],
      "timeshift": [
        0.3269057511955369
      ],
      "log10_mej_dyn": [
        -1.5598955679062598
      ],
      "log10_mej_wind": [
        -0.5867237161692187
      ],
      "geocent_time": [
        -0.058104195276164644
      ]
    }
  }
}