{
  "injections": {
    "__dataframe__": true,
    "content": {
      "simulation_id": [
        0
      ],
      "luminosity_distance": [
        1.9405996621344654
      ],
      "KNphi": [
        39.71576913113587
      ],
      "inclination_EM": [
        0.4951455159740404
      ],
      "timeshift": [
        -1.4857952746380088
      ],
      "log10_mej_dyn": [
        -2.1207064750402704
      ],
      "log10_mej_wind": [
        -1.396423624725199
      ],
      "geocent_time": [
        -0.06434179298342031
      ]
    }
  }
}