{
  "injections": {
    "__dataframe__": true,
    "content": {
      "simulation_id": [
        0
      ],
      "luminosity_distance": [
        167.0725908546438
      ],
      "timeshift": [
        0.5298960786058081
      ],
      "inclination_EM": [
        0.11377597812548546
      ],
      "log10_E0": [
        53.0
      ],
      "thetaCore": [
        0.05
      ],
      "thetaWing": [
        0.1
      ],
      "log10_n0": [
        -2.274198440625047
      ],
      "p": [
        2.801315491830219
      ],
      "log10_epsilon_e": [
        -1.9149806459000709
      ],
      "log10_epsilon_B": [
        -0.7857537042578633
      ],
      "ksiN": [
        1.0
      ],
      "L0": [
        0.0
      ],
      "dL": [
        3.09e+19
      ],
      "b": [
        6.0
      ],
      "q": [
        0.0
      ],
      "ts": [
        0.0
      ],
      "geocent_time": [
        0.07595821804224287
      ]
    }
  }
}