{
  "injections": {
    "__dataframe__": true,
    "content": {
      "simulation_id": [
        0
      ],
      "luminosity_distance": [
        188.75269945703792
      ],
      "timeshift": [
        0.3461829840333759
      ],
      "supernova_mag_boost": [
        4.904320674914867
      ],
      "geocent_time": [
        -0.013331233793127575
      ]
    }
  }
}