{
  "injections": {
    "__dataframe__": true,
    "content": {
      "simulation_id": [
        0
      ],
      "luminosity_distance": [
        161.34055827854067
      ],
      "timeshift": [
        0.541422437342276
      ],
      "supernova_mag_boost": [
        -1.270463952142522
      ],
      "geocent_time": [
        0.021310874645143807
      ]
    }
  }
}