{
  "injections": {
    "__dataframe__": true,
    "content": {
      "simulation_id": [
        0
      ],
      "luminosity_distance": [
        125.8341155219429
      ],
      "timeshift": [
        -1.020943153267901
      ],
      "log10_Menv": [
        -0.3046125022258579
      ],
      "log10_Renv": [
        13.007749726677421
      ],
      "log10_Ee": [
        49.52673574659468
      ],
      "geocent_time": [
        -0.05609437361194183
      ]
    }
  }
}