{
  "injections": {
    "__dataframe__": true,
    "content": {
      "simulation_id": [
        0
      ],
      "luminosity_distance": [
        220.62043908785358
      ],
      "timeshift": [
        0.021580412266132498
      ],
      "supernova_mag_boost": [
        1.8431122797568662
      ],
      "geocent_time": [
        0.09104963627835108
      ]
    }
  }
}