{
  "injections": {
    "__dataframe__": true,
    "content": {
      "simulation_id": [
        0
      ],
      "luminosity_distance": [
        201.39863485206521
      ],
      "timeshift": [
        -0.6305106201261332
      ],
      "log10_Menv": [
        -0.4552520019041886
      ],
      "log10_Renv": [
        12.766557052243252
      ],
      "log10_Ee": [
        51.46304566904389
      ],
      "geocent_time": [
        -0.054690600225941945
      ]
    }
  }
}