{
  "injections": {
    "__dataframe__": true,
    "content": {
      "simulation_id": [
        0
      ],
      "luminosity_distance": [
        162.28378080595655
      ],
      "timeshift": [
        0.8770858930633774
      ],
      "supernova_mag_boost": [
        -3.1624021063157293
      ],
      "geocent_time": [
        0.08990227220699412
      ]
    }
  }
}