{
  "injections": {
    "__dataframe__": true,
    "content": {
      "simulation_id": [
        0
      ],
      "luminosity_distance": [
        188.29573441603017
      ],
      "timeshift": [
        -0.31199363174449
      ],
      "supernova_mag_boost": [
        4.146844300111251
      ],
      "geocent_time": [
        0.05726241800732243
      ]
    }
  }
}