{
  "injections": {
    "__dataframe__": true,
    "content": {
      "simulation_id": [
        0
      ],
      "luminosity_distance": [
        222.7072560460939
      ],
      "timeshift": [
        0.0628473921418109
      ],
      "supernova_mag_boost": [
        4.214223394914233
      ],
      "geocent_time": [
        -0.04802063400756227
      ]
    }
  }
}