{
  "injections": {
    "__dataframe__": true,
    "content": {
      "simulation_id": [
        0
      ],
      "luminosity_distance": [
        162.7001146015478
      ],
      "timeshift": [
        -0.12644233167839514
      ],
      "supernova_mag_boost": [
        4.738315778162091
      ],
      "geocent_time": [
        0.0011320722516933168
      ]
    }
  }
}