{
    "luminosity_distance": 216.74846659120092,
    "timeshift": -0.9946658474063086,
    "supernova_mag_boost": 1.4682872438597665,
    "Ebv": 0.0,
    "log_likelihood": -17.72377105270005,
    "log_prior": -7.313220387090301,
    "log_bayes_factor": -21.403241241695905,
    "log_bayes_factor_err": 0.05194604777082646,
    "Best fit index": 2911,
    "Magnitudes": {
        "ztfg": [
            23.687377414035467,
            21.741999288239096,
            21.11150683017998,
            20.89367491404032,
            20.712328378607655,
            20.556980709388878,
            20.421103452091348,
            20.300355094268877,
            20.19170165988557,
            20.0929392285539,
            20.002416291351555,
            19.91886328682227,
            19.841283206112895,
            19.768878759790713,
            19.701002357183004
        ],
        "bestfit_sample_times": [
            -0.8946658474063086,
            -0.3946658474063086,
            0.1053341525936915,
            0.6053341525936915,
            1.1053341525936915,
            1.6053341525936915,
            2.1053341525936915,
            2.6053341525936915,
            3.105334152593691,
            3.605334152593691,
            4.1053341525936915,
            4.6053341525936915,
            5.1053341525936915,
            5.6053341525936915,
            6.1053341525936915
        ]
    }
}