{
    "luminosity_distance": 195.7684079243947,
    "timeshift": -0.9999206887076098,
    "supernova_mag_boost": 1.5487168514866712,
    "Ebv": 0.0,
    "log_likelihood": -14.1118749384136,
    "log_prior": -7.313220387090301,
    "log_bayes_factor": -17.597105679383464,
    "log_bayes_factor_err": 0.050785910273092906,
    "Best fit index": 2980,
    "Magnitudes": {
        "ztfg": [
            23.516190769488194,
            21.570812643687976,
            20.942674026636265,
            20.724413806477965,
            20.54277083171638,
            20.387205814630466,
            20.25116237352503,
            20.130282832271124,
            20.021523211023602,
            19.922673066347688,
            19.832076454298008,
            19.74846069285441,
            19.67082651367581
        ],
        "bestfit_sample_times": [
            -0.8999206887076098,
            -0.3999206887076098,
            0.10007931129239034,
            0.6000793112923903,
            1.1000793112923903,
            1.6000793112923903,
            2.10007931129239,
            2.60007931129239,
            3.10007931129239,
            3.60007931129239,
            4.10007931129239,
            4.60007931129239,
            5.10007931129239
        ]
    }
}