{
  "injections": {
    "__dataframe__": true,
    "content": {
      "simulation_id": [
        0
      ],
      "luminosity_distance": [
        115.5836099532142
      ],
      "timeshift": [
        0.9953863952305454
      ],
      "inclination_EM": [
        0.16494346998673434
      ],
      "log10_E0": [
        53.0
      ],
      "thetaCore": [
        0.05
      ],
      "thetaWing": [
        0.1
      ],
      "log10_n0": [
        -1.1856023178984765
      ],
      "p": [
        2.9629076943324724
      ],
      "log10_epsilon_e": [
        -1.6815460845480028
      ],
      "log10_epsilon_B": [
        -0.9959708466241111
      ],
      "ksiN": [
        1.0
      ],
      "L0": [
        0.0
      ],
      "dL": [
        3.09e+19
      ],
      "b": [
        6.0
      ],
      "q": [
        0.0
      ],
      "ts": [
        0.0
      ],
      "geocent_time": [
        0.04012887301986226
      ]
    }
  }
}