{
    "luminosity_distance": 83.84735573791669,
    "KNphi": 37.15394468127294,
    "inclination_EM": 0.7283488869277488,
    "timeshift": 0.983855739980553,
    "log10_mej_dyn": -1.1308714619535003,
    "log10_mej_wind": -0.7065564969902964,
    "Ebv": 0.0,
    "log_likelihood": -8.486576177567716,
    "log_prior": -12.656859027754813,
    "log_bayes_factor": -12.549302164836934,
    "log_bayes_factor_err": 0.05045729256601753,
    "Best fit index": 3069,
    "Magnitudes": {
        "ztfg": [
            22.177928585249983,
            18.8731620171798,
            18.618274045405315,
            18.86265846484944,
            19.379433705225757,
            20.056560117858716,
            20.70435780776244,
            21.19910971333094,
            21.670748503040027
        ],
        "ztfr": [
            21.05042463236679,
            18.658806761076413,
            18.13140688096863,
            17.98025847289265,
            18.11520918333126,
            18.61871701540756,
            19.23306892403494,
            19.841587887658164,
            20.42035539208828
        ],
        "bestfit_sample_times": [
            1.083855739980553,
            1.583855739980553,
            2.083855739980553,
            2.583855739980553,
            3.083855739980553,
            3.583855739980553,
            4.083855739980553,
            4.583855739980553,
            5.083855739980553
        ]
    },
    "chi2_per_dof": 0.7087200174889591,
    "chi2_per_dof_per_filt": {
        "ztfg": 0.9849909653998445,
        "ztfr": 0.3633813326003523
    }
}