{
    "luminosity_distance": 62.864407464028645,
    "KNphi": 35.21519146059883,
    "inclination_EM": 0.7588706001595574,
    "timeshift": 0.9284702670958608,
    "log10_mej_dyn": -2.757865384543132,
    "log10_mej_wind": -0.5999548540390953,
    "Ebv": 0.0,
    "log_likelihood": -10.725562961953068,
    "log_prior": -12.6236679173278,
    "log_bayes_factor": -15.647135299900375,
    "log_bayes_factor_err": 0.056283537096273546,
    "Best fit index": 3387,
    "Magnitudes": {
        "ztfg": [
            21.956510232630407,
            18.779864798337012,
            18.580494424715138,
            18.673998091497346,
            19.06684643103992,
            19.61808166523886,
            20.12118295080883,
            20.473108018518495,
            20.74752939581844,
            20.967557934039412,
            21.118747975777772
        ],
        "ztfr": [
            20.79781616338261,
            19.015052671908652,
            18.310864588843405,
            17.91635115590128,
            17.991539930739666,
            18.33531059147466,
            18.615480277551825,
            18.804171536847804,
            18.919766232314394,
            19.1039797351334,
            19.26428019935362
        ],
        "bestfit_sample_times": [
            1.0284702670958608,
            1.5284702670958608,
            2.028470267095861,
            2.528470267095861,
            3.028470267095861,
            3.528470267095861,
            4.0284702670958605,
            4.5284702670958605,
            5.0284702670958605,
            5.5284702670958605,
            6.0284702670958605
        ]
    },
    "chi2_per_dof": 0.4093930479516079,
    "chi2_per_dof_per_filt": {
        "ztfg": 0.6076236877083284,
        "ztfr": 0.06248942837734725
    }
}