{
    "luminosity_distance": 199.87445088090445,
    "beta": 1.0998944954830396,
    "log10_kappa_r": -0.5956373703606995,
    "KNtimeshift": -1.2334430689860805,
    "log10_vej": -1.9047279945091533,
    "log10_mej": -2.9900034991074484,
    "Ebv": 0.4188008234749316,
    "log_likelihood": -16.142281210414225,
    "log_prior": -10.268019321274696,
    "log_bayes_factor": -26.160788907474114,
    "Best fit index": 5228,
    "Magnitudes": {
        "ztfg": [
            26.179019384355115,
            24.442518780437837,
            23.680874778352397,
            23.0615838631021,
            22.57458592913025,
            22.19002072391634,
            21.867034979186542,
            21.62795526443047,
            21.40592908666501,
            21.239137008852346,
            21.11956221384095,
            21.04120780758948,
            20.999596156826435,
            20.8890921445552,
            20.810347770824656,
            20.762041869246886,
            20.743547568394476,
            20.75489344692715,
            Infinity
        ],
        "bestfit_sample_times": [
            0.1,
            0.6,
            1.1,
            1.6,
            2.1,
            2.6,
            3.1,
            3.6,
            4.1,
            4.6,
            5.1,
            5.6,
            6.1,
            6.6,
            7.1,
            7.6,
            8.1,
            8.6,
            9.1
        ]
    }
}