{
    "luminosity_distance": 199.0669242739428,
    "beta": 1.0298494981787014,
    "log10_kappa_r": -0.8892033411803174,
    "KNtimeshift": -1.5283578338872128,
    "log10_vej": -1.9906326294594177,
    "log10_mej": -2.8070498929982777,
    "Ebv": 0.5485612785013868,
    "log_likelihood": -24.307257937992688,
    "log_prior": -12.131054568463757,
    "Best fit index": 4123,
    "Magnitudes": {
        "ztfg": [
            26.53286737899181,
            24.774303286058498,
            23.99848111834062,
            23.401519831176387,
            22.865856269946278,
            22.475367643502736,
            22.13502308213691,
            21.875106654192592,
            21.620651391175755,
            21.41784777796846,
            21.25863376267266,
            21.07732573292393,
            20.988346568916498,
            20.868767649448166,
            20.715547644387833,
            20.58642224085159,
            20.479708194700258,
            20.394059456454833,
            20.328416438068622,
            20.281966872546356,
            20.254127530508626,
            20.244532420614803,
            20.25303920958467,
            20.27974126461136,
            20.32500184719664,
            20.389496475241607,
            Infinity
        ],
        "bestfit_sample_times": [
            0.1,
            0.6,
            1.1,
            1.6,
            2.1,
            2.6,
            3.1,
            3.6,
            4.1,
            4.6,
            5.1,
            5.6,
            6.1,
            6.6,
            7.1,
            7.6,
            8.1,
            8.6,
            9.1,
            9.6,
            10.1,
            10.6,
            11.1,
            11.6,
            12.1,
            12.6,
            13.1
        ]
    }
}