{
    "luminosity_distance": 194.7833207459581,
    "beta": 1.2092040360997804,
    "log10_kappa_r": -0.7316658142569227,
    "KNtimeshift": -1.247284396680724,
    "log10_vej": -1.9438742996087175,
    "log10_mej": -2.8195857328766443,
    "Ebv": 0.5625113720643912,
    "log_likelihood": -20.15686012065549,
    "log_prior": -13.010980377295176,
    "log_bayes_factor": -32.505149910564775,
    "Best fit index": 4525,
    "Magnitudes": {
        "ztfg": [
            26.69959521750038,
            24.751389332034485,
            23.977099665732737,
            23.314282673487263,
            22.786422433763583,
            22.362582353016684,
            22.00109844796311,
            21.72311074942727,
            21.512103164052185,
            21.306679153127256,
            21.147485891646603,
            21.02840202870938,
            20.894616723820796,
            20.842760245147574,
            20.769774220284518,
            20.67367988815772,
            20.603239019419377,
            20.55740468128625,
            20.53552417017199,
            20.537326457974395,
            20.562954344991788,
            20.613008420100797,
            Infinity
        ],
        "bestfit_sample_times": [
            0.1,
            0.6,
            1.1,
            1.6,
            2.1,
            2.6,
            3.1,
            3.6,
            4.1,
            4.6,
            5.1,
            5.6,
            6.1,
            6.6,
            7.1,
            7.6,
            8.1,
            8.6,
            9.1,
            9.6,
            10.1,
            10.6,
            11.1
        ]
    }
}