{
    "luminosity_distance": 189.1476374821237,
    "beta": 1.043704046345488,
    "log10_kappa_r": -0.8158845479365303,
    "KNtimeshift": -0.6877520736003673,
    "log10_vej": -1.9945269854651584,
    "log10_mej": -2.910043129482926,
    "Ebv": 0.5521870650495477,
    "log_likelihood": -35.66189985544097,
    "log_prior": -12.296043037252812,
    "log_bayes_factor": -53.68671032673847,
    "Best fit index": 4063,
    "Magnitudes": {
        "ztfg": [
            26.63942031521767,
            24.794578492390343,
            24.025045968843003,
            23.396360513594686,
            22.835216380444272,
            22.42036521743023,
            22.057961891561597,
            21.776323722537533,
            21.501968873994457,
            21.279239734934023,
            21.099972168515308,
            20.900069532538666,
            20.790565515537672,
            20.65176840732761,
            20.48049420301568,
            20.3327658066246,
            20.20681935382907,
            20.101215820937448,
            20.014783452355076,
            19.946574561099766,
            19.895837817049262,
            19.861998599582208,
            19.844650297813303,
            19.843551499492456,
            19.858633652874218,
            19.89001506098856,
            19.938028466023255,
            20.003258161316445,
            20.086599132881787,
            20.189333269289463,
            20.313246586886336,
            20.460779005653137,
            20.635257788984056,
            20.841192318492595,
            Infinity
        ],
        "bestfit_sample_times": [
            0.1,
            0.6,
            1.1,
            1.6,
            2.1,
            2.6,
            3.1,
            3.6,
            4.1,
            4.6,
            5.1,
            5.6,
            6.1,
            6.6,
            7.1,
            7.6,
            8.1,
            8.6,
            9.1,
            9.6,
            10.1,
            10.6,
            11.1,
            11.6,
            12.1,
            12.6,
            13.1,
            13.6,
            14.1,
            14.6,
            15.1,
            15.6,
            16.1,
            16.6,
            17.1
        ]
    }
}