{
    "luminosity_distance": 194.1085543484788,
    "beta": 1.0130019815837108,
    "log10_kappa_r": -0.8201409701001408,
    "KNtimeshift": -0.914000470040384,
    "log10_vej": -1.9946407054074504,
    "log10_mej": -2.978448933976659,
    "Ebv": 0.5710794680977139,
    "log_likelihood": -42.185660041657655,
    "log_prior": -15.024331169098415,
    "Best fit index": 4899,
    "Magnitudes": {
        "ztfg": [
            26.85988181744205,
            25.014614493943846,
            24.238389772750125,
            23.55407258798708,
            23.03813778801672,
            22.61621332666587,
            22.24492299024503,
            21.896157104890833,
            21.66791608095898,
            21.43297374927559,
            21.18174113803144,
            21.025863245251145,
            20.842454093998462,
            20.62738503087671,
            20.437255738169455,
            20.269854920273936,
            20.1233721217718,
            19.996311442128338,
            19.887430382468033,
            19.79569401759152,
            19.720242251062313,
            19.66036531451333,
            19.615487125135456,
            19.585153790037197,
            19.569027880782393,
            19.56688678745486,
            19.57862661869448,
            19.60427052951436,
            19.643984066877415,
            19.698096842945098,
            19.767135109237458,
            19.851865007227786,
            19.9533550738266,
            20.073058345034937,
            20.212931416042196,
            20.37559088263884,
            20.56454514529561,
            20.784497142684522,
            Infinity
        ],
        "bestfit_sample_times": [
            0.1,
            0.6,
            1.1,
            1.6,
            2.1,
            2.6,
            3.1,
            3.6,
            4.1,
            4.6,
            5.1,
            5.6,
            6.1,
            6.6,
            7.1,
            7.6,
            8.1,
            8.6,
            9.1,
            9.6,
            10.1,
            10.6,
            11.1,
            11.6,
            12.1,
            12.6,
            13.1,
            13.6,
            14.1,
            14.6,
            15.1,
            15.6,
            16.1,
            16.6,
            17.1,
            17.6,
            18.1,
            18.6,
            19.1
        ]
    }
}