{
    "luminosity_distance": 137.6767697529509,
    "beta": 2.1185431064494136,
    "log10_kappa_r": 0.1813683119812785,
    "KNtimeshift": -0.5756186922943196,
    "log10_vej": -1.8957665025243784,
    "log10_mej": -2.2815904292566223,
    "Ebv": 0.5123965772085268,
    "log_likelihood": -4.697958423601902,
    "log_prior": -11.207964173689414,
    "log_bayes_factor": -8.062916555029723,
    "Best fit index": 2655,
    "Magnitudes": {
        "ztfg": [
            25.58038725353459,
            23.671664793455953,
            23.078893418528878,
            22.440323916015465,
            22.03255349942313,
            21.765162691960008,
            Infinity
        ],
        "bestfit_sample_times": [
            0.1,
            0.6,
            1.1,
            1.6,
            2.1,
            2.6,
            3.1
        ]
    }
}