{
    "luminosity_distance": 198.4051778192916,
    "beta": 3.854974608081641,
    "log10_kappa_r": 1.2353747526911545,
    "KNtimeshift": -1.853957720072559,
    "log10_vej": -1.8721932415155225,
    "log10_mej": -2.7103554236641445,
    "Ebv": 0.4724878350076237,
    "log_likelihood": -8.626541096409948,
    "log_prior": -10.69807433087258,
    "Best fit index": 3999,
    "Magnitudes": {
        "ztfg": [
            28.370088958479997,
            25.86676043397619,
            25.044957915570777,
            23.960184691946203,
            23.17735569284008,
            22.577294386830744,
            22.14060992305521,
            21.813724390246534,
            21.613837091966055,
            21.492987828781033,
            Infinity
        ],
        "bestfit_sample_times": [
            0.1,
            0.6,
            1.1,
            1.6,
            2.1,
            2.6,
            3.1,
            3.6,
            4.1,
            4.6,
            5.1
        ]
    }
}