{
    "luminosity_distance": 112.58298061443573,
    "beta": 3.573088464998041,
    "log10_kappa_r": 0.3973115019298112,
    "KNtimeshift": -0.0062503309685424,
    "log10_vej": -1.4578408893674415,
    "log10_mej": -2.1074178297819017,
    "Ebv": 0.48658424668687,
    "log_likelihood": -5.707283181041919,
    "log_prior": -10.850163186120268,
    "Best fit index": 3314,
    "Magnitudes": {
        "ztfg": [
            24.745049666601687,
            22.574951889894372,
            22.12369673009941,
            21.560186774826704,
            21.342255029530158,
            21.3112605362507,
            Infinity
        ],
        "bestfit_sample_times": [
            0.1,
            0.6,
            1.1,
            1.6,
            2.1,
            2.6,
            3.1
        ]
    }
}