{
    "luminosity_distance": 198.2108659134809,
    "beta": 1.0080977345051176,
    "log10_kappa_r": -0.833682950757018,
    "KNtimeshift": -1.0607515625569868,
    "log10_vej": -1.9857027277950756,
    "log10_mej": -2.977285674605357,
    "Ebv": 0.5165542668543026,
    "log_likelihood": -43.514128356925,
    "log_prior": -11.279772656677856,
    "Best fit index": 4834,
    "Magnitudes": {
        "ztfg": [
            26.639023463548334,
            24.870882600936298,
            24.049555361409084,
            23.418990704954986,
            22.906649871432414,
            22.431559598836337,
            22.061395728684772,
            21.77139721678902,
            21.486455662791208,
            21.252421379479216,
            21.06112136064727,
            20.90643002885981,
            20.664015599879676,
            20.449249374121763,
            20.259402561414156,
            20.092265148606515,
            19.94602796208283,
            19.8191964229814,
            19.71052943632034,
            19.61899359889171,
            19.543730498956492,
            19.48403226039769,
            19.439324959191982,
            19.409157193304644,
            19.393194444466854,
            19.391217534671704,
            19.40312666331931,
            19.428949901701,
            19.468858763590802,
            19.523190159008713,
            19.59247935187254,
            19.67750369798148,
            19.779345826790593,
            19.899476615071165,
            20.039875471227425,
            20.203188349009714,
            20.39296177974159,
            20.613948373294996,
            Infinity
        ],
        "bestfit_sample_times": [
            0.1,
            0.6,
            1.1,
            1.6,
            2.1,
            2.6,
            3.1,
            3.6,
            4.1,
            4.6,
            5.1,
            5.6,
            6.1,
            6.6,
            7.1,
            7.6,
            8.1,
            8.6,
            9.1,
            9.6,
            10.1,
            10.6,
            11.1,
            11.6,
            12.1,
            12.6,
            13.1,
            13.6,
            14.1,
            14.6,
            15.1,
            15.6,
            16.1,
            16.6,
            17.1,
            17.6,
            18.1,
            18.6,
            19.1
        ]
    }
}