{
    "luminosity_distance": 195.22213507100344,
    "beta": 1.0229231976614088,
    "log10_kappa_r": -0.7823069776818465,
    "KNtimeshift": -1.6098091592824737,
    "log10_vej": -1.9857623635220505,
    "log10_mej": -2.961584757648881,
    "Ebv": 0.5582177756924155,
    "log_likelihood": -29.89722190372455,
    "log_prior": -12.650376409694571,
    "Best fit index": 5154,
    "Magnitudes": {
        "ztfg": [
            26.762765750711097,
            24.937982519893374,
            24.174009408547505,
            23.499518295568635,
            22.99403843085006,
            22.583643969637464,
            22.225404129231762,
            21.89124051830499,
            21.67732824727444,
            21.4583237127298,
            21.282742331706032,
            21.086075872686614,
            20.98017644144315,
            20.785851536745483,
            20.617249260152597,
            20.472206048564225,
            20.348970724228394,
            20.2461195498557,
            20.162499502341554,
            20.09718559838734,
            20.049454382525013,
            20.01876534573541,
            20.004754127537332,
            20.007231675396504,
            20.02619512009069,
            20.06184537178971,
            20.114620413829314,
            20.185239102958327,
            20.274770935892306,
            20.384724977836626,
            Infinity
        ],
        "bestfit_sample_times": [
            0.1,
            0.6,
            1.1,
            1.6,
            2.1,
            2.6,
            3.1,
            3.6,
            4.1,
            4.6,
            5.1,
            5.6,
            6.1,
            6.6,
            7.1,
            7.6,
            8.1,
            8.6,
            9.1,
            9.6,
            10.1,
            10.6,
            11.1,
            11.6,
            12.1,
            12.6,
            13.1,
            13.6,
            14.1,
            14.6,
            15.1
        ]
    }
}