{
    "luminosity_distance": 194.91261688249432,
    "beta": 1.0257171467598556,
    "log10_kappa_r": -0.9137106803516076,
    "KNtimeshift": -1.2786144801666688,
    "log10_vej": -1.990627150117973,
    "log10_mej": -2.8523755927812404,
    "Ebv": 0.5708737267264538,
    "log_likelihood": -35.8129595197111,
    "log_prior": -14.87953678563969,
    "Best fit index": 5177,
    "Magnitudes": {
        "ztfg": [
            26.740095592222715,
            24.865629150585008,
            24.113635436820317,
            23.447490537296282,
            22.94762328290696,
            22.48302800653957,
            22.123035626158682,
            21.843021490748434,
            21.567563908305424,
            21.34311478422348,
            21.16156325087401,
            20.956832693748588,
            20.844027605102454,
            20.63912315109817,
            20.459465296190068,
            20.30286851531873,
            20.167549461618762,
            20.052041633303496,
            19.955136071581393,
            19.8758368146219,
            19.81333034195807,
            19.766963066157526,
            19.73622783941851,
            19.720755789050777,
            19.720315645475125,
            19.73481789150988,
            19.764327317955075,
            19.809081752209863,
            19.86952296932717,
            19.946337625622263,
            20.04051909976917,
            20.15344759425605,
            20.28701015481397,
            20.44375543979006,
            Infinity
        ],
        "bestfit_sample_times": [
            0.1,
            0.6,
            1.1,
            1.6,
            2.1,
            2.6,
            3.1,
            3.6,
            4.1,
            4.6,
            5.1,
            5.6,
            6.1,
            6.6,
            7.1,
            7.6,
            8.1,
            8.6,
            9.1,
            9.6,
            10.1,
            10.6,
            11.1,
            11.6,
            12.1,
            12.6,
            13.1,
            13.6,
            14.1,
            14.6,
            15.1,
            15.6,
            16.1,
            16.6,
            17.1
        ]
    }
}