{
    "luminosity_distance": 186.7111828356379,
    "beta": 4.914468035701871,
    "log10_kappa_r": 1.1987896739887272,
    "KNtimeshift": -1.69701724139498,
    "log10_vej": -1.7871669956017653,
    "log10_mej": -2.342830376571102,
    "Ebv": 0.5390912374077644,
    "log_likelihood": -9.58664820461987,
    "log_prior": -11.7965452775301,
    "Best fit index": 3290,
    "Magnitudes": {
        "ztfg": [
            28.248479719049442,
            25.60470208004333,
            24.81513478130246,
            23.720192951156264,
            22.932997021885356,
            22.325505613282182,
            21.882703136912433,
            21.562978304766162,
            21.351123264419904,
            21.24450816761165,
            Infinity
        ],
        "bestfit_sample_times": [
            0.1,
            0.6,
            1.1,
            1.6,
            2.1,
            2.6,
            3.1,
            3.6,
            4.1,
            4.6,
            5.1
        ]
    }
}