{
    "luminosity_distance": 199.67469199749056,
    "beta": 1.0514170535462968,
    "log10_kappa_r": -0.7606357353981897,
    "KNtimeshift": -1.6518330707070883,
    "log10_vej": -1.9960926962364676,
    "log10_mej": -2.877680574336966,
    "Ebv": 0.4798145930282042,
    "log_likelihood": -20.957886259192588,
    "log_prior": -10.774234243673018,
    "Best fit index": 4010,
    "Magnitudes": {
        "ztfg": [
            26.29792861822372,
            24.645712283240478,
            23.85740796754714,
            23.245386456116734,
            22.703886427586177,
            22.30868777011912,
            21.967781501617637,
            21.70852462781623,
            21.45853205915197,
            21.261194879569608,
            21.108391134010766,
            20.994020190647646,
            20.856307469929398,
            20.748543029695632,
            20.725189907675613,
            20.6125066023221,
            20.523344206138965,
            20.45648390491516,
            20.411032442901927,
            20.386390214505923,
            20.38225069184098,
            20.398604229205986,
            Infinity
        ],
        "bestfit_sample_times": [
            0.1,
            0.6,
            1.1,
            1.6,
            2.1,
            2.6,
            3.1,
            3.6,
            4.1,
            4.6,
            5.1,
            5.6,
            6.1,
            6.6,
            7.1,
            7.6,
            8.1,
            8.6,
            9.1,
            9.6,
            10.1,
            10.6,
            11.1
        ]
    }
}