{
    "luminosity_distance": 181.0275893630761,
    "KNtimeshift": -0.0936067585897359,
    "inclination_EM": 0.1609863948156009,
    "log10_n0": -2.755232900856408,
    "p": 2.069672890574495,
    "log10_epsilon_e": -1.006381702076975,
    "log10_epsilon_B": -1.2609003252005917,
    "Ebv": 0.1769447322550281,
    "log10_E0": 53.0,
    "thetaCore": 0.05,
    "thetaWing": 0.1,
    "ksiN": 1.0,
    "L0": 0.0,
    "dL": 3.09e+19,
    "b": 6.0,
    "q": 0.0,
    "ts": 0.0,
    "log_likelihood": -26.557215782944134,
    "log_prior": -9.282284022506722,
    "log_bayes_factor": -36.55727759052664,
    "Best fit index": 4770,
    "Magnitudes": {
        "ztfg": [
            32.5573057641012,
            24.08000341558133,
            22.03924568171852,
            21.319507515013512,
            20.99662671321954,
            20.84002216683431,
            20.73343304310953,
            20.664027397847697,
            20.615752652308323,
            20.578228676019783,
            20.55698453122779,
            20.539882206481025,
            20.53190207170473,
            20.524169544406362,
            20.524563526056248,
            20.524957507706134,
            20.52691921205289,
            20.533156498414332,
            20.53939378477578,
            20.545631071137223,
            20.55662780245353,
            20.567993255241056,
            20.579358708028582,
            20.59072416081611,
            20.605912154631653,
            20.621584171201377,
            20.637256187771094
        ],
        "bestfit_sample_times": [
            0.1,
            0.6,
            1.1,
            1.6,
            2.1,
            2.6,
            3.1,
            3.6,
            4.1,
            4.6,
            5.1,
            5.6,
            6.1,
            6.6,
            7.1,
            7.6,
            8.1,
            8.6,
            9.1,
            9.6,
            10.1,
            10.6,
            11.1,
            11.6,
            12.1,
            12.6,
            13.1
        ]
    }
}