{
    "luminosity_distance": 156.39603811266002,
    "KNtimeshift": -0.091672479452263,
    "inclination_EM": 0.1632648744217376,
    "log10_n0": -2.225444952855469,
    "p": 2.064022285661025,
    "log10_epsilon_e": -1.104469223808331,
    "log10_epsilon_B": -2.0853940915051075,
    "Ebv": 0.0952875871328965,
    "log10_E0": 53.0,
    "thetaCore": 0.05,
    "thetaWing": 0.1,
    "ksiN": 1.0,
    "L0": 0.0,
    "dL": 3.09e+19,
    "b": 6.0,
    "q": 0.0,
    "ts": 0.0,
    "log_likelihood": -17.836249268049936,
    "log_prior": -9.080638899179371,
    "log_bayes_factor": -26.32625769558655,
    "Best fit index": 4395,
    "Magnitudes": {
        "ztfg": [
            31.2659945215279,
            23.27364150222609,
            21.812415062401325,
            21.36085163541223,
            21.156780655890408,
            21.044951801974623,
            20.97545136179251,
            20.927222618200297,
            20.909662295852364,
            20.893495690011335,
            20.89193837017889,
            20.893173575836464,
            20.895616473847983,
            20.90848659202406,
            20.921356710200136,
            20.934226828376215,
            20.952266900407235,
            20.974230772422466,
            20.996194644437693
        ],
        "bestfit_sample_times": [
            0.1,
            0.6,
            1.1,
            1.6,
            2.1,
            2.6,
            3.1,
            3.6,
            4.1,
            4.6,
            5.1,
            5.6,
            6.1,
            6.6,
            7.1,
            7.6,
            8.1,
            8.6,
            9.1
        ]
    }
}