{
    "luminosity_distance": 168.90123135795534,
    "KNtimeshift": -0.0957123359366028,
    "inclination_EM": 0.157869565839858,
    "log10_n0": -2.67819809991515,
    "p": 2.080222565916604,
    "log10_epsilon_e": -1.008746830950246,
    "log10_epsilon_B": -1.957688939447287,
    "Ebv": 0.0063154861793747,
    "log10_E0": 53.0,
    "thetaCore": 0.05,
    "thetaWing": 0.1,
    "ksiN": 1.0,
    "L0": 0.0,
    "dL": 3.09e+19,
    "b": 6.0,
    "q": 0.0,
    "ts": 0.0,
    "log_likelihood": -22.09721781619792,
    "log_prior": -8.942963095285183,
    "log_bayes_factor": -31.51167262541861,
    "Best fit index": 4790,
    "Magnitudes": {
        "ztfg": [
            31.570709347130652,
            23.477514714872633,
            21.77507463935906,
            21.280077481795004,
            21.05899840952596,
            20.943064128926334,
            20.872467970980757,
            20.82654713612445,
            20.79325540628452,
            20.77795115595579,
            20.76379082153002,
            20.76256654852186,
            20.761342275513698,
            20.76479418000566,
            20.771154136870997,
            20.777514093736336,
            20.787385503255493,
            20.800111942071105,
            20.812838380886713,
            20.825564819702322,
            20.84171708979995,
            20.85907316147666,
            20.876429233153367
        ],
        "bestfit_sample_times": [
            0.1,
            0.6,
            1.1,
            1.6,
            2.1,
            2.6,
            3.1,
            3.6,
            4.1,
            4.6,
            5.1,
            5.6,
            6.1,
            6.6,
            7.1,
            7.6,
            8.1,
            8.6,
            9.1,
            9.6,
            10.1,
            10.6,
            11.1
        ]
    }
}