{
    "luminosity_distance": 152.61622313389032,
    "KNtimeshift": -0.0948679149123421,
    "inclination_EM": 0.159734538255483,
    "log10_n0": -2.741938286021007,
    "p": 2.065601768081636,
    "log10_epsilon_e": -1.5456344546905096,
    "log10_epsilon_B": -0.9636408372556732,
    "Ebv": 0.0330657003049656,
    "log10_E0": 53.0,
    "thetaCore": 0.05,
    "thetaWing": 0.1,
    "ksiN": 1.0,
    "L0": 0.0,
    "dL": 3.09e+19,
    "b": 6.0,
    "q": 0.0,
    "ts": 0.0,
    "log_likelihood": -30.83338802651995,
    "log_prior": -8.979725624171216,
    "Best fit index": 5062,
    "Magnitudes": {
        "ztfg": [
            32.05777080326286,
            23.762845269368643,
            21.82694886551771,
            21.18820050267438,
            20.910149443720186,
            20.76813474285715,
            20.673709584072302,
            20.60885206647614,
            20.565064331338426,
            20.538416096786747,
            20.518710275317066,
            20.50769455123188,
            20.5016184833839,
            20.49965672731787,
            20.500105402004845,
            20.50425345039404,
            20.508401498783236,
            20.516689555360067,
            20.52572871118376,
            20.534767867007453,
            20.547542881994644,
            20.56109365912781,
            20.574644436260975,
            20.589086728699435,
            20.606167349560128,
            20.62324797042082,
            20.64032859128151,
            20.657457802604124,
            20.67737189903631,
            20.697285995468494,
            20.71720009190068
        ],
        "bestfit_sample_times": [
            0.1,
            0.6,
            1.1,
            1.6,
            2.1,
            2.6,
            3.1,
            3.6,
            4.1,
            4.6,
            5.1,
            5.6,
            6.1,
            6.6,
            7.1,
            7.6,
            8.1,
            8.6,
            9.1,
            9.6,
            10.1,
            10.6,
            11.1,
            11.6,
            12.1,
            12.6,
            13.1,
            13.6,
            14.1,
            14.6,
            15.1
        ]
    }
}