{
    "luminosity_distance": 163.1934405991205,
    "KNtimeshift": -0.083329424911286,
    "inclination_EM": 0.1695316263754213,
    "log10_n0": -1.4066496161290116,
    "p": 2.138989794875607,
    "log10_epsilon_e": -1.2628651388873804,
    "log10_epsilon_B": -2.929844146568582,
    "Ebv": 0.1784213865029716,
    "log10_E0": 53.0,
    "thetaCore": 0.05,
    "thetaWing": 0.1,
    "ksiN": 1.0,
    "L0": 0.0,
    "dL": 3.09e+19,
    "b": 6.0,
    "q": 0.0,
    "ts": 0.0,
    "log_likelihood": -5.732723622682721,
    "log_prior": -9.23477701974105,
    "log_bayes_factor": -10.793347438440646,
    "Best fit index": 3597,
    "Magnitudes": {
        "ztfg": [
            29.792096749989675,
            22.859243910846324,
            21.98435956236372,
            21.738457134596636,
            21.588586868830774,
            21.554100155509357,
            21.551378891115164
        ],
        "bestfit_sample_times": [
            0.1,
            0.6,
            1.1,
            1.6,
            2.1,
            2.6,
            3.1
        ]
    }
}