{"ztfg": [[44244.010220524, 24.11997982132398, 0.0], [44244.510220524, 19.851054382927835, 0.0], [44245.010220524, 19.109176388734376, 0.0], [44245.510220524, 18.866555930374552, 0.0], [44246.010220524, 18.67891549620805, 0.0], [44246.510220524, 18.518975159112394, 0.0], [44247.010220524, 18.379598797812776, 0.0], [44247.510220524, 18.256095856508118, 0.0], [44248.010220524, 18.14521757908595, 0.0], [44248.510220524, 18.044620633106632, 0.0], [44249.010220524, 17.952559072182318, 0.0], [44249.510220524, 17.867697089082114, 0.0], [44250.010220524, 17.7889898314765, 0.0], [44250.510220524, 17.715604593687488, 0.0], [44251.010220524, 17.646867007089725, 0.0], [44251.510220524, 17.586965118986292, 0.0], [44252.010220524, 17.53493321814387, 0.0], [44252.510220524, 17.485281231585688, 0.0], [44253.010220524, 17.437800936351664, 0.0], [44253.510220524, 17.392310294681955, 0.0], [44254.010220524, 17.34864923951144, 0.0], [44254.510220524, 17.306676275173004, 0.0], [44255.010220524, 17.266265711113974, 0.0], [44255.510220524, 17.22730539223538, 0.0], [44256.010220524, 17.189694822563467, 0.0], [44256.510220524, 17.15608218126932, 0.0], [44257.010220524, 17.145575421416503, 0.0], [44257.510220524, 17.135169362641115, 0.0], [44258.010220524, 17.124862092933625, 0.0], [44258.510220524, 17.114651754227744, 0.0], [44259.010220524, 17.104536540390093, 0.0], [44259.510220524, 17.094514695302735, 0.0], [44260.010220524, 17.084584511033277, 0.0], [44260.510220524, 17.07474432608808, 0.0], [44261.010220524, 17.064992523743683, 0.0], [44261.510220524, 17.055327530452715, 0.0], [44262.010220524, 17.071183737869553, 0.0], [44262.510220524, 17.097046118437923, 0.0], [44263.010220524, 17.123539608014156, 0.0], [44263.510220524, 17.150695780063963, 0.0], [44264.010220524, 17.17854863833663, 0.0]], "ztfr": [[44244.010220524, 24.015396618029925, 0.0], [44244.510220524, 19.746471180772836, 0.0], [44245.010220524, 19.004593186590654, 0.0], [44245.510220524, 18.761972845373343, 0.0], [44246.010220524, 18.574332497006885, 0.0], [44246.510220524, 18.414392222206523, 0.0], [44247.010220524, 18.275015908192472, 0.0], [44247.510220524, 18.151513004005153, 0.0], [44248.010220524, 18.04063475649354, 0.0], [44248.510220524, 17.94003783513117, 0.0], [44249.010220524, 17.847976294821265, 0.0], [44249.510220524, 17.763114329235712, 0.0], [44250.010220524, 17.684407086695266, 0.0], [44250.510220524, 17.611021862002197, 0.0], [44251.010220524, 17.542284286893576, 0.0], [44251.510220524, 17.473813287619407, 0.0], [44252.010220524, 17.405638397959613, 0.0], [44252.510220524, 17.34149256019556, 0.0], [44253.010220524, 17.280926007512804, 0.0], [44253.510220524, 17.223560320168097, 0.0], [44254.010220524, 17.16907408985375, 0.0], [44254.510220524, 17.117192013041773, 0.0], [44255.010220524, 17.067676473855528, 0.0], [44255.510220524, 17.020320964232333, 0.0], [44256.010220524, 16.97494488018812, 0.0], [44256.510220524, 16.934126037322464, 0.0], [44257.010220524, 16.916729317866213, 0.0], [44257.510220524, 16.899606955301707, 0.0], [44258.010220524, 16.88275043025927, 0.0], [44258.510220524, 16.866151614127062, 0.0], [44259.010220524, 16.84980274551331, 0.0], [44259.510220524, 16.83369640845457, 0.0], [44260.010220524, 16.81782551221685, 0.0], [44260.510220524, 16.8021832725519, 0.0], [44261.010220524, 16.78676319428464, 0.0], [44261.510220524, 16.77155905511988, 0.0], [44262.010220524, 16.78350388368102, 0.0], [44262.510220524, 16.805901749684544, 0.0], [44263.010220524, 16.828771415614533, 0.0], [44263.510220524, 16.85213318641378, 0.0], [44264.010220524, 16.87600870670748, 0.0]]}