{"ztfg": [[44244.01021981534, 19.969090545357993, 0.0], [44244.51021981534, 15.70016510702306, 0.0], [44245.01021981534, 14.958287112830206, 0.0], [44245.51021981534, 14.711771719962663, 0.0], [44246.01021981534, 14.524748569162156, 0.0], [44246.51021981534, 14.365256631861143, 0.0], [44247.01021981534, 14.226220754401048, 0.0], [44247.51021981534, 14.10298515457665, 0.0], [44248.01021981534, 13.992322358870751, 0.0], [44248.51021981534, 13.891902790546276, 0.0], [44249.01021981534, 13.799989789212425, 0.0], [44249.51021981534, 13.715254042987304, 0.0], [44250.01021981534, 13.636655379300379, 0.0], [44250.51021981534, 13.563364549578786, 0.0], [44251.01021981534, 13.494709794461876, 0.0], [44251.51021981534, 13.430367845827597, 0.0], [44252.01021981534, 13.369999479862493, 0.0], [44252.51021981534, 13.312811610979999, 0.0], [44253.01021981534, 13.258485817370719, 0.0], [44253.51021981534, 13.206749225350144, 0.0], [44254.01021981534, 13.157366216149974, 0.0], [44254.51021981534, 13.110131938307717, 0.0], [44255.01021981534, 13.064867173535625, 0.0], [44255.51021981534, 13.021414230753479, 0.0], [44256.01021981534, 12.979633630690472, 0.0], [44256.51021981534, 12.939401405148189, 0.0], [44257.01021981534, 12.922714901800568, 0.0], [44257.51021981534, 12.908717783274305, 0.0], [44258.01021981534, 12.894898818822071, 0.0], [44258.51021981534, 12.881253530323022, 0.0], [44259.01021981534, 12.867777606407309, 0.0], [44259.51021981534, 12.854466894278453, 0.0], [44260.01021981534, 12.84131739203093, 0.0], [44260.51021981534, 12.828325241427464, 0.0], [44261.01021981534, 12.815486721103298, 0.0], [44261.51021981534, 12.80279824016771, 0.0], [44262.01021981534, 12.807244395476921, 0.0], [44262.51021981534, 12.834376940012056, 0.0], [44263.01021981534, 12.86220494338832, 0.0], [44263.51021981534, 12.890764997452038, 0.0], [44264.01021981534, 12.920096660199775, 0.0]], "ztfr": [[44244.01021981534, 19.821106974009155, 0.0], [44244.51021981534, 15.552181536730053, 0.0], [44245.01021981534, 14.81030354254765, 0.0], [44245.51021981534, 14.563788116300486, 0.0], [44246.01021981534, 14.376764940461207, 0.0], [44246.51021981534, 14.217272984962896, 0.0], [44247.01021981534, 14.078237093680002, 0.0], [44247.51021981534, 13.95500148299918, 0.0], [44248.01021981534, 13.844338678540858, 0.0], [44248.51021981534, 13.743919103010377, 0.0], [44249.01021981534, 13.652006095640353, 0.0], [44249.51021981534, 13.567270344285404, 0.0], [44250.01021981534, 13.488671676185128, 0.0], [44250.51021981534, 13.415380842626355, 0.0], [44251.01021981534, 13.34672608414251, 0.0], [44251.51021981534, 13.279983188697003, 0.0], [44252.01021981534, 13.213578021222311, 0.0], [44252.51021981534, 13.151001261607732, 0.0], [44253.01021981534, 13.091835436205905, 0.0], [44253.51021981534, 13.035727841035353, 0.0], [44254.01021981534, 12.982377799653413, 0.0], [44254.51021981534, 12.931526908133513, 0.0], [44255.01021981534, 12.88295146433613, 0.0], [44255.51021981534, 12.836456519630282, 0.0], [44256.01021981534, 12.791871152917395, 0.0], [44256.51021981534, 12.749044677415291, 0.0], [44257.01021981534, 12.72990719962619, 0.0], [44257.51021981534, 12.713527757807498, 0.0], [44258.01021981534, 12.69739174874767, 0.0], [44258.51021981534, 12.681492042444397, 0.0], [44259.01021981534, 12.665821817629833, 0.0], [44259.51021981534, 12.650374544199344, 0.0], [44260.01021981534, 12.635143966872775, 0.0], [44260.51021981534, 12.620124089985985, 0.0], [44261.01021981534, 12.605309163320001, 0.0], [44261.51021981534, 12.590693668884114, 0.0], [44262.01021981534, 12.591896506439106, 0.0], [44262.51021981534, 12.613855073407507, 0.0], [44263.01021981534, 12.636266926633859, 0.0], [44263.51021981534, 12.65915117547469, 0.0], [44264.01021981534, 12.682528163754483, 0.0]]}