{"ztfg": [[44244.010219462274, 21.422306006554745, 0.0], [44244.510219462274, 17.15338056814046, 0.0], [44245.010219462274, 16.411502573946816, 0.0], [44245.510219462274, 16.169635435199492, 0.0], [44246.010219462274, 15.98187546204326, 0.0], [44246.510219462274, 15.821848341678024, 0.0], [44247.010219462274, 15.682406111722937, 0.0], [44247.510219462274, 15.558851468868259, 0.0], [44248.010219462274, 15.447931530185816, 0.0], [44248.510219462274, 15.347300297393044, 0.0], [44249.010219462274, 15.255210025283436, 0.0], [44249.510219462274, 15.170323648853643, 0.0], [44250.010219462274, 15.091595409855326, 0.0], [44250.510219462274, 15.018191933551503, 0.0], [44251.010219462274, 14.949438346456002, 0.0], [44251.510219462274, 14.889290380943219, 0.0], [44252.010219462274, 14.836400309864356, 0.0], [44252.510219462274, 14.785967465260743, 0.0], [44253.010219462274, 14.737773626783682, 0.0], [44253.510219462274, 14.691628411792, 0.0], [44254.010219462274, 14.647364732954347, 0.0], [44254.510219462274, 14.604835146154155, 0.0], [44255.010219462274, 14.563908887174794, 0.0], [44255.510219462274, 14.524469446930848, 0.0], [44256.010219462274, 14.486412571904314, 0.0], [44256.510219462274, 14.453399715917005, 0.0], [44257.010219462274, 14.442488573442798, 0.0], [44257.510219462274, 14.431685992770635, 0.0], [44258.010219462274, 14.420989834866663, 0.0], [44258.510219462274, 14.410398023300086, 0.0], [44259.010219462274, 14.39990854182378, 0.0], [44259.510219462274, 14.389519432070696, 0.0], [44260.010219462274, 14.379228791359456, 0.0], [44260.510219462274, 14.369034770602948, 0.0], [44261.010219462274, 14.35893557231417, 0.0], [44261.510219462274, 14.348929448704038, 0.0], [44262.010219462274, 14.36680626915216, 0.0], [44262.510219462274, 14.392825908841456, 0.0], [44263.010219462274, 14.419484451125637, 0.0], [44263.510219462274, 14.446814063555788, 0.0], [44264.010219462274, 14.474849405921834, 0.0]], "ztfr": [[44244.010219462274, 21.33713076889942, 0.0], [44244.510219462274, 17.068205331666373, 0.0], [44245.010219462274, 16.326327337484425, 0.0], [44245.510219462274, 16.084460324197128, 0.0], [44246.010219462274, 15.896700442514277, 0.0], [44246.510219462274, 15.736673388550852, 0.0], [44247.010219462274, 15.597231208991314, 0.0], [44247.510219462274, 15.473676605690908, 0.0], [44248.010219462274, 15.362756698880052, 0.0], [44248.510219462274, 15.262125492316368, 0.0], [44249.010219462274, 15.170035242169899, 0.0], [44249.510219462274, 15.085148884399782, 0.0], [44250.010219462274, 15.006420661450836, 0.0], [44250.510219462274, 14.933017199098014, 0.0], [44251.010219462274, 14.86426362424142, 0.0], [44251.510219462274, 14.794998113811932, 0.0], [44252.010219462274, 14.725763166684697, 0.0], [44252.510219462274, 14.660679763464113, 0.0], [44253.010219462274, 14.59927806536405, 0.0], [44253.510219462274, 14.541163739012756, 0.0], [44254.010219462274, 14.486002596968891, 0.0], [44254.510219462274, 14.4335089555281, 0.0], [44255.010219462274, 14.383436679894945, 0.0], [44255.510219462274, 14.335572205065308, 0.0], [44256.010219462274, 14.28972903136842, 0.0], [44256.510219462274, 14.249494850312285, 0.0], [44257.010219462274, 14.231673266659552, 0.0], [44257.510219462274, 14.214139493713159, 0.0], [44258.010219462274, 14.196884382989769, 0.0], [44258.510219462274, 14.17989921538754, 0.0], [44259.010219462274, 14.163175674728965, 0.0], [44259.510219462274, 14.146705823310601, 0.0], [44260.010219462274, 14.130482079279755, 0.0], [44260.510219462274, 14.114497195676694, 0.0], [44261.010219462274, 14.098744240997345, 0.0], [44261.510219462274, 14.083216581146093, 0.0], [44262.010219462274, 14.097150550772763, 0.0], [44262.510219462274, 14.119494925948604, 0.0], [44263.010219462274, 14.142308826522541, 0.0], [44263.510219462274, 14.165612409210144, 0.0], [44264.010219462274, 14.18942715724376, 0.0]]}