{"ztfg": [[44244.01021887974, 41.338432178298135, 0.0], [44244.51021887974, 16.48277442257903, 0.0], [44245.01021887974, 15.566032477355272, 0.0], [44245.51021887974, 15.387188326245575, 0.0], [44246.01021887974, 15.383614933440846, 0.0], [44246.51021887974, 15.428084129544782, 0.0], [44247.01021887974, 15.494802219749236, 0.0], [44247.51021887974, 15.572139875158701, 0.0], [44248.01021887974, 15.655900450003184, 0.0], [44248.51021887974, 15.744009317490459, 0.0], [44249.01021887974, 15.835807952832745, 0.0], [44249.51021887974, 15.927926012217135, 0.0], [44250.01021887974, 16.02135426882044, 0.0], [44250.51021887974, 16.114782525423745, 0.0], [44251.01021887974, 16.20917411277296, 0.0], [44251.51021887974, 16.30401496858427, 0.0], [44252.01021887974, 16.39885582439558, 0.0], [44252.51021887974, 16.496228309529698, 0.0], [44253.01021887974, 16.59397663157381, 0.0], [44253.51021887974, 16.691724953617918, 0.0], [44254.01021887974, 16.79060441974674, 0.0], [44254.51021887974, 16.890774901802583, 0.0], [44255.01021887974, 16.99094538385843, 0.0], [44255.51021887974, 17.091115865914276, 0.0], [44256.01021887974, 17.190553198247272, 0.0], [44256.51021887974, 17.288603931973565, 0.0], [44257.01021887974, 17.386654665699858, 0.0], [44257.51021887974, 17.484705399426147, 0.0], [44258.01021887974, 17.58275613315244, 0.0], [44258.51021887974, 17.67791364357259, 0.0], [44259.01021887974, 17.767840432709722, 0.0], [44259.51021887974, 17.857767221846853, 0.0], [44260.01021887974, 17.947694010983984, 0.0], [44260.51021887974, 18.03762080012111, 0.0], [44261.01021887974, 18.127547589258242, 0.0], [44261.51021887974, 18.21387847125454, 0.0], [44262.01021887974, 18.292379978094502, 0.0], [44262.51021887974, 18.370881484934465, 0.0], [44263.01021887974, 18.44938299177443, 0.0], [44263.51021887974, 18.527884498614394, 0.0], [44264.01021887974, 18.606386005454358, 0.0]], "ztfr": [[44244.01021887974, 41.18198669873788, 0.0], [44244.51021887974, 16.160842928199276, 0.0], [44245.01021887974, 15.243288175922189, 0.0], [44245.51021887974, 15.064425015432516, 0.0], [44246.01021887974, 15.060851434468841, 0.0], [44246.51021887974, 15.105320630572777, 0.0], [44247.01021887974, 15.17203872077723, 0.0], [44247.51021887974, 15.249376376186696, 0.0], [44248.01021887974, 15.333136951031179, 0.0], [44248.51021887974, 15.42124581851846, 0.0], [44249.01021887974, 15.513044453860747, 0.0], [44249.51021887974, 15.605162513245133, 0.0], [44250.01021887974, 15.69859076984844, 0.0], [44250.51021887974, 15.792019026451747, 0.0], [44251.01021887974, 15.886410613800962, 0.0], [44251.51021887974, 15.981251469612268, 0.0], [44252.01021887974, 16.076092325423577, 0.0], [44252.51021887974, 16.173464810557697, 0.0], [44253.01021887974, 16.271213132601805, 0.0], [44253.51021887974, 16.368961454645913, 0.0], [44254.01021887974, 16.467840920774734, 0.0], [44254.51021887974, 16.568011402830578, 0.0], [44255.01021887974, 16.668181884886426, 0.0], [44255.51021887974, 16.76835236694227, 0.0], [44256.01021887974, 16.867789699275267, 0.0], [44256.51021887974, 16.96584043300156, 0.0], [44257.01021887974, 17.06389116672785, 0.0], [44257.51021887974, 17.161941900454142, 0.0], [44258.01021887974, 17.25999263418043, 0.0], [44258.51021887974, 17.355150144600582, 0.0], [44259.01021887974, 17.445076933737713, 0.0], [44259.51021887974, 17.535003722874844, 0.0], [44260.01021887974, 17.624930512011975, 0.0], [44260.51021887974, 17.714857301149106, 0.0], [44261.01021887974, 17.804784090286237, 0.0], [44261.51021887974, 17.891114972282534, 0.0], [44262.01021887974, 17.969616479122497, 0.0], [44262.51021887974, 18.04811798596246, 0.0], [44263.01021887974, 18.126619492802426, 0.0], [44263.51021887974, 18.20512099964239, 0.0], [44264.01021887974, 18.283622506482352, 0.0]]}