{
    "luminosity_distance": 32.55371101111491,
    "beta": 3.506347946670334,
    "log10_kappa_r": 0.4106934079132771,
    "timeshift": 0.8097402564002367,
    "log10_vej": -1.171188389960472,
    "log10_mej": -0.5441602363009022,
    "Ebv": 0.0,
    "log_likelihood": -8.34936312382263,
    "log_prior": -10.203592144986466,
    "log_bayes_factor": -12.711430652470058,
    "log_bayes_factor_err": 0.050886176405047175,
    "Best fit index": 3586,
    "Magnitudes": {
        "ztfg": [
            17.92696062055756,
            16.573330761180102,
            18.892538040142114,
            18.077923522480177,
            19.044706103779042,
            19.349851696266107,
            19.721368957788727,
            20.045967038868923,
            Infinity
        ],
        "ztfr": [
            18.254217277057492,
            16.70621211587902,
            18.315938249592897,
            17.578474997990675,
            18.218834376373287,
            18.37831797446446,
            18.589616545651502,
            18.78818044830195,
            Infinity
        ],
        "bestfit_sample_times": [
            0.9097402564002367,
            1.4097402564002368,
            1.9097402564002368,
            2.409740256400237,
            2.909740256400237,
            3.409740256400237,
            3.909740256400237,
            4.409740256400237,
            4.909740256400236
        ]
    },
    "chi2_per_dof": 0.005799179613098951,
    "chi2_per_dof_per_filt": {
        "ztfg": 0.0071404441479862605,
        "ztfr": 0.004122598944489813
    }
}