{
    "luminosity_distance": 151.97384010973988,
    "KNtimeshift": -0.0970505542167973,
    "inclination_EM": 0.166123809351514,
    "log10_n0": -1.727798932291447,
    "p": 2.172017256448838,
    "log10_epsilon_e": -0.4531177671818351,
    "log10_epsilon_B": -1.9010707230009167,
    "Ebv": 0.0649151822268599,
    "log10_E0": 53.0,
    "thetaCore": 0.05,
    "thetaWing": 0.1,
    "ksiN": 1.0,
    "L0": 0.0,
    "dL": 3.09e+19,
    "b": 6.0,
    "q": 0.0,
    "ts": 0.0,
    "log_likelihood": -9.52281282099506,
    "log_prior": -9.001721997200201,
    "log_bayes_factor": -16.543892194245977,
    "Best fit index": 4761,
    "Magnitudes": {
        "ztfg": [
            28.02587972203834,
            18.506329147776874,
            17.492535970377197,
            17.21887987484975,
            17.10075307879653,
            17.03483399611523,
            17.022666643602232,
            17.020859318273963,
            17.022140275585024,
            17.04784151467557,
            17.073542753766116
        ],
        "bestfit_sample_times": [
            0.1,
            0.6,
            1.1,
            1.6,
            2.1,
            2.6,
            3.1,
            3.6,
            4.1,
            4.6,
            5.1
        ]
    }
}