{
    "luminosity_distance": 155.08571269899898,
    "KNtimeshift": -0.099983924393864,
    "inclination_EM": 0.1651514650294433,
    "log10_n0": -2.611761195731366,
    "p": 2.0757018499973765,
    "log10_epsilon_e": -0.0081671005189534,
    "log10_epsilon_B": -0.9769310237537424,
    "Ebv": 0.0040839485235398,
    "log10_E0": 53.0,
    "thetaCore": 0.05,
    "thetaWing": 0.1,
    "ksiN": 1.0,
    "L0": 0.0,
    "dL": 3.09e+19,
    "b": 6.0,
    "q": 0.0,
    "ts": 0.0,
    "log_likelihood": -36.00103527962157,
    "log_prior": -8.89432764238957,
    "log_bayes_factor": -51.86727629240023,
    "Best fit index": 6991,
    "Magnitudes": {
        "ztfg": [
            31.61522188484055,
            20.122513572131993,
            17.849039496348865,
            17.056706981809047,
            16.716466422048768,
            16.536115883399802,
            16.416111080436348,
            16.33325897664323,
            16.275657733139134,
            16.234487088001195,
            16.20970106692931,
            16.19250490660967,
            16.18160562263858,
            16.177226159981906,
            16.174615981873586,
            16.1764036114534,
            16.17977041709427,
            16.185053429397087,
            16.193954696124337,
            16.20285596285159,
            16.214234325684075,
            16.227543971210093,
            16.240853616736114,
            16.255490130974778,
            16.272977619321164,
            16.290465107667554,
            16.30795259601394,
            16.327278116783464,
            16.34818640376703,
            16.369094690750597,
            16.390002977734163,
            16.411261268510597,
            16.434811025812685,
            16.458360783114774,
            16.481910540416866
        ],
        "bestfit_sample_times": [
            0.1,
            0.6,
            1.1,
            1.6,
            2.1,
            2.6,
            3.1,
            3.6,
            4.1,
            4.6,
            5.1,
            5.6,
            6.1,
            6.6,
            7.1,
            7.6,
            8.1,
            8.6,
            9.1,
            9.6,
            10.1,
            10.6,
            11.1,
            11.6,
            12.1,
            12.6,
            13.1,
            13.6,
            14.1,
            14.6,
            15.1,
            15.6,
            16.1,
            16.6,
            17.1
        ]
    }
}