{
    "luminosity_distance": 170.41517700027313,
    "KNtimeshift": -0.0965694317556219,
    "inclination_EM": 0.1572886287283097,
    "log10_n0": -2.8731275560487037,
    "p": 2.066233368382471,
    "log10_epsilon_e": -0.0157966362420554,
    "log10_epsilon_B": -0.7034573337895726,
    "Ebv": 0.0394992606564231,
    "log10_E0": 53.0,
    "thetaCore": 0.05,
    "thetaWing": 0.1,
    "ksiN": 1.0,
    "L0": 0.0,
    "dL": 3.09e+19,
    "b": 6.0,
    "q": 0.0,
    "ts": 0.0,
    "log_likelihood": -26.901963831963357,
    "log_prior": -9.007027380523043,
    "log_bayes_factor": -39.99960443818316,
    "Best fit index": 6431,
    "Magnitudes": {
        "ztfg": [
            31.06476528097049,
            19.658007770075248,
            17.64737519519595,
            17.007615950216305,
            16.728078190825805,
            16.59681282153853,
            16.508667936123096,
            16.45294455266234,
            16.41490503739487,
            16.386170589017112,
            16.372297737765752,
            16.36204903600475,
            16.35978237589968,
            16.357744755564983,
            16.3632242496527,
            16.368703743740415,
            16.37573640282521,
            16.387004941342408,
            16.3982734798596,
            16.409542018376793,
            16.425984296406796,
            16.442827391940305,
            16.45967048747381,
            16.47651358300732,
            16.49680133523566,
            16.517525261257397,
            16.538249187279135
        ],
        "bestfit_sample_times": [
            0.1,
            0.6,
            1.1,
            1.6,
            2.1,
            2.6,
            3.1,
            3.6,
            4.1,
            4.6,
            5.1,
            5.6,
            6.1,
            6.6,
            7.1,
            7.6,
            8.1,
            8.6,
            9.1,
            9.6,
            10.1,
            10.6,
            11.1,
            11.6,
            12.1,
            12.6,
            13.1
        ]
    }
}