{
    "luminosity_distance": 156.4936548745679,
    "KNtimeshift": -0.0963543220962175,
    "inclination_EM": 0.1576832258991131,
    "log10_n0": -2.542918677243466,
    "p": 2.0719122516853585,
    "log10_epsilon_e": -0.0425108364330895,
    "log10_epsilon_B": -0.8672017109377252,
    "Ebv": 0.2627779771325956,
    "log10_E0": 53.0,
    "thetaCore": 0.05,
    "thetaWing": 0.1,
    "ksiN": 1.0,
    "L0": 0.0,
    "dL": 3.09e+19,
    "b": 6.0,
    "q": 0.0,
    "ts": 0.0,
    "log_likelihood": -17.926487664706947,
    "log_prior": -9.547525429525326,
    "log_bayes_factor": -28.299150781270363,
    "Best fit index": 5619,
    "Magnitudes": {
        "ztfg": [
            29.80862720745862,
            18.95988829668889,
            17.482943028161994,
            17.04386993525943,
            16.863728128388836,
            16.76826656532438,
            16.709172309171194,
            16.668367693583615,
            16.65509563423515,
            16.643074783020353,
            16.645633440969302,
            16.65097893264495,
            16.657493516469998,
            16.674102046153568,
            16.690710575837137,
            16.707319105520707,
            16.728712333503424,
            16.75373696703393,
            16.778761600564437
        ],
        "bestfit_sample_times": [
            0.1,
            0.6,
            1.1,
            1.6,
            2.1,
            2.6,
            3.1,
            3.6,
            4.1,
            4.6,
            5.1,
            5.6,
            6.1,
            6.6,
            7.1,
            7.6,
            8.1,
            8.6,
            9.1
        ]
    }
}