{
    "luminosity_distance": 157.94378875134376,
    "KNtimeshift": -0.0997515861316767,
    "inclination_EM": 0.1559024686412984,
    "log10_n0": -2.9143076814602487,
    "p": 2.086337277764774,
    "log10_epsilon_e": -0.020483065397475,
    "log10_epsilon_B": -0.8655548870826864,
    "Ebv": 0.0047124461802124,
    "log10_E0": 53.0,
    "thetaCore": 0.05,
    "thetaWing": 0.1,
    "ksiN": 1.0,
    "L0": 0.0,
    "dL": 3.09e+19,
    "b": 6.0,
    "q": 0.0,
    "ts": 0.0,
    "log_likelihood": -40.62337087485248,
    "log_prior": -8.952570803477824,
    "Best fit index": 7127,
    "Magnitudes": {
        "ztfg": [
            30.643514264427438,
            19.309851196780386,
            17.318909448421294,
            16.72886519789444,
            16.484428357687587,
            16.365397752987704,
            16.28782847772949,
            16.236437420986324,
            16.20153336194875,
            16.178652379485065,
            16.16423028386103,
            16.1567553637724,
            16.154803386777957,
            16.154775180855086,
            16.15736665560562,
            16.16035269233916,
            16.168920376890004,
            16.17748806144085,
            16.187818810758866,
            16.198591902344653,
            16.20990881099675,
            16.22349421599941,
            16.237079621002067,
            16.251141175601486,
            16.26714350786349,
            16.2831458401255,
            16.299148172387504,
            16.316628008731573,
            16.334595417244515,
            16.352562825757456,
            16.370530234270397,
            16.39020187052309,
            16.410324387638184,
            16.430446904753275,
            16.45056942186837,
            16.470983093147957,
            16.49233701192738,
            16.5136909307068,
            16.535044849486226
        ],
        "bestfit_sample_times": [
            0.1,
            0.6,
            1.1,
            1.6,
            2.1,
            2.6,
            3.1,
            3.6,
            4.1,
            4.6,
            5.1,
            5.6,
            6.1,
            6.6,
            7.1,
            7.6,
            8.1,
            8.6,
            9.1,
            9.6,
            10.1,
            10.6,
            11.1,
            11.6,
            12.1,
            12.6,
            13.1,
            13.6,
            14.1,
            14.6,
            15.1,
            15.6,
            16.1,
            16.6,
            17.1,
            17.6,
            18.1,
            18.6,
            19.1
        ]
    }
}