{
    "luminosity_distance": 163.14816281208016,
    "KNtimeshift": -0.0949173273347373,
    "inclination_EM": 0.1927163557542127,
    "log10_n0": -0.3186246777779762,
    "p": 2.2459455163008784,
    "log10_epsilon_e": -0.8323484504715761,
    "log10_epsilon_B": -2.3130862275265778,
    "Ebv": 0.1134050081250168,
    "log10_E0": 53.0,
    "thetaCore": 0.05,
    "thetaWing": 0.1,
    "ksiN": 1.0,
    "L0": 0.0,
    "dL": 3.09e+19,
    "b": 6.0,
    "q": 0.0,
    "ts": 0.0,
    "log_likelihood": -5.659415057487844,
    "log_prior": -8.955257249046277,
    "log_bayes_factor": -10.777660079452769,
    "Best fit index": 3054,
    "Magnitudes": {
        "ztfg": [
            25.517204990700847,
            18.29354848224598,
            17.47864707256644,
            17.28647586262267,
            17.194684228551747,
            17.224014648064646,
            17.286690343620496
        ],
        "bestfit_sample_times": [
            0.1,
            0.6,
            1.1,
            1.6,
            2.1,
            2.6,
            3.1
        ]
    }
}