{
    "luminosity_distance": 155.7392000959448,
    "KNtimeshift": -0.0996572970898314,
    "inclination_EM": 0.1655611193845864,
    "log10_n0": -2.2590252396390573,
    "p": 2.079558784936603,
    "log10_epsilon_e": -0.179207271593925,
    "log10_epsilon_B": -1.1475663328909789,
    "Ebv": 0.0379081500161596,
    "log10_E0": 53.0,
    "thetaCore": 0.05,
    "thetaWing": 0.1,
    "ksiN": 1.0,
    "L0": 0.0,
    "dL": 3.09e+19,
    "b": 6.0,
    "q": 0.0,
    "ts": 0.0,
    "log_likelihood": -22.3313509773818,
    "log_prior": -8.953234068142315,
    "log_bayes_factor": -34.19382362429651,
    "Best fit index": 5792,
    "Magnitudes": {
        "ztfg": [
            29.796475147692526,
            19.186875887963488,
            17.459734971605595,
            16.94960413504394,
            16.70728006693599,
            16.572392473952483,
            16.49255231113777,
            16.442399053506108,
            16.40747333095141,
            16.395116703965904,
            16.383920726063057,
            16.385850038033958,
            16.387779350004855,
            16.39634047778827,
            16.409025843309223,
            16.421711208830175,
            16.438722304395835,
            16.45925048739617,
            16.479778670396506,
            16.50030685339684,
            16.526317470225123,
            16.55425455743564,
            16.58219164464616
        ],
        "bestfit_sample_times": [
            0.1,
            0.6,
            1.1,
            1.6,
            2.1,
            2.6,
            3.1,
            3.6,
            4.1,
            4.6,
            5.1,
            5.6,
            6.1,
            6.6,
            7.1,
            7.6,
            8.1,
            8.6,
            9.1,
            9.6,
            10.1,
            10.6,
            11.1
        ]
    }
}