{
    "luminosity_distance": 172.673337462656,
    "KNtimeshift": -0.087191135518496,
    "inclination_EM": 0.1588171879822625,
    "log10_n0": -2.165771995887985,
    "p": 2.064117187335936,
    "log10_epsilon_e": -0.1229017685838091,
    "log10_epsilon_B": -1.1173164146352532,
    "Ebv": 0.2222062491188949,
    "log10_E0": 53.0,
    "thetaCore": 0.05,
    "thetaWing": 0.1,
    "ksiN": 1.0,
    "L0": 0.0,
    "dL": 3.09e+19,
    "b": 6.0,
    "q": 0.0,
    "ts": 0.0,
    "log_likelihood": -13.724412279794558,
    "log_prior": -9.417285384957392,
    "log_bayes_factor": -22.558490537906717,
    "Best fit index": 4641,
    "Magnitudes": {
        "ztfg": [
            28.14221419375427,
            18.505692777622592,
            17.40704828818662,
            17.095448214361085,
            16.963375757727682,
            16.891956660194804,
            16.848814006749453,
            16.83972173163199,
            16.835168602963243,
            16.841236059866656,
            16.85589444377076,
            16.870552827674867,
            16.890521931886354,
            16.919758963620325,
            16.948995995354295
        ],
        "bestfit_sample_times": [
            0.1,
            0.6,
            1.1,
            1.6,
            2.1,
            2.6,
            3.1,
            3.6,
            4.1,
            4.6,
            5.1,
            5.6,
            6.1,
            6.6,
            7.1
        ]
    }
}