{
    "luminosity_distance": 182.9679775100529,
    "KNtimeshift": -0.0611094227150466,
    "supernova_mag_boost": -3.201152398969945,
    "Ebv": 0.2014966326658715,
    "log_likelihood": -34.94065106661467,
    "log_prior": -6.496052459639043,
    "log_bayes_factor": -38.65430628253593,
    "Best fit index": 2570,
    "Magnitudes": {
        "ztfg": [
            17.838780017112203,
            15.893401891312521,
            15.266709006467664,
            15.048185365192914,
            14.866360168695202,
            14.710661598553756,
            14.57451607212284,
            14.453555963794372,
            14.34473113876657,
            14.2458271416913,
            14.155185301729567,
            14.071531018639647,
            13.9938636354524,
            13.921383156486336,
            13.853439941153816,
            13.79306235589329,
            13.737781752328708,
            13.685179937458436,
            13.63500924872477,
            13.587054857156069,
            13.541129208328826,
            13.497067592206008,
            13.454724577464852,
            13.413971115462338,
            13.374692168374828,
            13.342765149036865,
            13.330564528630383,
            13.318499486762356,
            13.306567043304923,
            13.294764315321501,
            13.283088512885946,
            13.271536935124068,
            13.260106966463539,
            13.24879607307922,
            13.237601799521613,
            13.226521765517475,
            13.246535097862427,
            13.273166380023724,
            13.300467343294109
        ],
        "bestfit_sample_times": [
            0.1,
            0.6,
            1.1,
            1.6,
            2.1,
            2.6,
            3.1,
            3.6,
            4.1,
            4.6,
            5.1,
            5.6,
            6.1,
            6.6,
            7.1,
            7.6,
            8.1,
            8.6,
            9.1,
            9.6,
            10.1,
            10.6,
            11.1,
            11.6,
            12.1,
            12.6,
            13.1,
            13.6,
            14.1,
            14.6,
            15.1,
            15.6,
            16.1,
            16.6,
            17.1,
            17.6,
            18.1,
            18.6,
            19.1
        ]
    }
}