{
    "luminosity_distance": 181.16874073164212,
    "KNtimeshift": -0.051098561371637,
    "supernova_mag_boost": -3.1877900575235656,
    "Ebv": 0.2541132678529512,
    "log_likelihood": -16.554131091383393,
    "log_prior": -6.649041372977526,
    "log_bayes_factor": -19.901545002643918,
    "Best fit index": 2804,
    "Magnitudes": {
        "ztfg": [
            17.829531398827577,
            15.884153273027778,
            15.257664191521926,
            15.039103391701317,
            14.857252496772894,
            14.701535094989374,
            14.565375175804292,
            14.444403709616026,
            14.335569693256936,
            14.236658105451824,
            14.146009890751102,
            14.062350178389217,
            13.984678115578518,
            13.912193561402262,
            13.844246765278491,
            13.784199604428522,
            13.729347638630216,
            13.677134064263747,
            13.627316672691713
        ],
        "bestfit_sample_times": [
            0.1,
            0.6,
            1.1,
            1.6,
            2.1,
            2.6,
            3.1,
            3.6,
            4.1,
            4.6,
            5.1,
            5.6,
            6.1,
            6.6,
            7.1,
            7.6,
            8.1,
            8.6,
            9.1
        ]
    }
}