{
    "luminosity_distance": 189.94919810409385,
    "KNtimeshift": -0.0704560481964496,
    "supernova_mag_boost": -3.273758667363978,
    "Ebv": 0.1258276242212179,
    "log_likelihood": -20.23396807323197,
    "log_prior": -6.310392539923221,
    "log_bayes_factor": -23.67214807146806,
    "Best fit index": 2846,
    "Magnitudes": {
        "ztfg": [
            17.84519321434718,
            15.89981508854693,
            15.272332803828796,
            15.05395301558471,
            14.872227320248818,
            14.716601671193672,
            14.580511881459003,
            14.459595759580587,
            14.350806532164107,
            14.251931934750168,
            14.161314785568486,
            14.077681531811919,
            14.000032274737137,
            13.927567581051711,
            13.85963823611202,
            13.798869448614845,
            13.743178186159874,
            13.69020468906296,
            13.639695997094961,
            13.591432902076406,
            13.54522419806382,
            13.500902106067436,
            13.458318596655609
        ],
        "bestfit_sample_times": [
            0.1,
            0.6,
            1.1,
            1.6,
            2.1,
            2.6,
            3.1,
            3.6,
            4.1,
            4.6,
            5.1,
            5.6,
            6.1,
            6.6,
            7.1,
            7.6,
            8.1,
            8.6,
            9.1,
            9.6,
            10.1,
            10.6,
            11.1
        ]
    }
}