{
    "luminosity_distance": 198.43597866929196,
    "KNtimeshift": -0.0626041879882911,
    "supernova_mag_boost": -3.3844111120853357,
    "Ebv": 0.2256486178824868,
    "log_likelihood": -12.8752352805636,
    "log_prior": -6.563385977806526,
    "Best fit index": 2469,
    "Magnitudes": {
        "ztfg": [
            17.83400352017252,
            15.888625394372664,
            15.260186415232685,
            15.04198090244498,
            14.86037578092493,
            14.704838511922954,
            14.568816283686441,
            14.447953485607155,
            14.339207415885564,
            14.240368464280255,
            14.149781253243706,
            14.06617349923086,
            13.98854622238986,
            13.916100671041175,
            13.848188146819435
        ],
        "bestfit_sample_times": [
            0.1,
            0.6,
            1.1,
            1.6,
            2.1,
            2.6,
            3.1,
            3.6,
            4.1,
            4.6,
            5.1,
            5.6,
            6.1,
            6.6,
            7.1
        ]
    }
}