{
    "luminosity_distance": 184.28779140084848,
    "KNtimeshift": -0.0656369242067542,
    "supernova_mag_boost": -3.209845535073671,
    "Ebv": 0.2788760307562535,
    "log_likelihood": -27.588440390060107,
    "log_prior": -6.730034720049932,
    "Best fit index": 3002,
    "Magnitudes": {
        "ztfg": [
            17.845811807391097,
            15.900433681591384,
            15.273591390938567,
            15.055094983790017,
            14.87328862305127,
            14.71760385612141,
            14.581468879567044,
            14.460517096711225,
            14.351699009170392,
            14.252800576373762,
            14.162163409377602,
            14.078513106221617,
            14.0008491534653,
            13.92837166188163,
            13.860431071507737,
            13.799905892515039,
            13.744443338437645,
            13.691676809389211,
            13.641356304352396,
            13.593265060606665,
            13.547213910768615,
            13.50303678875962,
            13.460587114938999,
            13.4197348617616,
            13.380364151785553,
            13.348181536880833,
            13.335899428857669,
            13.323754706293936,
            13.311744329620108,
            13.299865359036925,
            13.288114950196157
        ],
        "bestfit_sample_times": [
            0.1,
            0.6,
            1.1,
            1.6,
            2.1,
            2.6,
            3.1,
            3.6,
            4.1,
            4.6,
            5.1,
            5.6,
            6.1,
            6.6,
            7.1,
            7.6,
            8.1,
            8.6,
            9.1,
            9.6,
            10.1,
            10.6,
            11.1,
            11.6,
            12.1,
            12.6,
            13.1,
            13.6,
            14.1,
            14.6,
            15.1
        ]
    }
}