{
    "luminosity_distance": 201.9813461625117,
    "KNtimeshift": -0.0687226561025372,
    "supernova_mag_boost": -3.4156443696526413,
    "Ebv": 0.4362950709897126,
    "log_likelihood": -5.520177684995593,
    "log_prior": -7.498567897817956,
    "Best fit index": 2244,
    "Magnitudes": {
        "ztfg": [
            17.84650187103583,
            15.901123745236639,
            15.272286053581873,
            15.05415313576917,
            14.872598249302996,
            14.71709780738469,
            14.581103734212647
        ],
        "bestfit_sample_times": [
            0.1,
            0.6,
            1.1,
            1.6,
            2.1,
            2.6,
            3.1
        ]
    }
}