{
    "luminosity_distance": 205.8541540598129,
    "KNtimeshift": -0.0657410145350294,
    "supernova_mag_boost": -3.476459901124418,
    "Ebv": 0.0168859090304985,
    "log_likelihood": -9.197381167461517,
    "log_prior": -6.092100047873114,
    "Best fit index": 2998,
    "Magnitudes": {
        "ztfg": [
            17.833318917283997,
            15.887940791485622,
            15.258668195665262,
            15.040614416798714,
            14.859114300229361,
            14.703654013232121,
            14.567690641245282,
            14.446874301072729,
            14.338165835252344,
            14.239357944446336,
            14.148796822179076
        ],
        "bestfit_sample_times": [
            0.1,
            0.6,
            1.1,
            1.6,
            2.1,
            2.6,
            3.1,
            3.6,
            4.1,
            4.6,
            5.1
        ]
    }
}