{
    "luminosity_distance": 180.02103096004734,
    "KNtimeshift": -0.069036090854217,
    "supernova_mag_boost": -3.1544466280953225,
    "Ebv": 0.4907044171423822,
    "log_likelihood": -31.26558506017776,
    "log_prior": -8.008994087898675,
    "log_bayes_factor": -34.93819508667228,
    "Best fit index": 2327,
    "Magnitudes": {
        "ztfg": [
            17.847623101370573,
            15.902244975570603,
            15.275885973748508,
            15.057301451321166,
            14.875434150883876,
            14.71970472765458,
            14.58353562088108,
            14.462556904564543,
            14.353717021140803,
            14.254800588037725,
            14.164148304270526,
            14.080485126375088,
            14.002810076558298,
            13.930322921190452,
            13.862373839474053,
            13.802629314675855,
            13.748177421220134,
            13.696326477792397,
            13.646839296840263,
            13.599509725523895,
            13.554157456937602,
            13.510623882370545,
            13.468768743606098,
            13.42846740693885,
            13.389608625302358,
            13.358453690855633,
            13.346629222718796,
            13.334932145625125,
            13.323359743908185,
            13.311909387823576,
            13.300578529962074,
            13.289364701847944,
            13.27826551071118,
            13.26727863642305,
            13.256401828585119
        ],
        "bestfit_sample_times": [
            0.1,
            0.6,
            1.1,
            1.6,
            2.1,
            2.6,
            3.1,
            3.6,
            4.1,
            4.6,
            5.1,
            5.6,
            6.1,
            6.6,
            7.1,
            7.6,
            8.1,
            8.6,
            9.1,
            9.6,
            10.1,
            10.6,
            11.1,
            11.6,
            12.1,
            12.6,
            13.1,
            13.6,
            14.1,
            14.6,
            15.1,
            15.6,
            16.1,
            16.6,
            17.1
        ]
    }
}