{
  "injections": {
    "__dataframe__": true,
    "content": {
      "simulation_id": [
        0
      ],
      "luminosity_distance": [
        661.9124375148557
      ],
      "timeshift": [
        -1.9548725071598145
      ],
      "log10_Menv": [
        -0.17317694740045209
      ],
      "log10_Renv": [
        13.566105083501547
      ],
      "log10_Ee": [
        51.31520236421548
      ],
      "geocent_time": [
        -0.053164031510073075
      ]
    }
  }
}