{
  "injections": {
    "__dataframe__": true,
    "content": {
      "simulation_id": [
        0
      ],
      "luminosity_distance": [
        150.14278248115394
      ],
      "timeshift": [
        0.5143355391248563
      ],
      "inclination_EM": [
        0.021288686287635788
      ],
      "log10_E0": [
        53.0
      ],
      "thetaCore": [
        0.05
      ],
      "thetaWing": [
        0.1
      ],
      "log10_n0": [
        0.6185873977961633
      ],
      "p": [
        2.0283113670324386
      ],
      "log10_epsilon_e": [
        -1.2013275661999876
      ],
      "log10_epsilon_B": [
        -2.100588144057839
      ],
      "ksiN": [
        1.0
      ],
      "L0": [
        0.0
      ],
      "dL": [
        3.09e+19
      ],
      "b": [
        6.0
      ],
      "q": [
        0.0
      ],
      "ts": [
        0.0
      ],
      "geocent_time": [
        0.08820293033470045
      ]
    }
  }
}