{
  "injections": {
    "__dataframe__": true,
    "content": {
      "simulation_id": [
        0
      ],
      "luminosity_distance": [
        208.45600693600764
      ],
      "timeshift": [
        -1.6251890988737754
      ],
      "log10_Menv": [
        -0.425993518562076
      ],
      "log10_Renv": [
        14.21604859026454
      ],
      "log10_Ee": [
        50.73676350700727
      ],
      "geocent_time": [
        0.05124494011782474
      ]
    }
  }
}