{
  "injections": {
    "__dataframe__": true,
    "content": {
      "simulation_id": [
        0
      ],
      "luminosity_distance": [
        4.404393275823864
      ],
      "KNphi": [
        44.243850144115854
      ],
      "inclination_EM": [
        0.42595216742843917
      ],
      "timeshift": [
        0.7989920522669793
      ],
      "log10_mej_dyn": [
        -2.399751050652485
      ],
      "log10_mej_wind": [
        -1.4741328907337774
      ],
      "geocent_time": [
        -0.033399659886984595
      ]
    }
  }
}