{
  "injections": {
    "__dataframe__": true,
    "content": {
      "simulation_id": [
        0
      ],
      "luminosity_distance": [
        463.8764075965544
      ],
      "timeshift": [
        -1.3535641254891262
      ],
      "log10_Menv": [
        -0.7882192444759379
      ],
      "log10_Renv": [
        14.831597923327868
      ],
      "log10_Ee": [
        50.556066848702415
      ],
      "geocent_time": [
        -0.06954263425679863
      ]
    }
  }
}