{
  "injections": {
    "__dataframe__": true,
    "content": {
      "simulation_id": [
        0
      ],
      "luminosity_distance": [
        173.46637535349768
      ],
      "timeshift": [
        0.9039276085469284
      ],
      "inclination_EM": [
        0.1123760020244494
      ],
      "log10_E0": [
        53.0
      ],
      "thetaCore": [
        0.05
      ],
      "thetaWing": [
        0.1
      ],
      "log10_n0": [
        1.3883290772683141
      ],
      "p": [
        2.5308923539151977
      ],
      "log10_epsilon_e": [
        -0.3899204719564269
      ],
      "log10_epsilon_B": [
        -1.6657269179654264
      ],
      "ksiN": [
        1.0
      ],
      "L0": [
        0.0
      ],
      "dL": [
        3.09e+19
      ],
      "b": [
        6.0
      ],
      "q": [
        0.0
      ],
      "ts": [
        0.0
      ],
      "geocent_time": [
        -0.058023649814508894
      ]
    }
  }
}