{
  "injections": {
    "__dataframe__": true,
    "content": {
      "simulation_id": [
        0
      ],
      "luminosity_distance": [
        154.35722568057093
      ],
      "timeshift": [
        0.051816456488549684
      ],
      "inclination_EM": [
        0.17618103237656965
      ],
      "log10_E0": [
        53.0
      ],
      "thetaCore": [
        0.05
      ],
      "thetaWing": [
        0.1
      ],
      "log10_n0": [
        -1.7832681020363077
      ],
      "p": [
        2.468011844834879
      ],
      "log10_epsilon_e": [
        -1.1321269309398372
      ],
      "log10_epsilon_B": [
        -0.9183736047555593
      ],
      "ksiN": [
        1.0
      ],
      "L0": [
        0.0
      ],
      "dL": [
        3.09e+19
      ],
      "b": [
        6.0
      ],
      "q": [
        0.0
      ],
      "ts": [
        0.0
      ],
      "geocent_time": [
        0.09157713830455005
      ]
    }
  }
}