{
  "injections": {
    "__dataframe__": true,
    "content": {
      "simulation_id": [
        0
      ],
      "luminosity_distance": [
        343.28173598561375
      ],
      "timeshift": [
        -0.9459590553993167
      ],
      "log10_Menv": [
        -0.40099147552690084
      ],
      "log10_Renv": [
        11.715515063202242
      ],
      "log10_Ee": [
        51.896450421014904
      ],
      "geocent_time": [
        0.025131437428122627
      ]
    }
  }
}