{
  "injections": {
    "__dataframe__": true,
    "content": {
      "simulation_id": [
        0
      ],
      "luminosity_distance": [
        167.07678038596865
      ],
      "timeshift": [
        0.5401623070176123
      ],
      "supernova_mag_boost": [
        1.5661964643137765
      ],
      "geocent_time": [
        0.0068956262578733635
      ]
    }
  }
}