{
  "injections": {
    "__dataframe__": true,
    "content": {
      "simulation_id": [
        0
      ],
      "luminosity_distance": [
        152.5778540329941
      ],
      "timeshift": [
        0.4602667658897224
      ],
      "inclination_EM": [
        0.03453655739683197
      ],
      "log10_E0": [
        53.0
      ],
      "thetaCore": [
        0.05
      ],
      "thetaWing": [
        0.1
      ],
      "log10_n0": [
        -0.7340194859209399
      ],
      "p": [
        2.1691089804380193
      ],
      "log10_epsilon_e": [
        -1.7723723434900696
      ],
      "log10_epsilon_B": [
        -0.7013386211298664
      ],
      "ksiN": [
        1.0
      ],
      "L0": [
        0.0
      ],
      "dL": [
        3.09e+19
      ],
      "b": [
        6.0
      ],
      "q": [
        0.0
      ],
      "ts": [
        0.0
      ],
      "geocent_time": [
        0.00883292271419274
      ]
    }
  }
}