{
  "injections": {
    "__dataframe__": true,
    "content": {
      "simulation_id": [
        0
      ],
      "luminosity_distance": [
        162.99494113010792
      ],
      "timeshift": [
        0.02290203478148567
      ],
      "supernova_mag_boost": [
        -3.6850372517075334
      ],
      "geocent_time": [
        0.06362730114700235
      ]
    }
  }
}