{
  "injections": {
    "__dataframe__": true,
    "content": {
      "simulation_id": [
        0
      ],
      "luminosity_distance": [
        201.41388199432822
      ],
      "timeshift": [
        0.09757977797940942
      ],
      "supernova_mag_boost": [
        -0.31985476933602097
      ],
      "geocent_time": [
        0.05422755562480547
      ]
    }
  }
}