{
  "injections": {
    "__dataframe__": true,
    "content": {
      "simulation_id": [
        0
      ],
      "luminosity_distance": [
        156.97196465997317
      ],
      "timeshift": [
        0.8212114634889465
      ],
      "supernova_mag_boost": [
        -3.6311519394484035
      ],
      "geocent_time": [
        0.09555611504688605
      ]
    }
  }
}