{
  "injections": {
    "__dataframe__": true,
    "content": {
      "simulation_id": [
        0
      ],
      "luminosity_distance": [
        8.604256920814251
      ],
      "KNphi": [
        32.89376610476964
      ],
      "inclination_EM": [
        0.3615637946704691
      ],
      "timeshift": [
        -1.0760301763784559
      ],
      "log10_mej_dyn": [
        -2.055993835184863
      ],
      "log10_mej_wind": [
        -2.9168232192122954
      ],
      "geocent_time": [
        -0.025978518921513635
      ]
    }
  }
}