{
  "injections": {
    "__dataframe__": true,
    "content": {
      "simulation_id": [
        0
      ],
      "luminosity_distance": [
        184.91175273037393
      ],
      "timeshift": [
        0.19550572546012338
      ],
      "inclination_EM": [
        0.11543723113721341
      ],
      "log10_E0": [
        53.0
      ],
      "thetaCore": [
        0.05
      ],
      "thetaWing": [
        0.1
      ],
      "log10_n0": [
        -0.6719238707159034
      ],
      "p": [
        2.9356543622348847
      ],
      "log10_epsilon_e": [
        -0.1060417451791138
      ],
      "log10_epsilon_B": [
        -2.616081049750749
      ],
      "ksiN": [
        1.0
      ],
      "L0": [
        0.0
      ],
      "dL": [
        3.09e+19
      ],
      "b": [
        6.0
      ],
      "q": [
        0.0
      ],
      "ts": [
        0.0
      ],
      "geocent_time": [
        -0.05039763440721037
      ]
    }
  }
}