{
  "injections": {
    "__dataframe__": true,
    "content": {
      "simulation_id": [
        0
      ],
      "luminosity_distance": [
        180.41268008156837
      ],
      "timeshift": [
        0.7281796323818451
      ],
      "inclination_EM": [
        0.17747190403107235
      ],
      "log10_E0": [
        53.0
      ],
      "thetaCore": [
        0.05
      ],
      "thetaWing": [
        0.1
      ],
      "log10_n0": [
        -1.3351700056451417
      ],
      "p": [
        2.092732640022722
      ],
      "log10_epsilon_e": [
        -2.7399908351717954
      ],
      "log10_epsilon_B": [
        -0.8052847302140171
      ],
      "ksiN": [
        1.0
      ],
      "L0": [
        0.0
      ],
      "dL": [
        3.09e+19
      ],
      "b": [
        6.0
      ],
      "q": [
        0.0
      ],
      "ts": [
        0.0
      ],
      "geocent_time": [
        0.07146903729387749
      ]
    }
  }
}