{
  "injections": {
    "__dataframe__": true,
    "content": {
      "simulation_id": [
        0
      ],
      "luminosity_distance": [
        199.53805610593326
      ],
      "timeshift": [
        0.4442016731559164
      ],
      "supernova_mag_boost": [
        -4.8396386266938265
      ],
      "geocent_time": [
        0.02269225616958241
      ]
    }
  }
}