{
  "injections": {
    "__dataframe__": true,
    "content": {
      "simulation_id": [
        0
      ],
      "luminosity_distance": [
        164.4263782093207
      ],
      "timeshift": [
        -0.0019707327499535188
      ],
      "inclination_EM": [
        0.09331503386325848
      ],
      "log10_E0": [
        53.0
      ],
      "thetaCore": [
        0.05
      ],
      "thetaWing": [
        0.1
      ],
      "log10_n0": [
        -0.41004964970224833
      ],
      "p": [
        2.3999952233487933
      ],
      "log10_epsilon_e": [
        -1.0346334002999031
      ],
      "log10_epsilon_B": [
        -1.0359965259426327
      ],
      "ksiN": [
        1.0
      ],
      "L0": [
        0.0
      ],
      "dL": [
        3.09e+19
      ],
      "b": [
        6.0
      ],
      "q": [
        0.0
      ],
      "ts": [
        0.0
      ],
      "geocent_time": [
        -0.0888055064669776
      ]
    }
  }
}