{
  "injections": {
    "__dataframe__": true,
    "content": {
      "simulation_id": [
        0
      ],
      "luminosity_distance": [
        216.02782252582986
      ],
      "timeshift": [
        -0.1343775842335495
      ],
      "log10_Menv": [
        -1.240696457065833
      ],
      "log10_Renv": [
        12.597971681908477
      ],
      "log10_Ee": [
        49.64482379033208
      ],
      "geocent_time": [
        -0.030800422120686885
      ]
    }
  }
}