{
  "injections": {
    "__dataframe__": true,
    "content": {
      "simulation_id": [
        0
      ],
      "luminosity_distance": [
        196.97875132496767
      ],
      "timeshift": [
        -0.3468538424902845
      ],
      "supernova_mag_boost": [
        2.826542038707122
      ],
      "geocent_time": [
        -0.07703379407457052
      ]
    }
  }
}