{
  "injections": {
    "__dataframe__": true,
    "content": {
      "simulation_id": [
        0
      ],
      "luminosity_distance": [
        176.16201741657292
      ],
      "timeshift": [
        0.6990129183009651
      ],
      "inclination_EM": [
        0.14414442993028465
      ],
      "log10_E0": [
        53.0
      ],
      "thetaCore": [
        0.05
      ],
      "thetaWing": [
        0.1
      ],
      "log10_n0": [
        2.1436089470622814
      ],
      "p": [
        2.0685323384177505
      ],
      "log10_epsilon_e": [
        -2.3710245906410163
      ],
      "log10_epsilon_B": [
        -2.50750567348959
      ],
      "ksiN": [
        1.0
      ],
      "L0": [
        0.0
      ],
      "dL": [
        3.09e+19
      ],
      "b": [
        6.0
      ],
      "q": [
        0.0
      ],
      "ts": [
        0.0
      ],
      "geocent_time": [
        -0.06615621773202449
      ]
    }
  }
}