{
  "injections": {
    "__dataframe__": true,
    "content": {
      "simulation_id": [
        0
      ],
      "luminosity_distance": [
        170.8737314965898
      ],
      "timeshift": [
        0.12553310078118626
      ],
      "inclination_EM": [
        0.057250087742490324
      ],
      "log10_E0": [
        53.0
      ],
      "thetaCore": [
        0.05
      ],
      "thetaWing": [
        0.1
      ],
      "log10_n0": [
        -2.6091280307531717
      ],
      "p": [
        2.38357167752613
      ],
      "log10_epsilon_e": [
        -2.4830116489421017
      ],
      "log10_epsilon_B": [
        -1.561949595054934
      ],
      "ksiN": [
        1.0
      ],
      "L0": [
        0.0
      ],
      "dL": [
        3.09e+19
      ],
      "b": [
        6.0
      ],
      "q": [
        0.0
      ],
      "ts": [
        0.0
      ],
      "geocent_time": [
        -0.07139412825140748
      ]
    }
  }
}