{
  "injections": {
    "__dataframe__": true,
    "content": {
      "simulation_id": [
        0
      ],
      "luminosity_distance": [
        157.8699467322784
      ],
      "timeshift": [
        0.04422297243824824
      ],
      "inclination_EM": [
        0.10687789425498852
      ],
      "log10_E0": [
        53.0
      ],
      "thetaCore": [
        0.05
      ],
      "thetaWing": [
        0.1
      ],
      "log10_n0": [
        0.17146766164356642
      ],
      "p": [
        2.4428323888214463
      ],
      "log10_epsilon_e": [
        -0.2858377003230501
      ],
      "log10_epsilon_B": [
        -2.4440009448425726
      ],
      "ksiN": [
        1.0
      ],
      "L0": [
        0.0
      ],
      "dL": [
        3.09e+19
      ],
      "b": [
        6.0
      ],
      "q": [
        0.0
      ],
      "ts": [
        0.0
      ],
      "geocent_time": [
        0.01055409217556516
      ]
    }
  }
}