{
  "injections": {
    "__dataframe__": true,
    "content": {
      "simulation_id": [
        0
      ],
      "luminosity_distance": [
        4.489093961312512
      ],
      "KNphi": [
        15.888225007470677
      ],
      "inclination_EM": [
        0.20638455707862952
      ],
      "timeshift": [
        0.1910752228697845
      ],
      "log10_mej_dyn": [
        -2.819255854600694
      ],
      "log10_mej_wind": [
        -2.995931669568094
      ],
      "geocent_time": [
        -0.0875879969582431
      ]
    }
  }
}