{
  "injections": {
    "__dataframe__": true,
    "content": {
      "simulation_id": [
        0
      ],
      "luminosity_distance": [
        186.37857816524496
      ],
      "timeshift": [
        0.4117134243807099
      ],
      "supernova_mag_boost": [
        2.5339298868359386
      ],
      "geocent_time": [
        0.09731330989132433
      ]
    }
  }
}