{
  "injections": {
    "__dataframe__": true,
    "content": {
      "simulation_id": [
        0
      ],
      "luminosity_distance": [
        6.0700855229523425
      ],
      "KNphi": [
        34.96852359416606
      ],
      "inclination_EM": [
        0.5742107918983619
      ],
      "timeshift": [
        -0.2784240890915992
      ],
      "log10_mej_dyn": [
        -2.454464400159273
      ],
      "log10_mej_wind": [
        -2.008646125331773
      ],
      "geocent_time": [
        -0.001616049472076428
      ]
    }
  }
}