{
  "injections": {
    "__dataframe__": true,
    "content": {
      "simulation_id": [
        0
      ],
      "luminosity_distance": [
        168.22526640326242
      ],
      "timeshift": [
        0.538990484296175
      ],
      "inclination_EM": [
        0.1137195812378709
      ],
      "log10_E0": [
        53.0
      ],
      "thetaCore": [
        0.05
      ],
      "thetaWing": [
        0.1
      ],
      "log10_n0": [
        1.367465118744569
      ],
      "p": [
        2.534592465426471
      ],
      "log10_epsilon_e": [
        -1.3559539446869926
      ],
      "log10_epsilon_B": [
        -1.2366040304724977
      ],
      "ksiN": [
        1.0
      ],
      "L0": [
        0.0
      ],
      "dL": [
        3.09e+19
      ],
      "b": [
        6.0
      ],
      "q": [
        0.0
      ],
      "ts": [
        0.0
      ],
      "geocent_time": [
        -0.07772144780659265
      ]
    }
  }
}