{
  "injections": {
    "__dataframe__": true,
    "content": {
      "simulation_id": [
        0
      ],
      "luminosity_distance": [
        186.09021614790237
      ],
      "timeshift": [
        0.08177811601572582
      ],
      "supernova_mag_boost": [
        -2.6313196943589334
      ],
      "geocent_time": [
        0.02321868770886512
      ]
    }
  }
}