{
  "injections": {
    "__dataframe__": true,
    "content": {
      "simulation_id": [
        0
      ],
      "luminosity_distance": [
        5.2652976306816885
      ],
      "KNphi": [
        39.76834810890019
      ],
      "inclination_EM": [
        0.6218488166230923
      ],
      "timeshift": [
        0.7547043923569281
      ],
      "log10_mej_dyn": [
        -2.195510552770898
      ],
      "log10_mej_wind": [
        -2.0378768559185234
      ],
      "geocent_time": [
        -0.06609316896999456
      ]
    }
  }
}