{
  "injections": {
    "__dataframe__": true,
    "content": {
      "simulation_id": [
        0
      ],
      "luminosity_distance": [
        150.0934074354457
      ],
      "timeshift": [
        0.7673431275297784
      ],
      "inclination_EM": [
        0.042393137766472404
      ],
      "log10_E0": [
        53.0
      ],
      "thetaCore": [
        0.05
      ],
      "thetaWing": [
        0.1
      ],
      "log10_n0": [
        -2.5898172597796147
      ],
      "p": [
        2.4330561526412877
      ],
      "log10_epsilon_e": [
        -2.6354462474062124
      ],
      "log10_epsilon_B": [
        -0.5373883272514695
      ],
      "ksiN": [
        1.0
      ],
      "L0": [
        0.0
      ],
      "dL": [
        3.09e+19
      ],
      "b": [
        6.0
      ],
      "q": [
        0.0
      ],
      "ts": [
        0.0
      ],
      "geocent_time": [
        -0.050919613311955714
      ]
    }
  }
}