{
  "injections": {
    "__dataframe__": true,
    "content": {
      "simulation_id": [
        0
      ],
      "luminosity_distance": [
        30.21969966492477
      ],
      "timeshift": [
        -0.7981750512740897
      ],
      "log10_Menv": [
        -1.7737409302808036
      ],
      "log10_Renv": [
        11.432774434794142
      ],
      "log10_Ee": [
        47.98673615205253
      ],
      "geocent_time": [
        0.03890997154523576
      ]
    }
  }
}