{
  "injections": {
    "__dataframe__": true,
    "content": {
      "simulation_id": [
        0
      ],
      "luminosity_distance": [
        221.8305538807299
      ],
      "timeshift": [
        0.9435786051320565
      ],
      "supernova_mag_boost": [
        -0.9412726304155257
      ],
      "geocent_time": [
        -0.04709560734264302
      ]
    }
  }
}