{
  "injections": {
    "__dataframe__": true,
    "content": {
      "simulation_id": [
        0
      ],
      "luminosity_distance": [
        152.4356359903839
      ],
      "timeshift": [
        -1.266335238631192
      ],
      "log10_Menv": [
        -1.7135277134311586
      ],
      "log10_Renv": [
        14.136481861548607
      ],
      "log10_Ee": [
        49.89234085864453
      ],
      "geocent_time": [
        -0.06170267201171418
      ]
    }
  }
}