{
  "injections": {
    "__dataframe__": true,
    "content": {
      "simulation_id": [
        0
      ],
      "luminosity_distance": [
        169.00878864037944
      ],
      "timeshift": [
        0.822245050410186
      ],
      "inclination_EM": [
        0.03683708919691447
      ],
      "log10_E0": [
        53.0
      ],
      "thetaCore": [
        0.05
      ],
      "thetaWing": [
        0.1
      ],
      "log10_n0": [
        -2.4286046027702373
      ],
      "p": [
        2.7575181321871756
      ],
      "log10_epsilon_e": [
        -1.7463011510852346
      ],
      "log10_epsilon_B": [
        -0.9799807253271622
      ],
      "ksiN": [
        1.0
      ],
      "L0": [
        0.0
      ],
      "dL": [
        3.09e+19
      ],
      "b": [
        6.0
      ],
      "q": [
        0.0
      ],
      "ts": [
        0.0
      ],
      "geocent_time": [
        0.062262755274502424
      ]
    }
  }
}