{
  "injections": {
    "__dataframe__": true,
    "content": {
      "simulation_id": [
        0
      ],
      "luminosity_distance": [
        170.68597009221924
      ],
      "timeshift": [
        -0.0241656493951357
      ],
      "inclination_EM": [
        0.16955125270713844
      ],
      "log10_E0": [
        53.0
      ],
      "thetaCore": [
        0.05
      ],
      "thetaWing": [
        0.1
      ],
      "log10_n0": [
        2.935877345160276
      ],
      "p": [
        2.214453962112446
      ],
      "log10_epsilon_e": [
        -1.8853092899971307
      ],
      "log10_epsilon_B": [
        -0.736246637926731
      ],
      "ksiN": [
        1.0
      ],
      "L0": [
        0.0
      ],
      "dL": [
        3.09e+19
      ],
      "b": [
        6.0
      ],
      "q": [
        0.0
      ],
      "ts": [
        0.0
      ],
      "geocent_time": [
        0.09572922145700788
      ]
    }
  }
}