{
  "injections": {
    "__dataframe__": true,
    "content": {
      "simulation_id": [
        0
      ],
      "luminosity_distance": [
        162.65561001023863
      ],
      "timeshift": [
        0.19418576667064505
      ],
      "inclination_EM": [
        0.07124468377406658
      ],
      "log10_E0": [
        53.0
      ],
      "thetaCore": [
        0.05
      ],
      "thetaWing": [
        0.1
      ],
      "log10_n0": [
        -1.3174423095496965
      ],
      "p": [
        2.166384182482587
      ],
      "log10_epsilon_e": [
        -0.5382434391152295
      ],
      "log10_epsilon_B": [
        -1.1765447103126037
      ],
      "ksiN": [
        1.0
      ],
      "L0": [
        0.0
      ],
      "dL": [
        3.09e+19
      ],
      "b": [
        6.0
      ],
      "q": [
        0.0
      ],
      "ts": [
        0.0
      ],
      "geocent_time": [
        0.07029902042530567
      ]
    }
  }
}