{
  "injections": {
    "__dataframe__": true,
    "content": {
      "simulation_id": [
        0
      ],
      "luminosity_distance": [
        159.6252389136765
      ],
      "timeshift": [
        0.31217096867484273
      ],
      "inclination_EM": [
        0.1840315333538183
      ],
      "log10_E0": [
        53.0
      ],
      "thetaCore": [
        0.05
      ],
      "thetaWing": [
        0.1
      ],
      "log10_n0": [
        0.4711756952074211
      ],
      "p": [
        2.891407593083919
      ],
      "log10_epsilon_e": [
        -0.19919016962427616
      ],
      "log10_epsilon_B": [
        -2.042035946726902
      ],
      "ksiN": [
        1.0
      ],
      "L0": [
        0.0
      ],
      "dL": [
        3.09e+19
      ],
      "b": [
        6.0
      ],
      "q": [
        0.0
      ],
      "ts": [
        0.0
      ],
      "geocent_time": [
        -0.060577340692534
      ]
    }
  }
}