{
  "injections": {
    "__dataframe__": true,
    "content": {
      "simulation_id": [
        0
      ],
      "luminosity_distance": [
        7.475692623846003
      ],
      "KNphi": [
        27.58488075096806
      ],
      "inclination_EM": [
        0.7151089301475488
      ],
      "timeshift": [
        0.026343751627566192
      ],
      "log10_mej_dyn": [
        -2.6912157261625484
      ],
      "log10_mej_wind": [
        -1.4894423291539662
      ],
      "geocent_time": [
        -0.09195703025012243
      ]
    }
  }
}