{
  "injections": {
    "__dataframe__": true,
    "content": {
      "simulation_id": [
        0
      ],
      "luminosity_distance": [
        7.061270229104862
      ],
      "KNphi": [
        43.382403362946576
      ],
      "inclination_EM": [
        0.7373477691189877
      ],
      "timeshift": [
        -1.3483963934872374
      ],
      "log10_mej_dyn": [
        -2.2587196104579244
      ],
      "log10_mej_wind": [
        -2.628316587096796
      ],
      "geocent_time": [
        0.0157079813618958
      ]
    }
  }
}