{
  "injections": {
    "__dataframe__": true,
    "content": {
      "simulation_id": [
        0
      ],
      "luminosity_distance": [
        185.63372037052105
      ],
      "timeshift": [
        -1.6100919527393345
      ],
      "log10_Menv": [
        -1.214492934487366
      ],
      "log10_Renv": [
        14.555498801000633
      ],
      "log10_Ee": [
        48.73438359737418
      ],
      "geocent_time": [
        0.01691202960331531
      ]
    }
  }
}