{
  "injections": {
    "__dataframe__": true,
    "content": {
      "simulation_id": [
        0
      ],
      "luminosity_distance": [
        336.97376314026906
      ],
      "timeshift": [
        -0.18938743286353876
      ],
      "log10_Menv": [
        -0.5914444869037885
      ],
      "log10_Renv": [
        12.459868880939194
      ],
      "log10_Ee": [
        50.84733744922109
      ],
      "geocent_time": [
        -0.009137728137997111
      ]
    }
  }
}