{
  "injections": {
    "__dataframe__": true,
    "content": {
      "simulation_id": [
        0
      ],
      "luminosity_distance": [
        150.57207646753253
      ],
      "timeshift": [
        -0.46315945071545417
      ],
      "supernova_mag_boost": [
        1.3648270319790692
      ],
      "geocent_time": [
        -0.05058936477095804
      ]
    }
  }
}