{
  "injections": {
    "__dataframe__": true,
    "content": {
      "simulation_id": [
        0
      ],
      "luminosity_distance": [
        159.51013049897287
      ],
      "timeshift": [
        0.8014566567497576
      ],
      "inclination_EM": [
        0.12863191245211508
      ],
      "log10_E0": [
        53.0
      ],
      "thetaCore": [
        0.05
      ],
      "thetaWing": [
        0.1
      ],
      "log10_n0": [
        -0.4508421021679041
      ],
      "p": [
        2.459894846248937
      ],
      "log10_epsilon_e": [
        -1.7316969399425997
      ],
      "log10_epsilon_B": [
        -2.292446262733102
      ],
      "ksiN": [
        1.0
      ],
      "L0": [
        0.0
      ],
      "dL": [
        3.09e+19
      ],
      "b": [
        6.0
      ],
      "q": [
        0.0
      ],
      "ts": [
        0.0
      ],
      "geocent_time": [
        0.0518279971730676
      ]
    }
  }
}