{
  "injections": {
    "__dataframe__": true,
    "content": {
      "simulation_id": [
        0
      ],
      "luminosity_distance": [
        184.11938150226672
      ],
      "timeshift": [
        0.8336594448736037
      ],
      "supernova_mag_boost": [
        2.9921165235187033
      ],
      "geocent_time": [
        -0.05473415272544862
      ]
    }
  }
}