{
  "injections": {
    "__dataframe__": true,
    "content": {
      "simulation_id": [
        0
      ],
      "luminosity_distance": [
        720.7749295426288
      ],
      "timeshift": [
        -1.162362909582826
      ],
      "log10_Menv": [
        -1.0946589008207086
      ],
      "log10_Renv": [
        14.718379337139188
      ],
      "log10_Ee": [
        49.8131255442812
      ],
      "geocent_time": [
        0.03326882447945739
      ]
    }
  }
}