{
  "injections": {
    "__dataframe__": true,
    "content": {
      "simulation_id": [
        0
      ],
      "luminosity_distance": [
        842.3654935253214
      ],
      "timeshift": [
        -0.199057045648809
      ],
      "log10_Menv": [
        -0.7104639648692554
      ],
      "log10_Renv": [
        11.979434154172111
      ],
      "log10_Ee": [
        51.60606499080241
      ],
      "geocent_time": [
        -0.09415718836074916
      ]
    }
  }
}