{
  "injections": {
    "__dataframe__": true,
    "content": {
      "simulation_id": [
        0
      ],
      "luminosity_distance": [
        154.2814657052917
      ],
      "timeshift": [
        0.029028869672070245
      ],
      "inclination_EM": [
        0.06793096709391858
      ],
      "log10_E0": [
        53.0
      ],
      "thetaCore": [
        0.05
      ],
      "thetaWing": [
        0.1
      ],
      "log10_n0": [
        -0.6277653927537221
      ],
      "p": [
        2.433717065086403
      ],
      "log10_epsilon_e": [
        -2.3879386585616103
      ],
      "log10_epsilon_B": [
        -1.5137797626938854
      ],
      "ksiN": [
        1.0
      ],
      "L0": [
        0.0
      ],
      "dL": [
        3.09e+19
      ],
      "b": [
        6.0
      ],
      "q": [
        0.0
      ],
      "ts": [
        0.0
      ],
      "geocent_time": [
        0.03849420079887014
      ]
    }
  }
}