{
  "injections": {
    "__dataframe__": true,
    "content": {
      "simulation_id": [
        0
      ],
      "luminosity_distance": [
        4.660189135151977
      ],
      "KNphi": [
        36.222739123735565
      ],
      "inclination_EM": [
        0.7339442266848968
      ],
      "timeshift": [
        -0.40993777730989356
      ],
      "log10_mej_dyn": [
        -2.3822954505876446
      ],
      "log10_mej_wind": [
        -1.487723740662487
      ],
      "geocent_time": [
        0.0884554198528987
      ]
    }
  }
}