{
  "injections": {
    "__dataframe__": true,
    "content": {
      "simulation_id": [
        0
      ],
      "luminosity_distance": [
        9.799089016048733
      ],
      "KNphi": [
        23.463143529165595
      ],
      "inclination_EM": [
        0.5953038475192107
      ],
      "timeshift": [
        -0.22925489631162277
      ],
      "log10_mej_dyn": [
        -1.0879415014850757
      ],
      "log10_mej_wind": [
        -2.144265815249484
      ],
      "geocent_time": [
        -0.018747784944697005
      ]
    }
  }
}