{
  "injections": {
    "__dataframe__": true,
    "content": {
      "simulation_id": [
        0
      ],
      "luminosity_distance": [
        151.44723444435553
      ],
      "timeshift": [
        0.5531897865360155
      ],
      "inclination_EM": [
        0.02667746200775119
      ],
      "log10_E0": [
        53.0
      ],
      "thetaCore": [
        0.05
      ],
      "thetaWing": [
        0.1
      ],
      "log10_n0": [
        0.14631723693145826
      ],
      "p": [
        2.2718135067712426
      ],
      "log10_epsilon_e": [
        -1.349196334729713
      ],
      "log10_epsilon_B": [
        -0.8809368800374244
      ],
      "ksiN": [
        1.0
      ],
      "L0": [
        0.0
      ],
      "dL": [
        3.09e+19
      ],
      "b": [
        6.0
      ],
      "q": [
        0.0
      ],
      "ts": [
        0.0
      ],
      "geocent_time": [
        -0.0298117029057116
      ]
    }
  }
}