{
  "injections": {
    "__dataframe__": true,
    "content": {
      "simulation_id": [
        0
      ],
      "luminosity_distance": [
        8.940253669953943
      ],
      "KNphi": [
        39.92043695198548
      ],
      "inclination_EM": [
        0.3365813106470517
      ],
      "timeshift": [
        -0.16345407024840553
      ],
      "log10_mej_dyn": [
        -1.5989051405176427
      ],
      "log10_mej_wind": [
        -2.52998695474013
      ],
      "geocent_time": [
        0.0726503099733895
      ]
    }
  }
}