{
  "injections": {
    "__dataframe__": true,
    "content": {
      "simulation_id": [
        0
      ],
      "luminosity_distance": [
        166.9414812431276
      ],
      "timeshift": [
        0.639530092824334
      ],
      "inclination_EM": [
        0.11755283830100638
      ],
      "log10_E0": [
        53.0
      ],
      "thetaCore": [
        0.05
      ],
      "thetaWing": [
        0.1
      ],
      "log10_n0": [
        -1.4246865234274817
      ],
      "p": [
        2.665286404348004
      ],
      "log10_epsilon_e": [
        -2.9493957203233876
      ],
      "log10_epsilon_B": [
        -0.23351047873105735
      ],
      "ksiN": [
        1.0
      ],
      "L0": [
        0.0
      ],
      "dL": [
        3.09e+19
      ],
      "b": [
        6.0
      ],
      "q": [
        0.0
      ],
      "ts": [
        0.0
      ],
      "geocent_time": [
        -0.09555333510366151
      ]
    }
  }
}