{
  "injections": {
    "__dataframe__": true,
    "content": {
      "simulation_id": [
        0
      ],
      "luminosity_distance": [
        210.73041662023633
      ],
      "timeshift": [
        -0.9880827171030289
      ],
      "supernova_mag_boost": [
        0.6441757676484672
      ],
      "geocent_time": [
        -0.08863017320338691
      ]
    }
  }
}