{
  "injections": {
    "__dataframe__": true,
    "content": {
      "simulation_id": [
        0
      ],
      "luminosity_distance": [
        160.05266664393898
      ],
      "timeshift": [
        0.759086866864508
      ],
      "inclination_EM": [
        0.12178485564266792
      ],
      "log10_E0": [
        53.0
      ],
      "thetaCore": [
        0.05
      ],
      "thetaWing": [
        0.1
      ],
      "log10_n0": [
        1.4290664751262678
      ],
      "p": [
        2.44297619896819
      ],
      "log10_epsilon_e": [
        -0.8625228352407284
      ],
      "log10_epsilon_B": [
        -1.6893207581415188
      ],
      "ksiN": [
        1.0
      ],
      "L0": [
        0.0
      ],
      "dL": [
        3.09e+19
      ],
      "b": [
        6.0
      ],
      "q": [
        0.0
      ],
      "ts": [
        0.0
      ],
      "geocent_time": [
        0.050698163692477954
      ]
    }
  }
}