{
  "injections": {
    "__dataframe__": true,
    "content": {
      "simulation_id": [
        0
      ],
      "luminosity_distance": [
        198.1777222331863
      ],
      "timeshift": [
        -0.8495166179532936
      ],
      "supernova_mag_boost": [
        -3.983507662804321
      ],
      "geocent_time": [
        -0.05141611951568963
      ]
    }
  }
}