{
  "injections": {
    "__dataframe__": true,
    "content": {
      "simulation_id": [
        0
      ],
      "luminosity_distance": [
        166.61103608010808
      ],
      "timeshift": [
        0.28895004406992764
      ],
      "inclination_EM": [
        0.09515425010125127
      ],
      "log10_E0": [
        53.0
      ],
      "thetaCore": [
        0.05
      ],
      "thetaWing": [
        0.1
      ],
      "log10_n0": [
        -2.3393901544057094
      ],
      "p": [
        2.10609214160983
      ],
      "log10_epsilon_e": [
        -0.7437654923013981
      ],
      "log10_epsilon_B": [
        -0.7254696435638381
      ],
      "ksiN": [
        1.0
      ],
      "L0": [
        0.0
      ],
      "dL": [
        3.09e+19
      ],
      "b": [
        6.0
      ],
      "q": [
        0.0
      ],
      "ts": [
        0.0
      ],
      "geocent_time": [
        -0.025153018619191947
      ]
    }
  }
}