{
  "injections": {
    "__dataframe__": true,
    "content": {
      "simulation_id": [
        0
      ],
      "luminosity_distance": [
        99.6256700366912
      ],
      "timeshift": [
        -0.6801893357111588
      ],
      "log10_Menv": [
        -1.2443664027280912
      ],
      "log10_Renv": [
        12.010913266669426
      ],
      "log10_Ee": [
        49.714477098051994
      ],
      "geocent_time": [
        -0.08565816766949844
      ]
    }
  }
}