{
  "injections": {
    "__dataframe__": true,
    "content": {
      "simulation_id": [
        0
      ],
      "luminosity_distance": [
        166.59937226588968
      ],
      "timeshift": [
        0.06737113283164597
      ],
      "supernova_mag_boost": [
        2.819337843601252
      ],
      "geocent_time": [
        -0.016418770027136126
      ]
    }
  }
}