{
  "injections": {
    "__dataframe__": true,
    "content": {
      "simulation_id": [
        0
      ],
      "luminosity_distance": [
        112.90129363380852
      ],
      "timeshift": [
        -0.9835266013908068
      ],
      "log10_Menv": [
        -2.1494783947172853
      ],
      "log10_Renv": [
        14.830668018750414
      ],
      "log10_Ee": [
        47.884694565229836
      ],
      "geocent_time": [
        0.09179314959189766
      ]
    }
  }
}