{
  "injections": {
    "__dataframe__": true,
    "content": {
      "simulation_id": [
        0
      ],
      "luminosity_distance": [
        5.9527699847777
      ],
      "KNphi": [
        33.93195302631236
      ],
      "inclination_EM": [
        0.6186172531879293
      ],
      "timeshift": [
        -1.3288131322008891
      ],
      "log10_mej_dyn": [
        -1.9724868914768137
      ],
      "log10_mej_wind": [
        -1.58198761420904
      ],
      "geocent_time": [
        -0.05892759544332907
      ]
    }
  }
}