{
  "injections": {
    "__dataframe__": true,
    "content": {
      "simulation_id": [
        0
      ],
      "luminosity_distance": [
        162.80173749625806
      ],
      "timeshift": [
        0.6770135792047123
      ],
      "inclination_EM": [
        0.07333601956289561
      ],
      "log10_E0": [
        53.0
      ],
      "thetaCore": [
        0.05
      ],
      "thetaWing": [
        0.1
      ],
      "log10_n0": [
        2.52241577422513
      ],
      "p": [
        2.78146142063325
      ],
      "log10_epsilon_e": [
        -1.587444996730097
      ],
      "log10_epsilon_B": [
        -1.281952332560321
      ],
      "ksiN": [
        1.0
      ],
      "L0": [
        0.0
      ],
      "dL": [
        3.09e+19
      ],
      "b": [
        6.0
      ],
      "q": [
        0.0
      ],
      "ts": [
        0.0
      ],
      "geocent_time": [
        0.07463773958700504
      ]
    }
  }
}