{
  "injections": {
    "__dataframe__": true,
    "content": {
      "simulation_id": [
        0
      ],
      "luminosity_distance": [
        150.97000019352294
      ],
      "timeshift": [
        -0.07050713238854667
      ],
      "inclination_EM": [
        0.15509281015179602
      ],
      "log10_E0": [
        53.0
      ],
      "thetaCore": [
        0.05
      ],
      "thetaWing": [
        0.1
      ],
      "log10_n0": [
        2.190791561702609
      ],
      "p": [
        2.406155573040853
      ],
      "log10_epsilon_e": [
        -0.7399418635146091
      ],
      "log10_epsilon_B": [
        -0.1035544657282137
      ],
      "ksiN": [
        1.0
      ],
      "L0": [
        0.0
      ],
      "dL": [
        3.09e+19
      ],
      "b": [
        6.0
      ],
      "q": [
        0.0
      ],
      "ts": [
        0.0
      ],
      "geocent_time": [
        0.04938909521720919
      ]
    }
  }
}