{
  "injections": {
    "__dataframe__": true,
    "content": {
      "simulation_id": [
        0
      ],
      "luminosity_distance": [
        189.65201758165537
      ],
      "timeshift": [
        0.21107528613262438
      ],
      "supernova_mag_boost": [
        -4.64609550888333
      ],
      "geocent_time": [
        0.008395635530707879
      ]
    }
  }
}