{
  "injections": {
    "__dataframe__": true,
    "content": {
      "simulation_id": [
        0
      ],
      "luminosity_distance": [
        181.11744467546745
      ],
      "timeshift": [
        0.5095234861115187
      ],
      "inclination_EM": [
        0.0840115394906944
      ],
      "log10_E0": [
        53.0
      ],
      "thetaCore": [
        0.05
      ],
      "thetaWing": [
        0.1
      ],
      "log10_n0": [
        2.282200222517136
      ],
      "p": [
        2.8270708422992876
      ],
      "log10_epsilon_e": [
        -1.6909685086563302
      ],
      "log10_epsilon_B": [
        -1.3704826058673771
      ],
      "ksiN": [
        1.0
      ],
      "L0": [
        0.0
      ],
      "dL": [
        3.09e+19
      ],
      "b": [
        6.0
      ],
      "q": [
        0.0
      ],
      "ts": [
        0.0
      ],
      "geocent_time": [
        0.014212378792984093
      ]
    }
  }
}