{
  "injections": {
    "__dataframe__": true,
    "content": {
      "simulation_id": [
        0
      ],
      "luminosity_distance": [
        178.2980322267649
      ],
      "timeshift": [
        -0.540281278607208
      ],
      "log10_Menv": [
        -0.38313236562118025
      ],
      "log10_Renv": [
        12.613996779382383
      ],
      "log10_Ee": [
        50.22445150607253
      ],
      "geocent_time": [
        -0.01768269668064873
      ]
    }
  }
}