{
  "injections": {
    "__dataframe__": true,
    "content": {
      "simulation_id": [
        0
      ],
      "luminosity_distance": [
        164.08007317984448
      ],
      "timeshift": [
        0.7301015986724556
      ],
      "inclination_EM": [
        0.09069937325275354
      ],
      "log10_E0": [
        53.0
      ],
      "thetaCore": [
        0.05
      ],
      "thetaWing": [
        0.1
      ],
      "log10_n0": [
        -0.47736166879774
      ],
      "p": [
        2.537990952225212
      ],
      "log10_epsilon_e": [
        -2.5697702788587016
      ],
      "log10_epsilon_B": [
        -0.8064110394233417
      ],
      "ksiN": [
        1.0
      ],
      "L0": [
        0.0
      ],
      "dL": [
        3.09e+19
      ],
      "b": [
        6.0
      ],
      "q": [
        0.0
      ],
      "ts": [
        0.0
      ],
      "geocent_time": [
        -0.06049689430999188
      ]
    }
  }
}