{
  "injections": {
    "__dataframe__": true,
    "content": {
      "simulation_id": [
        0
      ],
      "luminosity_distance": [
        164.87538735836105
      ],
      "timeshift": [
        0.06855081141930858
      ],
      "inclination_EM": [
        0.1282357846503283
      ],
      "log10_E0": [
        53.0
      ],
      "thetaCore": [
        0.05
      ],
      "thetaWing": [
        0.1
      ],
      "log10_n0": [
        -0.8327160609000614
      ],
      "p": [
        2.6040042138874195
      ],
      "log10_epsilon_e": [
        -1.861974650325853
      ],
      "log10_epsilon_B": [
        -1.1552453726241003
      ],
      "ksiN": [
        1.0
      ],
      "L0": [
        0.0
      ],
      "dL": [
        3.09e+19
      ],
      "b": [
        6.0
      ],
      "q": [
        0.0
      ],
      "ts": [
        0.0
      ],
      "geocent_time": [
        -0.0786198244621123
      ]
    }
  }
}