{
  "injections": {
    "__dataframe__": true,
    "content": {
      "simulation_id": [
        0
      ],
      "luminosity_distance": [
        839.8864304960742
      ],
      "timeshift": [
        -0.04905076237648931
      ],
      "log10_Menv": [
        -1.4153868280032142
      ],
      "log10_Renv": [
        13.082445930379691
      ],
      "log10_Ee": [
        51.73177451047415
      ],
      "geocent_time": [
        -0.036144201407232845
      ]
    }
  }
}