{
  "injections": {
    "__dataframe__": true,
    "content": {
      "simulation_id": [
        0
      ],
      "luminosity_distance": [
        6.189205769930018
      ],
      "KNphi": [
        21.567653938265707
      ],
      "inclination_EM": [
        0.30414438839932934
      ],
      "timeshift": [
        -1.356200636289193
      ],
      "log10_mej_dyn": [
        -1.9908615790003312
      ],
      "log10_mej_wind": [
        -2.5509989927434997
      ],
      "geocent_time": [
        0.04500949695264497
      ]
    }
  }
}