{
  "injections": {
    "__dataframe__": true,
    "content": {
      "simulation_id": [
        0
      ],
      "luminosity_distance": [
        531.5293495771485
      ],
      "timeshift": [
        -0.12986262285467354
      ],
      "log10_Menv": [
        -1.40712402905306
      ],
      "log10_Renv": [
        12.68642460815838
      ],
      "log10_Ee": [
        51.788986587523794
      ],
      "geocent_time": [
        0.002393068630836742
      ]
    }
  }
}