{
  "injections": {
    "__dataframe__": true,
    "content": {
      "simulation_id": [
        0
      ],
      "luminosity_distance": [
        153.40127415058234
      ],
      "timeshift": [
        0.9580881129224187
      ],
      "inclination_EM": [
        0.14675877299957432
      ],
      "log10_E0": [
        53.0
      ],
      "thetaCore": [
        0.05
      ],
      "thetaWing": [
        0.1
      ],
      "log10_n0": [
        -2.474568462260267
      ],
      "p": [
        2.248878540890695
      ],
      "log10_epsilon_e": [
        -1.1327107061087487
      ],
      "log10_epsilon_B": [
        -1.9576170698229416
      ],
      "ksiN": [
        1.0
      ],
      "L0": [
        0.0
      ],
      "dL": [
        3.09e+19
      ],
      "b": [
        6.0
      ],
      "q": [
        0.0
      ],
      "ts": [
        0.0
      ],
      "geocent_time": [
        0.01886660163564488
      ]
    }
  }
}