{
  "injections": {
    "__dataframe__": true,
    "content": {
      "simulation_id": [
        0
      ],
      "luminosity_distance": [
        181.10473139198223
      ],
      "timeshift": [
        -0.4808055104376159
      ],
      "supernova_mag_boost": [
        -2.924103490525176
      ],
      "geocent_time": [
        0.05758841002593626
      ]
    }
  }
}