{
  "injections": {
    "__dataframe__": true,
    "content": {
      "simulation_id": [
        0
      ],
      "luminosity_distance": [
        181.77955854814613
      ],
      "timeshift": [
        0.75874569549631
      ],
      "inclination_EM": [
        0.04898121136625676
      ],
      "log10_E0": [
        53.0
      ],
      "thetaCore": [
        0.05
      ],
      "thetaWing": [
        0.1
      ],
      "log10_n0": [
        2.127286667598857
      ],
      "p": [
        2.961314290711619
      ],
      "log10_epsilon_e": [
        -0.8898076321699668
      ],
      "log10_epsilon_B": [
        -1.5810432377121344
      ],
      "ksiN": [
        1.0
      ],
      "L0": [
        0.0
      ],
      "dL": [
        3.09e+19
      ],
      "b": [
        6.0
      ],
      "q": [
        0.0
      ],
      "ts": [
        0.0
      ],
      "geocent_time": [
        0.07588637207262161
      ]
    }
  }
}