{
  "injections": {
    "__dataframe__": true,
    "content": {
      "simulation_id": [
        0
      ],
      "luminosity_distance": [
        157.77676043459758
      ],
      "timeshift": [
        0.8094625364592777
      ],
      "inclination_EM": [
        0.10145462556861651
      ],
      "log10_E0": [
        53.0
      ],
      "thetaCore": [
        0.05
      ],
      "thetaWing": [
        0.1
      ],
      "log10_n0": [
        1.2702405633667198
      ],
      "p": [
        2.229773320818674
      ],
      "log10_epsilon_e": [
        -2.3768954888641876
      ],
      "log10_epsilon_B": [
        -2.9155207549824276
      ],
      "ksiN": [
        1.0
      ],
      "L0": [
        0.0
      ],
      "dL": [
        3.09e+19
      ],
      "b": [
        6.0
      ],
      "q": [
        0.0
      ],
      "ts": [
        0.0
      ],
      "geocent_time": [
        0.05474794742689068
      ]
    }
  }
}