{
  "injections": {
    "__dataframe__": true,
    "content": {
      "simulation_id": [
        0
      ],
      "luminosity_distance": [
        151.72689632964384
      ],
      "timeshift": [
        0.40013281709566173
      ],
      "inclination_EM": [
        0.11223241013613876
      ],
      "log10_E0": [
        53.0
      ],
      "thetaCore": [
        0.05
      ],
      "thetaWing": [
        0.1
      ],
      "log10_n0": [
        -1.1336486700786723
      ],
      "p": [
        2.8666214902544853
      ],
      "log10_epsilon_e": [
        -2.599018819197407
      ],
      "log10_epsilon_B": [
        -0.5078970521579871
      ],
      "ksiN": [
        1.0
      ],
      "L0": [
        0.0
      ],
      "dL": [
        3.09e+19
      ],
      "b": [
        6.0
      ],
      "q": [
        0.0
      ],
      "ts": [
        0.0
      ],
      "geocent_time": [
        0.02276667989807135
      ]
    }
  }
}