{
  "injections": {
    "__dataframe__": true,
    "content": {
      "simulation_id": [
        0
      ],
      "luminosity_distance": [
        957.049381741345
      ],
      "timeshift": [
        -0.2845703480064614
      ],
      "log10_Menv": [
        -1.5474341609819393
      ],
      "log10_Renv": [
        14.352481612662732
      ],
      "log10_Ee": [
        49.813272104255084
      ],
      "geocent_time": [
        -0.036202714159721525
      ]
    }
  }
}