{
  "injections": {
    "__dataframe__": true,
    "content": {
      "simulation_id": [
        0
      ],
      "luminosity_distance": [
        371.0942674220422
      ],
      "timeshift": [
        -0.7636151374819433
      ],
      "log10_Menv": [
        -1.2819177399175627
      ],
      "log10_Renv": [
        12.760603005386788
      ],
      "log10_Ee": [
        50.002440942511896
      ],
      "geocent_time": [
        -0.040430702834510474
      ]
    }
  }
}