{
  "injections": {
    "__dataframe__": true,
    "content": {
      "simulation_id": [
        0
      ],
      "luminosity_distance": [
        168.93876574309485
      ],
      "KNtimeshift": [
        0.15515722974215596
      ],
      "supernova_mag_boost": [
        1.9750132850151205
      ],
      "geocent_time": [
        0.033704274338808904
      ]
    }
  }
}