{
  "injections": {
    "__dataframe__": true,
    "content": {
      "simulation_id": [
        0
      ],
      "luminosity_distance": [
        169.58539857585464
      ],
      "KNtimeshift": [
        -0.09396765015223821
      ],
      "inclination_EM": [
        0.18101843339665977
      ],
      "log10_E0": [
        53.0
      ],
      "thetaCore": [
        0.05
      ],
      "thetaWing": [
        0.1
      ],
      "log10_n0": [
        -0.36096848151155436
      ],
      "p": [
        2.753341005365461
      ],
      "log10_epsilon_e": [
        -1.5115613569161692
      ],
      "log10_epsilon_B": [
        -1.1417726358478189
      ],
      "ksiN": [
        1.0
      ],
      "L0": [
        0.0
      ],
      "dL": [
        3.09e+19
      ],
      "b": [
        6.0
      ],
      "q": [
        0.0
      ],
      "ts": [
        0.0
      ],
      "geocent_time": [
        -0.03273171490616311
      ]
    }
  }
}