{
  "injections": {
    "__dataframe__": true,
    "content": {
      "simulation_id": [
        0
      ],
      "luminosity_distance": [
        168.62731400107523
      ],
      "KNtimeshift": [
        0.8549730399893829
      ],
      "supernova_mag_boost": [
        0.3659490899980353
      ],
      "geocent_time": [
        -0.03351889266828355
      ]
    }
  }
}