{
  "injections": {
    "__dataframe__": true,
    "content": {
      "simulation_id": [
        0
      ],
      "luminosity_distance": [
        167.61583744394207
      ],
      "KNtimeshift": [
        -0.7601374073711551
      ],
      "supernova_mag_boost": [
        2.046084165929302
      ],
      "geocent_time": [
        0.06266549257782841
      ]
    }
  }
}