{
  "injections": {
    "__dataframe__": true,
    "content": {
      "simulation_id": [
        0
      ],
      "luminosity_distance": [
        180.73500842429044
      ],
      "KNtimeshift": [
        -0.6280125004353732
      ],
      "supernova_mag_boost": [
        -0.9489556987469534
      ],
      "geocent_time": [
        0.03158737879379106
      ]
    }
  }
}