{
  "injections": {
    "__dataframe__": true,
    "content": {
      "simulation_id": [
        0
      ],
      "luminosity_distance": [
        169.8906769931221
      ],
      "KNtimeshift": [
        0.7008264117117611
      ],
      "inclination_EM": [
        0.11751663466846618
      ],
      "log10_E0": [
        53.0
      ],
      "thetaCore": [
        0.05
      ],
      "thetaWing": [
        0.1
      ],
      "log10_n0": [
        2.2661033048752772
      ],
      "p": [
        2.2351101234133486
      ],
      "log10_epsilon_e": [
        -2.334546615975082
      ],
      "log10_epsilon_B": [
        -0.7263858260901683
      ],
      "ksiN": [
        1.0
      ],
      "L0": [
        0.0
      ],
      "dL": [
        3.09e+19
      ],
      "b": [
        6.0
      ],
      "q": [
        0.0
      ],
      "ts": [
        0.0
      ],
      "geocent_time": [
        -0.04034502666200595
      ]
    }
  }
}