{
  "injections": {
    "__dataframe__": true,
    "content": {
      "simulation_id": [
        0
      ],
      "luminosity_distance": [
        179.4946042694807
      ],
      "KNtimeshift": [
        -0.8733959299201108
      ],
      "supernova_mag_boost": [
        -1.5214309641955417
      ],
      "geocent_time": [
        -0.003473543225442355
      ]
    }
  }
}