{
  "injections": {
    "__dataframe__": true,
    "content": {
      "simulation_id": [
        0
      ],
      "luminosity_distance": [
        158.44800912927565
      ],
      "KNtimeshift": [
        -0.5366512947938584
      ],
      "supernova_mag_boost": [
        -3.9494570293349263
      ],
      "geocent_time": [
        0.01605168560073053
      ]
    }
  }
}