{
  "injections": {
    "__dataframe__": true,
    "content": {
      "simulation_id": [
        0
      ],
      "luminosity_distance": [
        183.9318781364309
      ],
      "KNtimeshift": [
        0.34726849506961277
      ],
      "supernova_mag_boost": [
        4.659072362247215
      ],
      "geocent_time": [
        -0.09203625714202715
      ]
    }
  }
}