{
  "injections": {
    "__dataframe__": true,
    "content": {
      "simulation_id": [
        0
      ],
      "luminosity_distance": [
        154.59721041716787
      ],
      "KNtimeshift": [
        -0.8691204668660522
      ],
      "supernova_mag_boost": [
        4.564307764262715
      ],
      "geocent_time": [
        0.07795237085695836
      ]
    }
  }
}