{
  "injections": {
    "__dataframe__": true,
    "content": {
      "simulation_id": [
        0
      ],
      "luminosity_distance": [
        194.58852959651762
      ],
      "KNtimeshift": [
        0.1056831104576943
      ],
      "supernova_mag_boost": [
        1.8108860371644369
      ],
      "geocent_time": [
        0.07085624705074456
      ]
    }
  }
}