{
  "injections": {
    "__dataframe__": true,
    "content": {
      "simulation_id": [
        0
      ],
      "luminosity_distance": [
        186.90902229781733
      ],
      "KNtimeshift": [
        0.8283398944506928
      ],
      "supernova_mag_boost": [
        -0.6063784206872667
      ],
      "geocent_time": [
        0.08968540785764131
      ]
    }
  }
}