{
  "injections": {
    "__dataframe__": true,
    "content": {
      "simulation_id": [
        0
      ],
      "luminosity_distance": [
        176.37318687643221
      ],
      "KNtimeshift": [
        0.07224984699021064
      ],
      "supernova_mag_boost": [
        -2.865213543529488
      ],
      "geocent_time": [
        0.0005974236550837925
      ]
    }
  }
}