{
  "injections": {
    "__dataframe__": true,
    "content": {
      "simulation_id": [
        0
      ],
      "luminosity_distance": [
        216.8839980167097
      ],
      "KNtimeshift": [
        -0.45755983725548965
      ],
      "supernova_mag_boost": [
        2.9007465763177827
      ],
      "geocent_time": [
        0.09989025643447846
      ]
    }
  }
}