{
  "injections": {
    "__dataframe__": true,
    "content": {
      "simulation_id": [
        0
      ],
      "luminosity_distance": [
        159.40483474817606
      ],
      "KNtimeshift": [
        0.537086107741165
      ],
      "supernova_mag_boost": [
        -1.945104562075839
      ],
      "geocent_time": [
        -0.06890681355527264
      ]
    }
  }
}