{
  "injections": {
    "__dataframe__": true,
    "content": {
      "simulation_id": [
        0
      ],
      "luminosity_distance": [
        198.3040809570309
      ],
      "KNtimeshift": [
        0.9188850833646469
      ],
      "supernova_mag_boost": [
        0.8797725319860836
      ],
      "geocent_time": [
        0.06217789262232251
      ]
    }
  }
}