{
  "injections": {
    "__dataframe__": true,
    "content": {
      "simulation_id": [
        0
      ],
      "luminosity_distance": [
        176.83449154506192
      ],
      "KNtimeshift": [
        -0.9770274115074107
      ],
      "supernova_mag_boost": [
        -3.411402149489456
      ],
      "geocent_time": [
        -0.04980530296847299
      ]
    }
  }
}