{
  "injections": {
    "__dataframe__": true,
    "content": {
      "simulation_id": [
        0
      ],
      "luminosity_distance": [
        188.5014525245284
      ],
      "KNtimeshift": [
        0.7319911658390312
      ],
      "supernova_mag_boost": [
        1.0717788051114656
      ],
      "geocent_time": [
        0.06104497197567116
      ]
    }
  }
}