{
  "injections": {
    "__dataframe__": true,
    "content": {
      "simulation_id": [
        0
      ],
      "luminosity_distance": [
        203.66991027205307
      ],
      "KNtimeshift": [
        -0.9830370632533214
      ],
      "supernova_mag_boost": [
        1.3240776957540676
      ],
      "geocent_time": [
        0.03135006431624185
      ]
    }
  }
}