{
  "injections": {
    "__dataframe__": true,
    "content": {
      "simulation_id": [
        0
      ],
      "luminosity_distance": [
        160.27711074308948
      ],
      "KNtimeshift": [
        -0.7004393434166039
      ],
      "supernova_mag_boost": [
        2.2647906498054162
      ],
      "geocent_time": [
        0.08725675245388528
      ]
    }
  }
}