{
  "injections": {
    "__dataframe__": true,
    "content": {
      "simulation_id": [
        0
      ],
      "luminosity_distance": [
        161.64714609355966
      ],
      "KNtimeshift": [
        0.012027037108193861
      ],
      "supernova_mag_boost": [
        -1.796080987280344
      ],
      "geocent_time": [
        0.0970773121384497
      ]
    }
  }
}