{
  "injections": {
    "__dataframe__": true,
    "content": {
      "simulation_id": [
        0
      ],
      "luminosity_distance": [
        202.9223639878582
      ],
      "KNtimeshift": [
        0.4798971047722189
      ],
      "supernova_mag_boost": [
        -0.1604768697943726
      ],
      "geocent_time": [
        0.08823794212888234
      ]
    }
  }
}