{
    "luminosity_distance": 192.3274742073379,
    "beta": 1.0723082483536872,
    "log10_kappa_r": -0.8884337821872732,
    "KNtimeshift": -0.9906083381772156,
    "log10_vej": -1.9985474974276327,
    "log10_mej": -2.7799896383262706,
    "Ebv": 0.5421194883936281,
    "log_likelihood": -29.42273741790569,
    "log_prior": -11.89186145653134,
    "Best fit index": 4845,
    "Magnitudes": {
        "ztfg": [
            26.470218375989084,
            24.653126064665642,
            23.900349238461693,
            23.232599424899817,
            22.733476556865497,
            22.328815080496646,
            21.976278948191663,
            21.70446819965501,
            21.440142558811246,
            21.227718426797423,
            21.059095652476067,
            20.87040906367031,
            20.772386401687747,
            20.64576414836997,
            20.54555137944142,
            20.41140747889125,
            20.299695653274767,
            20.209033188200998,
            20.138317681440014,
            20.08668675835157,
            20.053496439740442,
            20.038307033255073,
            20.040884395043157,
            20.061207540071855,
            20.099493992807815,
            20.156233674650217,
            20.232249837395806,
            20.32877510907204,
            20.447576992263166,
            20.591112345457233,
            Infinity
        ],
        "bestfit_sample_times": [
            0.1,
            0.6,
            1.1,
            1.6,
            2.1,
            2.6,
            3.1,
            3.6,
            4.1,
            4.6,
            5.1,
            5.6,
            6.1,
            6.6,
            7.1,
            7.6,
            8.1,
            8.6,
            9.1,
            9.6,
            10.1,
            10.6,
            11.1,
            11.6,
            12.1,
            12.6,
            13.1,
            13.6,
            14.1,
            14.6,
            15.1
        ]
    }
}