{
    "luminosity_distance": 159.4638303463212,
    "beta": 1.0168716975283345,
    "log10_kappa_r": -0.7881902203244102,
    "KNtimeshift": -1.1794230012517162,
    "log10_vej": -1.9585690263421016,
    "log10_mej": -2.791890667910417,
    "Ebv": 0.5719591169543571,
    "log_likelihood": -12.377923280885916,
    "log_prior": -16.12134142214046,
    "Best fit index": 4642,
    "Magnitudes": {
        "ztfg": [
            25.946628989984276,
            24.305873669276608,
            23.58974982211471,
            22.987617132571323,
            22.55208869306817,
            22.15406061073488,
            21.86224867514816,
            21.652298504194114,
            21.450873336428906,
            21.303121111572167,
            21.20119339561999,
            21.081148369903737,
            21.054587465247238,
            21.00226559002995,
            Infinity
        ],
        "bestfit_sample_times": [
            0.1,
            0.6,
            1.1,
            1.6,
            2.1,
            2.6,
            3.1,
            3.6,
            4.1,
            4.6,
            5.1,
            5.6,
            6.1,
            6.6,
            7.1
        ]
    }
}