{
    "luminosity_distance": 126.37106660732968,
    "beta": 3.733538612023021,
    "log10_kappa_r": 1.4076814657678445,
    "KNtimeshift": -0.6982465077970312,
    "log10_vej": -1.847963182434683,
    "log10_mej": -2.066102562104671,
    "Ebv": 0.1865531905107968,
    "log_likelihood": -4.696948462077796,
    "log_prior": -9.34692535672482,
    "Best fit index": 2734,
    "Magnitudes": {
        "ztfg": [
            25.75352377223671,
            23.689192109763397,
            23.440135970643873,
            22.537882578838904,
            22.121486090219868,
            21.84317082745691,
            Infinity
        ],
        "bestfit_sample_times": [
            0.1,
            0.6,
            1.1,
            1.6,
            2.1,
            2.6,
            3.1
        ]
    }
}