{
    "luminosity_distance": 185.00644339198448,
    "beta": 3.3306597140419822,
    "log10_kappa_r": 1.2266898307650085,
    "KNtimeshift": -1.8726238395278447,
    "log10_vej": -1.9187472656121105,
    "log10_mej": -2.958169984566993,
    "Ebv": 0.5034493056929269,
    "log_likelihood": -8.621401375676825,
    "log_prior": -11.068974106902116,
    "Best fit index": 3357,
    "Magnitudes": {
        "ztfg": [
            28.50932590116504,
            26.013428669367677,
            25.15669865219114,
            24.081232359705425,
            23.298403795449403,
            22.69879999233239,
            22.245815896652672,
            21.922146708445425,
            21.696545600914277,
            21.567311831942597,
            Infinity
        ],
        "bestfit_sample_times": [
            0.1,
            0.6,
            1.1,
            1.6,
            2.1,
            2.6,
            3.1,
            3.6,
            4.1,
            4.6,
            5.1
        ]
    }
}