{
    "luminosity_distance": 153.79702801728445,
    "KNtimeshift": -0.0622141992900201,
    "supernova_mag_boost": -0.2770350363237153,
    "Ebv": 0.5578186472048344,
    "log_likelihood": -34.94935894850768,
    "log_prior": -9.732250516331586,
    "Best fit index": 2932,
    "Magnitudes": {
        "ztfg": [
            20.347723940853946,
            18.4023458150497,
            17.778975437248505,
            17.559845399325425,
            17.377601011641744,
            17.221595357363803,
            17.08521518588222,
            16.96406994397823,
            16.855095321566303,
            16.756067627822844,
            16.665321916899153,
            16.58157917578422,
            16.50383555387053,
            16.431288687152495,
            16.36328714160979,
            16.304486655729733,
            16.25057327113752,
            16.199210841835907,
            16.150168833677256,
            16.103246616768523,
            16.05826850700192,
            16.01507979452348,
            15.973543532407547,
            15.93353791733977,
            15.894954135988165,
            15.867462576458628,
            15.85587039196578,
            15.844400668526838,
            15.83305084578327,
            15.821818442842726,
            15.810701055024118,
            15.79969635076771,
            15.788802068700221,
            15.778016014845683,
            15.767336059973559,
            15.758554109852959,
            15.784719693745771,
            15.811531456911439,
            15.839022125031924
        ],
        "bestfit_sample_times": [
            0.1,
            0.6,
            1.1,
            1.6,
            2.1,
            2.6,
            3.1,
            3.6,
            4.1,
            4.6,
            5.1,
            5.6,
            6.1,
            6.6,
            7.1,
            7.6,
            8.1,
            8.6,
            9.1,
            9.6,
            10.1,
            10.6,
            11.1,
            11.6,
            12.1,
            12.6,
            13.1,
            13.6,
            14.1,
            14.6,
            15.1,
            15.6,
            16.1,
            16.6,
            17.1,
            17.6,
            18.1,
            18.6,
            19.1
        ]
    }
}