{
    "luminosity_distance": 162.80905597149464,
    "KNtimeshift": -0.0681308039044295,
    "supernova_mag_boost": -0.4108424509012955,
    "Ebv": 0.4279326366966632,
    "log_likelihood": -12.88411157407601,
    "log_prior": -7.438940400362899,
    "Best fit index": 2507,
    "Magnitudes": {
        "ztfg": [
            20.343428831825392,
            18.398050706021696,
            17.77364970201435,
            17.554707941622166,
            17.37259366445529,
            17.21668330240198,
            17.080375931821376,
            16.959288121744816,
            16.850359964282344,
            16.75137063609596,
            16.660657139291576,
            16.576941830513892,
            16.499221850288162,
            16.426695569530434,
            16.358712110694608
        ],
        "bestfit_sample_times": [
            0.1,
            0.6,
            1.1,
            1.6,
            2.1,
            2.6,
            3.1,
            3.6,
            4.1,
            4.6,
            5.1,
            5.6,
            6.1,
            6.6,
            7.1
        ]
    }
}