{
    "luminosity_distance": 190.63885763703632,
    "KNtimeshift": -0.0573542064526547,
    "supernova_mag_boost": -0.7622876599440076,
    "Ebv": 0.0499660796497289,
    "log_likelihood": -31.27605100998072,
    "log_prior": -6.153495515300772,
    "Best fit index": 2639,
    "Magnitudes": {
        "ztfg": [
            20.364306305192187,
            18.418928179391884,
            17.79136803050426,
            17.573002427917935,
            17.391286545814452,
            17.23566808917778,
            17.099583797273155,
            16.97867201440735,
            16.86988629863376,
            16.771014601541005,
            16.680399888208903,
            16.596768709132746,
            16.519121240352177,
            16.44665810404485,
            16.37873012758068,
            16.317926944633342,
            16.262199834344287,
            16.20919390452825,
            16.15865572912375,
            16.110365715155744,
            16.06413233603481,
            16.019787543441623,
            15.977183080060485,
            15.936187488906022,
            15.896683667056557,
            15.863560276102852,
            15.851163620612155,
            15.838906910573371,
            15.82678702154584,
            15.814800932569803,
            15.802945721646587,
            15.791218561462856,
            15.779616715343337,
            15.76813753341753,
            15.756778448986907
        ],
        "bestfit_sample_times": [
            0.1,
            0.6,
            1.1,
            1.6,
            2.1,
            2.6,
            3.1,
            3.6,
            4.1,
            4.6,
            5.1,
            5.6,
            6.1,
            6.6,
            7.1,
            7.6,
            8.1,
            8.6,
            9.1,
            9.6,
            10.1,
            10.6,
            11.1,
            11.6,
            12.1,
            12.6,
            13.1,
            13.6,
            14.1,
            14.6,
            15.1,
            15.6,
            16.1,
            16.6,
            17.1
        ]
    }
}