{
    "luminosity_distance": 195.56955242067068,
    "KNtimeshift": -0.0620549358465881,
    "supernova_mag_boost": -0.8400944958772589,
    "Ebv": 0.4978061465685551,
    "log_likelihood": -16.562438998850013,
    "log_prior": -8.099935912778005,
    "Best fit index": 2551,
    "Magnitudes": {
        "ztfg": [
            20.343531225093106,
            18.39815309929287,
            17.77003688558554,
            17.55177258446502,
            17.370126786124615,
            17.21455969929896,
            17.078514675956193,
            16.95763388587647,
            16.848873253874295,
            16.75002227436179,
            16.6594249611435,
            16.575808602475902,
            16.498173908499055,
            16.425721897569694,
            16.357803697135147,
            16.29641425856748,
            16.239902949748185,
            16.1861880396223,
            16.135005775162746
        ],
        "bestfit_sample_times": [
            0.1,
            0.6,
            1.1,
            1.6,
            2.1,
            2.6,
            3.1,
            3.6,
            4.1,
            4.6,
            5.1,
            5.6,
            6.1,
            6.6,
            7.1,
            7.6,
            8.1,
            8.6,
            9.1
        ]
    }
}