{
    "luminosity_distance": 168.14555746348793,
    "KNtimeshift": -0.0717062714645466,
    "supernova_mag_boost": -0.4749200609351076,
    "Ebv": 0.283046468876422,
    "log_likelihood": -9.206155694431356,
    "log_prior": -6.744344791326238,
    "Best fit index": 2713,
    "Magnitudes": {
        "ztfg": [
            20.354308852974704,
            18.40893072717154,
            17.78392119534283,
            17.565090468953773,
            17.38305294050659,
            17.22719879806961,
            17.090934383171085,
            16.96988046358987,
            16.860979727159144,
            16.762013041599655,
            16.67131855794251
        ],
        "bestfit_sample_times": [
            0.1,
            0.6,
            1.1,
            1.6,
            2.1,
            2.6,
            3.1,
            3.6,
            4.1,
            4.6,
            5.1
        ]
    }
}