{
    "luminosity_distance": 175.22581493729538,
    "KNtimeshift": -0.0660738429050467,
    "supernova_mag_boost": -0.5806432140770657,
    "Ebv": 0.0181254899650938,
    "log_likelihood": -20.24171871005175,
    "log_prior": -6.0943339534096586,
    "Best fit index": 2189,
    "Magnitudes": {
        "ztfg": [
            20.35268366570293,
            18.407305539901643,
            17.781490665394955,
            17.56280687644533,
            17.380870934234473,
            17.225091215865397,
            17.088883672147006,
            16.96787462558128,
            16.85901019859714,
            16.760073496785665,
            16.669404191781027,
            16.5857265175364,
            16.508038973246336,
            16.43554093738996,
            16.367582295411168,
            16.3094509203694,
            16.25711176978549,
            16.20718007800152,
            16.159444076963496,
            16.113718767150957,
            16.069841587829927,
            16.027668928796466,
            15.98707329467836
        ],
        "bestfit_sample_times": [
            0.1,
            0.6,
            1.1,
            1.6,
            2.1,
            2.6,
            3.1,
            3.6,
            4.1,
            4.6,
            5.1,
            5.6,
            6.1,
            6.6,
            7.1,
            7.6,
            8.1,
            8.6,
            9.1,
            9.6,
            10.1,
            10.6,
            11.1
        ]
    }
}