{
  "injections": {
    "__dataframe__": true,
    "content": {
      "simulation_id": [
        0
      ],
      "luminosity_distance": [
        180.05623472306675
      ],
      "beta": [
        4.605310327155779
      ],
      "log10_kappa_r": [
        0.16478473501893975
      ],
      "KNtimeshift": [
        -1.0254461474077332
      ],
      "log10_vej": [
        -1.7681369041811428
      ],
      "log10_mej": [
        -1.1119269146004516
      ],
      "geocent_time": [
        0.041617406371293075
      ]
    }
  }
}