{
  "injections": {
    "__dataframe__": true,
    "content": {
      "simulation_id": [
        0
      ],
      "luminosity_distance": [
        194.5685879010393
      ],
      "beta": [
        1.2787757024912705
      ],
      "log10_kappa_r": [
        -0.5159741427803356
      ],
      "timeshift": [
        -1.0858074143264715
      ],
      "log10_vej": [
        -0.9973490993682592
      ],
      "log10_mej": [
        -1.9645564027998312
      ],
      "geocent_time": [
        0.08679591824298191
      ]
    }
  }
}