{
  "injections": {
    "__dataframe__": true,
    "content": {
      "simulation_id": [
        0
      ],
      "luminosity_distance": [
        150.8325393003882
      ],
      "timeshift": [
        0.39430115307583824
      ],
      "supernova_mag_boost": [
        -4.978090445346121
      ],
      "geocent_time": [
        0.07150213219958909
      ]
    }
  }
}