{
  "injections": {
    "__dataframe__": true,
    "content": {
      "simulation_id": [
        0
      ],
      "luminosity_distance": [
        200.64269409122272
      ],
      "KNtimeshift": [
        -0.6478791609136232
      ],
      "supernova_mag_boost": [
        1.5873425939653787
      ],
      "geocent_time": [
        0.02224961335222224
      ]
    }
  }
}