{
  "injections": {
    "__dataframe__": true,
    "content": {
      "simulation_id": [
        0
      ],
      "luminosity_distance": [
        180.89071475519282
      ],
      "KNtimeshift": [
        0.6326314929204686
      ],
      "supernova_mag_boost": [
        3.603911011610716
      ],
      "geocent_time": [
        -0.05963590769418921
      ]
    }
  }
}