{
  "injections": {
    "__dataframe__": true,
    "content": {
      "simulation_id": [
        0
      ],
      "luminosity_distance": [
        158.9250402020007
      ],
      "KNtimeshift": [
        0.24283382503904227
      ],
      "supernova_mag_boost": [
        2.75858072037889
      ],
      "geocent_time": [
        0.059073407409520856
      ]
    }
  }
}