{
    "luminosity_distance": 167.1308788786556,
    "timeshift": -0.9967797043725524,
    "supernova_mag_boost": 2.3032115316854407,
    "Ebv": 0.0,
    "log_likelihood": -41.34224048945117,
    "log_prior": -7.313220387090301,
    "log_bayes_factor": -46.337251687820746,
    "log_bayes_factor_err": 0.0596906252770208,
    "Best fit index": 3264,
    "Magnitudes": {
        "ztfg": [
            23.899513921314963,
            21.954135795511654,
            21.329241867625782,
            21.110390050931592,
            20.9283379434612,
            20.772473121136002,
            20.63620054576102,
            20.515140187671463,
            20.406234241680423,
            20.307263254301283,
            20.21656515832469,
            20.132862964847504,
            20.055154288019622,
            19.98263784997301,
            19.914663039114487,
            19.857153443119827,
            19.805358445954894,
            19.755922228264204,
            19.708639274560447,
            19.66332981104076,
            19.619835678324804
        ],
        "bestfit_sample_times": [
            -0.8967797043725524,
            -0.3967797043725524,
            0.10322029562744772,
            0.6032202956274477,
            1.1032202956274477,
            1.6032202956274477,
            2.1032202956274477,
            2.6032202956274477,
            3.1032202956274473,
            3.6032202956274473,
            4.103220295627447,
            4.603220295627447,
            5.103220295627447,
            5.603220295627447,
            6.103220295627447,
            6.603220295627447,
            7.103220295627447,
            7.603220295627447,
            8.103220295627448,
            8.603220295627448,
            9.103220295627448
        ]
    }
}