{
    "luminosity_distance": 222.1683801375407,
    "timeshift": -0.9959649018257664,
    "supernova_mag_boost": 0.6194413089968789,
    "Ebv": 0.0,
    "log_likelihood": -17.84682067567413,
    "log_prior": -7.313220387090301,
    "log_bayes_factor": -21.792460106897593,
    "log_bayes_factor_err": 0.05373467834141307,
    "Best fit index": 3231,
    "Magnitudes": {
        "ztfg": [
            22.89429708840615,
            20.948918962609927,
            20.317821556784136,
            20.10009963675323,
            19.91882926416812,
            19.76353745378714,
            19.62770291554497,
            19.506988285419187,
            19.398362155783932,
            19.29962228147615,
            19.20911829282255,
            19.12558143011677,
            19.048015265117474
        ],
        "bestfit_sample_times": [
            -0.8959649018257664,
            -0.3959649018257664,
            0.10403509817423373,
            0.6040350981742337,
            1.1040350981742337,
            1.6040350981742337,
            2.1040350981742337,
            2.6040350981742337,
            3.1040350981742333,
            3.6040350981742333,
            4.104035098174233,
            4.604035098174233,
            5.104035098174233
        ]
    }
}