{
    "luminosity_distance": 216.78016604835983,
    "timeshift": -0.9974695359442068,
    "supernova_mag_boost": 0.37225253407507,
    "Ebv": 0.0,
    "log_likelihood": -13.817499054183369,
    "log_prior": -7.313220387090301,
    "log_bayes_factor": -17.618876109491506,
    "log_bayes_factor_err": 0.052789109013348844,
    "Best fit index": 2841,
    "Magnitudes": {
        "ztfg": [
            22.59169117540125,
            20.64631304960489,
            20.015817049870034,
            19.797985777843156,
            19.616639688365193,
            19.461292346195723,
            19.32541533900378,
            19.204667178638612,
            19.09601390410528,
            18.99725160482601,
            18.90672877854937
        ],
        "bestfit_sample_times": [
            -0.8974695359442069,
            -0.39746953594420686,
            0.10253046405579325,
            0.6025304640557932,
            1.1025304640557931,
            1.6025304640557931,
            2.102530464055793,
            2.602530464055793,
            3.1025304640557927,
            3.6025304640557927,
            4.102530464055793
        ]
    }
}