{
    "luminosity_distance": 211.0281778210237,
    "timeshift": -0.995864503185778,
    "supernova_mag_boost": 0.173339563324876,
    "Ebv": 0.0,
    "log_likelihood": -10.211659707366218,
    "log_prior": -7.313220387090301,
    "log_bayes_factor": -13.724346105588674,
    "log_bayes_factor_err": 0.050711481884712015,
    "Best fit index": 2866,
    "Magnitudes": {
        "ztfg": [
            22.32685591067619,
            20.381477784878893,
            19.751625190830158,
            19.5336769037832,
            19.35224980571726,
            19.196843058191238,
            19.06092062391104,
            18.940136600384076,
            18.831454293979935
        ],
        "bestfit_sample_times": [
            -0.895864503185778,
            -0.39586450318577804,
            0.10413549681422207,
            0.6041354968142221,
            1.104135496814222,
            1.604135496814222,
            2.104135496814222,
            2.604135496814222,
            3.1041354968142216
        ]
    }
}