{
    "luminosity_distance": 167.44807476912837,
    "timeshift": -0.98916163301184,
    "supernova_mag_boost": 1.7900800824425902,
    "Ebv": 0.0,
    "log_likelihood": -28.225123696914416,
    "log_prior": -7.313220387090301,
    "log_bayes_factor": -32.73855770342678,
    "log_bayes_factor_err": 0.05695109618334277,
    "Best fit index": 3233,
    "Magnitudes": {
        "ztfg": [
            23.390869295847573,
            21.445491170044303,
            20.820561098306317,
            20.60171587560485,
            20.419668326289827,
            20.263806843022376,
            20.12753681899805,
            20.006478473881213,
            19.897574156631425,
            19.79860451418922,
            19.707907547578802,
            19.624206315880162,
            19.54649846796936,
            19.473982751730194,
            19.406008575070043,
            19.348560370570365,
            19.296860167793813
        ],
        "bestfit_sample_times": [
            -0.88916163301184,
            -0.38916163301184004,
            0.11083836698816008,
            0.6108383669881601,
            1.11083836698816,
            1.61083836698816,
            2.11083836698816,
            2.61083836698816,
            3.1108383669881596,
            3.6108383669881596,
            4.11083836698816,
            4.61083836698816,
            5.11083836698816,
            5.61083836698816,
            6.11083836698816,
            6.61083836698816,
            7.11083836698816
        ]
    }
}