{
    "luminosity_distance": 174.8289719970531,
    "beta": 1.0584699992688444,
    "log10_kappa_r": -0.7986531425961008,
    "KNtimeshift": -1.2647751837425176,
    "log10_vej": -1.91870565604098,
    "log10_mej": -2.820945092687283,
    "Ebv": 0.5549625437056162,
    "log_likelihood": -16.109570383788913,
    "log_prior": -12.443745227645795,
    "Best fit index": 4913,
    "Magnitudes": {
        "ztfg": [
            26.134167925912244,
            24.453120952308183,
            23.694302055472136,
            23.11455455214751,
            22.603988224900007,
            22.23875011090884,
            21.92811456463589,
            21.699472791286162,
            21.481363249941907,
            21.316901991694742,
            21.198150085247242,
            21.06308476608224,
            21.019253833171966,
            20.895249513141337,
            20.801069205461253,
            20.73510270017001,
            20.696318807455008,
            20.684202280005216,
            Infinity
        ],
        "bestfit_sample_times": [
            0.1,
            0.6,
            1.1,
            1.6,
            2.1,
            2.6,
            3.1,
            3.6,
            4.1,
            4.6,
            5.1,
            5.6,
            6.1,
            6.6,
            7.1,
            7.6,
            8.1,
            8.6,
            9.1
        ]
    }
}