{
    "luminosity_distance": 198.1607752957519,
    "beta": 1.0032928960149687,
    "log10_kappa_r": -0.7291028608500938,
    "KNtimeshift": -1.5886139501631158,
    "log10_vej": -1.9960970080356104,
    "log10_mej": -2.958807850178693,
    "Ebv": 0.4979800921301653,
    "log_likelihood": -24.311401710384263,
    "log_prior": -10.99264229586715,
    "Best fit index": 4212,
    "Magnitudes": {
        "ztfg": [
            26.495728703965717,
            24.751679946313807,
            24.020440283832528,
            23.368331973213458,
            22.884642119352286,
            22.44055581629663,
            22.158581502767852,
            21.84574377441148,
            21.596345931945798,
            21.39915632655488,
            21.246043899380886,
            21.130897387678083,
            20.99017893952061,
            20.93781592216496,
            20.794210485522072,
            20.675136771750417,
            20.57897997885013,
            20.504479788683,
            20.45068640956655,
            20.416925226739778,
            20.402788913154076,
            20.408134057636673,
            20.433105276825742,
            20.478164104509148,
            20.544155523980706,
            20.63238350193206,
            Infinity
        ],
        "bestfit_sample_times": [
            0.1,
            0.6,
            1.1,
            1.6,
            2.1,
            2.6,
            3.1,
            3.6,
            4.1,
            4.6,
            5.1,
            5.6,
            6.1,
            6.6,
            7.1,
            7.6,
            8.1,
            8.6,
            9.1,
            9.6,
            10.1,
            10.6,
            11.1,
            11.6,
            12.1,
            12.6,
            13.1
        ]
    }
}