{
    "luminosity_distance": 198.2531584471696,
    "beta": 1.0687055378488732,
    "log10_kappa_r": -0.9710229336058124,
    "KNtimeshift": -1.313153045108996,
    "log10_vej": -1.8282685821961464,
    "log10_mej": -2.626756561923364,
    "Ebv": 0.4966395263578129,
    "log_likelihood": -12.373996577841387,
    "log_prior": -10.974789080073885,
    "log_bayes_factor": -20.17051214492793,
    "Best fit index": 3942,
    "Magnitudes": {
        "ztfg": [
            25.828181268283153,
            24.18118964763495,
            23.47730916498616,
            22.90399270743125,
            22.4960104516326,
            22.180331194816908,
            21.91760350921922,
            21.681406775827888,
            21.511272130514385,
            21.396462291194155,
            21.329452145827332,
            21.192626805433257,
            21.095253661967703,
            21.03514797390747,
            Infinity
        ],
        "bestfit_sample_times": [
            0.1,
            0.6,
            1.1,
            1.6,
            2.1,
            2.6,
            3.1,
            3.6,
            4.1,
            4.6,
            5.1,
            5.6,
            6.1,
            6.6,
            7.1
        ]
    }
}