{
    "luminosity_distance": 197.8312415624198,
    "beta": 1.0010414230730915,
    "log10_kappa_r": -0.8772577405798161,
    "KNtimeshift": -0.643728740106956,
    "log10_vej": -1.9979815964334264,
    "log10_mej": -2.9192631889488183,
    "Ebv": 0.5552913986392566,
    "log_likelihood": -42.11274140167145,
    "log_prior": -12.462784440211996,
    "Best fit index": 4553,
    "Magnitudes": {
        "ztfg": [
            26.668136593077115,
            24.953406745875306,
            24.151009754200764,
            23.481451042973376,
            22.978350310124164,
            22.567149300634128,
            22.20462653368503,
            21.862794499988965,
            21.582996047898597,
            21.354005899782422,
            21.1676796859199,
            21.017911930365095,
            20.839075968875513,
            20.627071901940695,
            20.43995016468255,
            20.275513727711,
            20.13196472965327,
            20.007818709484035,
            19.90184414887034,
            19.81301703703349,
            19.740488694627768,
            19.683561672992447,
            19.641673726606644,
            19.614386851405598,
            19.60138239285624,
            19.60246023807712,
            19.617544017596067,
            19.64669086133025,
            19.690108957778143,
            19.74818178211624,
            19.821504665556134,
            19.910932790029065,
            20.017651274971612,
            20.143266374429757,
            20.28993960087311,
            20.460561963689308,
            20.659016929177966,
            20.890517620562264,
            Infinity
        ],
        "bestfit_sample_times": [
            0.1,
            0.6,
            1.1,
            1.6,
            2.1,
            2.6,
            3.1,
            3.6,
            4.1,
            4.6,
            5.1,
            5.6,
            6.1,
            6.6,
            7.1,
            7.6,
            8.1,
            8.6,
            9.1,
            9.6,
            10.1,
            10.6,
            11.1,
            11.6,
            12.1,
            12.6,
            13.1,
            13.6,
            14.1,
            14.6,
            15.1,
            15.6,
            16.1,
            16.6,
            17.1,
            17.6,
            18.1,
            18.6,
            19.1
        ]
    }
}