{
    "luminosity_distance": 165.89546655419056,
    "beta": 1.0608011570502114,
    "log10_kappa_r": -0.6699093703196568,
    "KNtimeshift": -0.8721555095505855,
    "log10_vej": -1.7272794165970535,
    "log10_mej": -2.895686869951545,
    "Ebv": 0.4382089328232019,
    "log_likelihood": -4.698362331330969,
    "log_prior": -10.403101121998034,
    "log_bayes_factor": -8.05963415945852,
    "Best fit index": 2695,
    "Magnitudes": {
        "ztfg": [
            25.316675097946458,
            23.782231298017557,
            23.082666094131056,
            22.571378193714786,
            22.187868801929653,
            21.90427916505073,
            Infinity
        ],
        "bestfit_sample_times": [
            0.1,
            0.6,
            1.1,
            1.6,
            2.1,
            2.6,
            3.1
        ]
    }
}