{
    "luminosity_distance": 183.01271354942983,
    "beta": 1.0143012537459484,
    "log10_kappa_r": -0.7073676354132643,
    "KNtimeshift": -1.8037359112761395,
    "log10_vej": -1.9715511218332624,
    "log10_mej": -2.982044893620942,
    "Ebv": 0.5494599602157719,
    "log_likelihood": -20.087363061590896,
    "log_prior": -12.169481934836018,
    "log_bayes_factor": -32.155067650276784,
    "Best fit index": 4889,
    "Magnitudes": {
        "ztfg": [
            26.490680681052524,
            24.77935944019257,
            23.992759125905707,
            23.38498126949912,
            22.89909183066179,
            22.45482062616295,
            22.116759329677045,
            21.86028627070779,
            21.612422755124143,
            21.41703798726943,
            21.266001959695387,
            21.15320551502596,
            21.01620944649629,
            20.908934186986087,
            20.770882147443615,
            20.657810333980322,
            20.568147157972135,
            20.500689274753505,
            20.45456210660992,
            20.429188331737365,
            20.42428783860595,
            20.439882217932073,
            Infinity
        ],
        "bestfit_sample_times": [
            0.1,
            0.6,
            1.1,
            1.6,
            2.1,
            2.6,
            3.1,
            3.6,
            4.1,
            4.6,
            5.1,
            5.6,
            6.1,
            6.6,
            7.1,
            7.6,
            8.1,
            8.6,
            9.1,
            9.6,
            10.1,
            10.6,
            11.1
        ]
    }
}