{
    "luminosity_distance": 171.58906827326982,
    "KNtimeshift": -0.0409481575719036,
    "supernova_mag_boost": 0.2241225843138226,
    "Ebv": 0.338742627915966,
    "log_likelihood": -5.544180624897411,
    "log_prior": -6.958138202438599,
    "Best fit index": 2306,
    "Magnitudes": {
        "ztfg": [
            21.103276408637655,
            19.15789828283523,
            18.532496780592975,
            18.313737565886147,
            18.13174947464088,
            17.975931549359995,
            17.839694808956185
        ],
        "bestfit_sample_times": [
            0.1,
            0.6,
            1.1,
            1.6,
            2.1,
            2.6,
            3.1
        ]
    }
}