{
    "luminosity_distance": 151.1266386900505,
    "KNtimeshift": -0.0444039562556229,
    "supernova_mag_boost": 0.5482248219380477,
    "Ebv": 0.1865462047091801,
    "log_likelihood": -16.579582231607386,
    "log_prior": -6.456535493875586,
    "Best fit index": 2899,
    "Magnitudes": {
        "ztfg": [
            21.132584767212776,
            19.18720664140828,
            18.564142373747273,
            18.344956358568695,
            18.16267329476485,
            18.006639318123945,
            17.87023751123072,
            17.74907520271703,
            17.640086773501835,
            17.541047680222533,
            17.450292397939698,
            17.366541506504262,
            17.28879086071018,
            17.21623787812161,
            17.148230959334164,
            17.089893098195745,
            17.036484120266856,
            16.98557968832141,
            16.93695539157268
        ],
        "bestfit_sample_times": [
            0.1,
            0.6,
            1.1,
            1.6,
            2.1,
            2.6,
            3.1,
            3.6,
            4.1,
            4.6,
            5.1,
            5.6,
            6.1,
            6.6,
            7.1,
            7.6,
            8.1,
            8.6,
            9.1
        ]
    }
}