{
    "luminosity_distance": 193.7611943883408,
    "KNtimeshift": -0.0417636416383244,
    "supernova_mag_boost": -0.0345387215431802,
    "Ebv": 0.2863796975480562,
    "log_likelihood": -9.22419606966004,
    "log_prior": -6.755931227018249,
    "Best fit index": 2775,
    "Magnitudes": {
        "ztfg": [
            21.12766302093919,
            19.182284895138835,
            18.554372494647367,
            18.336071065221596,
            18.15439957898586,
            17.99881366284761,
            17.86275424545584,
            17.741862094613104,
            17.633092267714957,
            17.5342336937089,
            17.443630002017827
        ],
        "bestfit_sample_times": [
            0.1,
            0.6,
            1.1,
            1.6,
            2.1,
            2.6,
            3.1,
            3.6,
            4.1,
            4.6,
            5.1
        ]
    }
}