{
    "luminosity_distance": 158.61488345805105,
    "KNtimeshift": -0.0389100303977065,
    "supernova_mag_boost": 0.4361699306071109,
    "Ebv": 0.3371354825668713,
    "log_likelihood": -34.969545528887615,
    "log_prior": -6.9512835356898,
    "Best fit index": 2619,
    "Magnitudes": {
        "ztfg": [
            21.131245102749162,
            19.18586697694524,
            18.56194515832632,
            18.34291590171779,
            18.160741154927383,
            18.004786502794847,
            17.86844529428807,
            17.747330788988105,
            17.638381033327843,
            17.539373871393142,
            17.448645399998714,
            17.364917339233646,
            17.28718636897457,
            17.214650518559363,
            17.146658651797114,
            17.08748352793084,
            17.033222869496182,
            16.981545354072512,
            16.932216170637208,
            16.88503113799538,
            16.83981159870343,
            16.796400334556008,
            16.754658267784638,
            16.71446177329675,
            16.675700470972647,
            16.64741380320783,
            16.635663610046574,
            16.62403922104878,
            16.61253797086599,
            16.601157277966703,
            16.58989464115839,
            16.57874763628813,
            16.567713913110826,
            16.556791192314993,
            16.5459772626967,
            16.53578494806906,
            16.561757806007524,
            16.588367242969287,
            16.61564524898493
        ],
        "bestfit_sample_times": [
            0.1,
            0.6,
            1.1,
            1.6,
            2.1,
            2.6,
            3.1,
            3.6,
            4.1,
            4.6,
            5.1,
            5.6,
            6.1,
            6.6,
            7.1,
            7.6,
            8.1,
            8.6,
            9.1,
            9.6,
            10.1,
            10.6,
            11.1,
            11.6,
            12.1,
            12.6,
            13.1,
            13.6,
            14.1,
            14.6,
            15.1,
            15.6,
            16.1,
            16.6,
            17.1,
            17.6,
            18.1,
            18.6,
            19.1
        ]
    }
}