{
    "luminosity_distance": 156.73058509021527,
    "KNtimeshift": -0.0592516721009619,
    "supernova_mag_boost": 0.47201839654522,
    "Ebv": 0.4025472191021411,
    "log_likelihood": -20.261394795958655,
    "log_prior": -7.277061955771076,
    "Best fit index": 2503,
    "Magnitudes": {
        "ztfg": [
            21.139941737214144,
            19.194563611410114,
            18.570857337598984,
            18.351788698459142,
            18.169586736645694,
            18.013612152667417,
            17.877255716887387,
            17.756129199059576,
            17.64716972478477,
            17.548154538348964,
            17.457419329112337,
            17.373685530675143,
            17.295949615601852,
            17.223409459510105,
            17.15541380981446,
            17.09627798986659,
            17.042017984977445,
            16.990341062343692,
            16.941012419038454,
            16.893827880585402,
            16.848608795163205,
            16.80519794930733,
            16.763456269274915
        ],
        "bestfit_sample_times": [
            0.1,
            0.6,
            1.1,
            1.6,
            2.1,
            2.6,
            3.1,
            3.6,
            4.1,
            4.6,
            5.1,
            5.6,
            6.1,
            6.6,
            7.1,
            7.6,
            8.1,
            8.6,
            9.1,
            9.6,
            10.1,
            10.6,
            11.1
        ]
    }
}