{
    "luminosity_distance": 188.73709455819625,
    "KNtimeshift": -0.0543775536752108,
    "supernova_mag_boost": 0.0345478475994749,
    "Ebv": 0.3839597830327348,
    "log_likelihood": -23.938442873749818,
    "log_prior": -7.17321321769517,
    "Best fit index": 3108,
    "Magnitudes": {
        "ztfg": [
            21.14015107981194,
            19.194772954011807,
            18.567427570441847,
            18.349022840084256,
            18.16727989103342,
            18.011641596475503,
            17.87554214077038,
            17.754618390383367,
            17.645822989135862,
            17.54694329269911,
            17.456321861106087,
            17.372684959922314,
            17.295032558921857,
            17.222565127286433,
            17.15463337650603,
            17.09390846590267,
            17.038255084709174,
            16.985315862256872,
            16.934838329981975,
            16.88660368588764,
            16.840421062534343,
            16.796122965289765,
            16.75356160534344,
            16.712605924807686,
            16.6731391628451,
            16.640294604994875,
            16.62792969750041
        ],
        "bestfit_sample_times": [
            0.1,
            0.6,
            1.1,
            1.6,
            2.1,
            2.6,
            3.1,
            3.6,
            4.1,
            4.6,
            5.1,
            5.6,
            6.1,
            6.6,
            7.1,
            7.6,
            8.1,
            8.6,
            9.1,
            9.6,
            10.1,
            10.6,
            11.1,
            11.6,
            12.1,
            12.6,
            13.1
        ]
    }
}