{
    "luminosity_distance": 191.3657598424753,
    "KNtimeshift": -0.0579124385261369,
    "supernova_mag_boost": 0.0087785461977034,
    "Ebv": 0.1935993342353301,
    "log_likelihood": -31.292054197039093,
    "log_prior": -6.474983904039946,
    "Best fit index": 2643,
    "Magnitudes": {
        "ztfg": [
            21.143495075335657,
            19.19811694953531,
            18.570474754783106,
            18.352124099476804,
            18.170418557708935,
            18.01480767994269,
            17.878729181338585,
            17.757821970719966,
            17.649039955377766,
            17.550171314548145,
            17.459559168047193,
            17.375930175221406,
            17.29828459091094,
            17.225823095743934,
            17.157896561361525,
            17.097046170325584,
            17.041264591059203,
            16.98820938526476,
            16.93762641803083,
            16.889295510929564,
            16.8430246495843,
            16.798645376003677,
            16.756009086280166,
            16.714984028225665,
            16.67545284592095,
            16.642210642011094,
            16.62979002784376,
            16.61750989752923,
            16.605367108680028,
            16.59335862317844,
            16.581481502613862,
            16.5697329039669,
            16.55811007552459,
            16.546610353011886,
            16.535231155925942
        ],
        "bestfit_sample_times": [
            0.1,
            0.6,
            1.1,
            1.6,
            2.1,
            2.6,
            3.1,
            3.6,
            4.1,
            4.6,
            5.1,
            5.6,
            6.1,
            6.6,
            7.1,
            7.6,
            8.1,
            8.6,
            9.1,
            9.6,
            10.1,
            10.6,
            11.1,
            11.6,
            12.1,
            12.6,
            13.1,
            13.6,
            14.1,
            14.6,
            15.1,
            15.6,
            16.1,
            16.6,
            17.1
        ]
    }
}