{
    "luminosity_distance": 178.1386484029431,
    "KNtimeshift": -0.040557525630653,
    "supernova_mag_boost": 0.1512356733045594,
    "Ebv": 0.4590715608220004,
    "log_likelihood": -12.90215365945926,
    "log_prior": -7.68170387862669,
    "Best fit index": 3059,
    "Magnitudes": {
        "ztfg": [
            21.127095472800967,
            19.18171734700056,
            18.555571820307105,
            18.336948358294986,
            18.15505413027218,
            17.999304976029446,
            17.86312078989216,
            17.742130174355648,
            17.63328066180861,
            17.53435627662618,
            17.443697314799355,
            17.360028449400968,
            17.282348497460948,
            17.209857073178082,
            17.141904240510517
        ],
        "bestfit_sample_times": [
            0.1,
            0.6,
            1.1,
            1.6,
            2.1,
            2.6,
            3.1,
            3.6,
            4.1,
            4.6,
            5.1,
            5.6,
            6.1,
            6.6,
            7.1
        ]
    }
}