{
    "luminosity_distance": 167.89527392660432,
    "KNtimeshift": -0.0969725803717634,
    "inclination_EM": 0.1535067515539722,
    "log10_n0": -2.8643633088646494,
    "p": 2.2293521677151427,
    "log10_epsilon_e": -0.6898854330844433,
    "log10_epsilon_B": -0.9422256335057132,
    "Ebv": 0.0634641454586975,
    "log10_E0": 53.0,
    "thetaCore": 0.05,
    "thetaWing": 0.1,
    "ksiN": 1.0,
    "L0": 0.0,
    "dL": 3.09e+19,
    "b": 6.0,
    "q": 0.0,
    "ts": 0.0,
    "log_likelihood": -13.639646358118087,
    "log_prior": -9.07718232362712,
    "Best fit index": 5229,
    "Magnitudes": {
        "ztfg": [
            29.97221035474385,
            19.71316940338543,
            18.27826184662116,
            17.868257252180634,
            17.728664738465298,
            17.66086352651245,
            17.62132031286944,
            17.609980096653373,
            17.602399531339888,
            17.603901011418564,
            17.61274890271448,
            17.621596794010394,
            17.63320058016363,
            17.649613776777006,
            17.666026973390384
        ],
        "bestfit_sample_times": [
            0.1,
            0.6,
            1.1,
            1.6,
            2.1,
            2.6,
            3.1,
            3.6,
            4.1,
            4.6,
            5.1,
            5.6,
            6.1,
            6.6,
            7.1
        ]
    }
}