{
    "luminosity_distance": 150.9203555781358,
    "KNtimeshift": 0.5794498899997617,
    "inclination_EM": 0.0841184760195304,
    "log10_n0": -2.3111976439061457,
    "p": 2.9113623235291324,
    "log10_epsilon_e": -2.849735364107468,
    "log10_epsilon_B": -1.4287968414347685,
    "Ebv": 0.2580211269207092,
    "log10_E0": 53.0,
    "thetaCore": 0.05,
    "thetaWing": 0.1,
    "ksiN": 1.0,
    "L0": 0.0,
    "dL": 3.09e+19,
    "b": 6.0,
    "q": 0.0,
    "ts": 0.0,
    "log_likelihood": -1.8489240038269903,
    "log_prior": -10.157672886535533,
    "log_bayes_factor": -4.981513410090693,
    "Best fit index": 2305,
    "Magnitudes": {
        "ztfg": [
            20.822476217590214,
            23.4292311383669,
            24.307359543755183,
            24.877138077391706,
            25.30158645735183,
            25.655717329039916,
            25.97465692679099,
            26.242512821270083,
            26.503558911521402,
            26.74273686193697,
            26.964225807194254,
            27.18571475245154,
            27.398497322554636,
            27.596086086687507,
            27.793674850820377
        ],
        "bestfit_sample_times": [
            0.1,
            0.6,
            1.1,
            1.6,
            2.1,
            2.6,
            3.1,
            3.6,
            4.1,
            4.6,
            5.1,
            5.6,
            6.1,
            6.6,
            7.1
        ]
    }
}