{
    "luminosity_distance": 163.4091633096469,
    "KNtimeshift": 0.2040021978191356,
    "inclination_EM": 0.1088538928670024,
    "log10_n0": 1.522540628406606,
    "p": 2.6178559467544096,
    "log10_epsilon_e": -2.660237927850479,
    "log10_epsilon_B": -2.7953067610929483,
    "Ebv": 0.3071464736956389,
    "log10_E0": 53.0,
    "thetaCore": 0.05,
    "thetaWing": 0.1,
    "ksiN": 1.0,
    "L0": 0.0,
    "dL": 3.09e+19,
    "b": 6.0,
    "q": 0.0,
    "ts": 0.0,
    "log_likelihood": -1.84825769340104,
    "log_prior": -10.070601403185009,
    "log_bayes_factor": -4.931118724571065,
    "Best fit index": 2833,
    "Magnitudes": {
        "ztfg": [
            18.640695464249387,
            21.742113348333078,
            23.706260661659417,
            25.20748487530296,
            26.31650418454763,
            27.149944928646228,
            27.822103523907735,
            28.409056181220983,
            28.843403764962183,
            29.270816260379792,
            29.599311058998097,
            29.90889800752957,
            30.20966853372689,
            30.43431803751173,
            30.65896754129657,
            30.883617045081408,
            31.073516327676963,
            31.237041503040697,
            31.40056667840443
        ],
        "bestfit_sample_times": [
            0.1,
            0.6,
            1.1,
            1.6,
            2.1,
            2.6,
            3.1,
            3.6,
            4.1,
            4.6,
            5.1,
            5.6,
            6.1,
            6.6,
            7.1,
            7.6,
            8.1,
            8.6,
            9.1
        ]
    }
}