{
    "luminosity_distance": 177.22037416898834,
    "KNtimeshift": 0.2770710538815317,
    "inclination_EM": 0.0834830675192426,
    "log10_n0": 0.1080162129913588,
    "p": 2.707867626789004,
    "log10_epsilon_e": -2.957192554665529,
    "log10_epsilon_B": -0.9190582606371764,
    "Ebv": 0.3607425480123112,
    "log10_E0": 53.0,
    "thetaCore": 0.05,
    "thetaWing": 0.1,
    "ksiN": 1.0,
    "L0": 0.0,
    "dL": 3.09e+19,
    "b": 6.0,
    "q": 0.0,
    "ts": 0.0,
    "log_likelihood": -1.848259303504117,
    "log_prior": -10.560867221165168,
    "log_bayes_factor": -4.905808420551358,
    "Best fit index": 3210,
    "Magnitudes": {
        "ztfg": [
            19.104349420524642,
            22.17035327936435,
            23.541252395792377,
            24.645667614364907,
            25.624538806067996,
            26.46931358984547,
            27.190166977507054,
            27.80986883950198,
            28.34539409442015,
            28.81614771912705,
            29.23946080564725,
            29.615599173720334,
            29.950039953409153,
            30.268869842107634,
            30.539930245413494,
            30.80826604967819,
            31.03805847433099,
            31.267850898983795,
            31.46923447770152,
            31.663490449101648,
            31.852052199732306,
            32.01686089104365,
            32.181669582355,
            32.341307854839705,
            32.479871588076264,
            32.618435321312816,
            32.756999054549375,
            32.88005620244382,
            32.99799622102621,
            33.1159362396086,
            33.23387625819099,
            33.3364174101772,
            33.434884544302456,
            33.533351678427714,
            33.63181881255297,
            33.72686526397738,
            33.81086503034823,
            33.894864796719084,
            33.978864563089935
        ],
        "bestfit_sample_times": [
            0.1,
            0.6,
            1.1,
            1.6,
            2.1,
            2.6,
            3.1,
            3.6,
            4.1,
            4.6,
            5.1,
            5.6,
            6.1,
            6.6,
            7.1,
            7.6,
            8.1,
            8.6,
            9.1,
            9.6,
            10.1,
            10.6,
            11.1,
            11.6,
            12.1,
            12.6,
            13.1,
            13.6,
            14.1,
            14.6,
            15.1,
            15.6,
            16.1,
            16.6,
            17.1,
            17.6,
            18.1,
            18.6,
            19.1
        ]
    }
}