{
    "luminosity_distance": 175.4186970810007,
    "KNtimeshift": 0.1221232297316604,
    "inclination_EM": 0.1301389232907551,
    "log10_n0": 2.504966550189464,
    "p": 2.3891560696421825,
    "log10_epsilon_e": -2.3415929657640886,
    "log10_epsilon_B": -1.5948474774292425,
    "Ebv": 0.5717328902473756,
    "log10_E0": 53.0,
    "thetaCore": 0.05,
    "thetaWing": 0.1,
    "ksiN": 1.0,
    "L0": 0.0,
    "dL": 3.09e+19,
    "b": 6.0,
    "q": 0.0,
    "ts": 0.0,
    "log_likelihood": -1.8484304524906556,
    "log_prior": -15.87834084772243,
    "log_bayes_factor": -4.917592829983385,
    "Best fit index": 2624,
    "Magnitudes": {
        "ztfg": [
            18.06663248505734,
            21.305751313650447,
            23.44545443498271,
            24.786846555943853,
            25.719212637054436,
            26.381356314753887,
            26.90735680995978,
            27.322988210987532,
            27.66995629014857,
            27.981064438340447,
            28.23555223799298,
            28.473113844243173,
            28.673396198858324,
            28.872371301695253,
            29.02844223474557,
            29.184513167795885,
            29.331973803396657,
            29.45595194876496,
            29.57993009413326,
            29.70390823950156,
            29.80384796730264,
            29.901925402173504,
            30.000002837044363,
            30.098080271915222,
            30.1781528849086,
            30.255945667964347,
            30.33373845102009
        ],
        "bestfit_sample_times": [
            0.1,
            0.6,
            1.1,
            1.6,
            2.1,
            2.6,
            3.1,
            3.6,
            4.1,
            4.6,
            5.1,
            5.6,
            6.1,
            6.6,
            7.1,
            7.6,
            8.1,
            8.6,
            9.1,
            9.6,
            10.1,
            10.6,
            11.1,
            11.6,
            12.1,
            12.6,
            13.1
        ]
    }
}