{
    "luminosity_distance": 181.9227574458932,
    "KNtimeshift": 0.0983124837879379,
    "inclination_EM": 0.1245831003375291,
    "log10_n0": 2.348476760007009,
    "p": 2.460297940872078,
    "log10_epsilon_e": -2.3306007824225947,
    "log10_epsilon_B": -1.5746747567641262,
    "Ebv": 0.5098066756680008,
    "log10_E0": 53.0,
    "thetaCore": 0.05,
    "thetaWing": 0.1,
    "ksiN": 1.0,
    "L0": 0.0,
    "dL": 3.09e+19,
    "b": 6.0,
    "q": 0.0,
    "ts": 0.0,
    "log_likelihood": -1.848248956184224,
    "log_prior": -11.380274949500196,
    "log_bayes_factor": -4.919966413079833,
    "Best fit index": 2825,
    "Magnitudes": {
        "ztfg": [
            17.842206910973513,
            21.17898888914995,
            23.382937855338362,
            24.78250093107117,
            25.76021971859665,
            26.46257666833607,
            27.017254562600435,
            27.47299540590607,
            27.853861237955186,
            28.16666026522189,
            28.450344471432455,
            28.696789760952353,
            28.917414543715516,
            29.1165330495105,
            29.300484771401212,
            29.461159491265292,
            29.621834211129375,
            29.75738270076259,
            29.888372674627846,
            30.0193626484931,
            30.12998533847179,
            30.236378702032155,
            30.342772065592516,
            30.4440273520135,
            30.530077139581195,
            30.61612692714889,
            30.70217671471659,
            30.78796254429548,
            30.858620041205203,
            30.929277538114924,
            30.99993503502465
        ],
        "bestfit_sample_times": [
            0.1,
            0.6,
            1.1,
            1.6,
            2.1,
            2.6,
            3.1,
            3.6,
            4.1,
            4.6,
            5.1,
            5.6,
            6.1,
            6.6,
            7.1,
            7.6,
            8.1,
            8.6,
            9.1,
            9.6,
            10.1,
            10.6,
            11.1,
            11.6,
            12.1,
            12.6,
            13.1,
            13.6,
            14.1,
            14.6,
            15.1
        ]
    }
}