{
    "luminosity_distance": 219.98131845457775,
    "KNtimeshift": 0.3001859336307011,
    "supernova_mag_boost": 3.078511293318522,
    "Ebv": 0.5373984374010683,
    "log_likelihood": -4.72753044431275,
    "log_prior": -8.856601316736223,
    "Best fit index": 2191,
    "Magnitudes": {
        "ztfg": [
            24.550424778021323,
            22.60504665222517,
            21.97419320372849,
            21.756426933005095,
            21.57512584980764,
            21.419811515040948,
            21.283959750401202
        ],
        "bestfit_sample_times": [
            0.1,
            0.6,
            1.1,
            1.6,
            2.1,
            2.6,
            3.1
        ]
    }
}