{
    "luminosity_distance": 157.7225806420796,
    "KNtimeshift": 0.2003517260587652,
    "supernova_mag_boost": 3.952902919299211,
    "Ebv": 0.4581288561767551,
    "log_likelihood": -8.627003779491488,
    "log_prior": -7.673419943974542,
    "Best fit index": 2849,
    "Magnitudes": {
        "ztfg": [
            24.635171421150694,
            22.689793295346718,
            22.065973526845582,
            21.84692562633007,
            21.664737995589967,
            21.508773907351724,
            21.37242548990971,
            21.251305297570063,
            21.142350940843436,
            21.043339979867127,
            20.95260831856293
        ],
        "bestfit_sample_times": [
            0.1,
            0.6,
            1.1,
            1.6,
            2.1,
            2.6,
            3.1,
            3.6,
            4.1,
            4.6,
            5.1
        ]
    }
}