{
    "luminosity_distance": 163.3796364068985,
    "KNtimeshift": 0.1319025754928589,
    "supernova_mag_boost": 3.9310765266418457,
    "Ebv": 0.3771256116628647,
    "log_likelihood": -16.10079878984007,
    "log_prior": -7.137588333736627,
    "Best fit index": 2424,
    "Magnitudes": {
        "ztfg": [
            24.693323429753065,
            22.747945303949408,
            22.123479173208693,
            21.90454929904653,
            21.722443237223317,
            21.566538892706404,
            21.430236119753033,
            21.30915193692514,
            21.200226714220385,
            21.101239809329265,
            21.01052834734533,
            20.926814771395115,
            20.84909628458901,
            20.776571304252087,
            20.70858898798017,
            20.65016222640473,
            20.59701532547809,
            20.546349017762772,
            20.497942032751844
        ],
        "bestfit_sample_times": [
            0.1,
            0.6,
            1.1,
            1.6,
            2.1,
            2.6,
            3.1,
            3.6,
            4.1,
            4.6,
            5.1,
            5.6,
            6.1,
            6.6,
            7.1,
            7.6,
            8.1,
            8.6,
            9.1
        ]
    }
}