{
    "luminosity_distance": 170.76846576020034,
    "KNtimeshift": 0.0978177386434988,
    "supernova_mag_boost": 3.843668241112415,
    "Ebv": 0.3987892799480236,
    "log_likelihood": -31.03679601501252,
    "log_prior": -7.255178471141627,
    "Best fit index": 2398,
    "Magnitudes": {
        "ztfg": [
            24.710740716649696,
            22.765362590847058,
            22.140054447030845,
            21.921278198830134,
            21.739278331550775,
            21.583451779016226,
            21.447208446150082,
            21.32617116041521,
            21.21728388310996,
            21.118328311662946,
            21.02764316085845,
            20.94395199171893,
            20.866252816393033,
            20.793744652160786,
            20.72577711093351,
            20.66859849121695,
            20.617397781399138,
            20.568503229226184,
            20.521716012143163,
            20.47686196040892,
            20.433787642616448,
            20.39235719858682,
            20.352449754685257,
            20.313957297578693,
            20.27678291219279,
            20.248400427029598,
            20.238095588666855,
            20.22788763579629,
            20.21777476355044,
            20.207755217030734,
            20.1978272894798,
            20.18798932053654,
            20.178239694569623,
            20.168576839085024,
            20.158999223203946
        ],
        "bestfit_sample_times": [
            0.1,
            0.6,
            1.1,
            1.6,
            2.1,
            2.6,
            3.1,
            3.6,
            4.1,
            4.6,
            5.1,
            5.6,
            6.1,
            6.6,
            7.1,
            7.6,
            8.1,
            8.6,
            9.1,
            9.6,
            10.1,
            10.6,
            11.1,
            11.6,
            12.1,
            12.6,
            13.1,
            13.6,
            14.1,
            14.6,
            15.1,
            15.6,
            16.1,
            16.6,
            17.1
        ]
    }
}