{
    "luminosity_distance": 165.3622085332342,
    "timeshift": -0.0841298526847363,
    "inclination_EM": 0.1325867174723452,
    "log10_n0": -1.7026202498513865,
    "p": 2.0564070206605,
    "log10_epsilon_e": -1.768926725873882,
    "log10_epsilon_B": -1.1537323081648796,
    "log10_E0": 53.0,
    "thetaCore": 0.05,
    "thetaWing": 0.1,
    "ksiN": 1.0,
    "L0": 0.0,
    "dL": 3.09e+19,
    "b": 6.0,
    "q": 0.0,
    "ts": 0.0,
    "Ebv": 0.0,
    "log_likelihood": -23.035512408979677,
    "log_prior": -10.356239436249016,
    "log_bayes_factor": -30.026806026651705,
    "log_bayes_factor_err": 0.07334912325423293,
    "Best fit index": 3321,
    "Magnitudes": {
        "ztfg": [
            19.393753343826226,
            18.38528685323903,
            18.492240482454008,
            18.623829999224796,
            18.764170225246282,
            18.907671695484236,
            19.036934001206347,
            19.16345187189334,
            19.28800373434621,
            19.397009586065906,
            19.5060154377856
        ],
        "ztfr": [
            19.22796489687515,
            18.21377074383254,
            18.305964996865704,
            18.40853943391044,
            18.517101570216294,
            18.62847474797007,
            18.74566671061388,
            18.863980177057737,
            18.981028318786798,
            19.0880710336536,
            19.1951137485204
        ],
        "sdssg": [
            19.405406935153568,
            18.397574724091157,
            18.505900572607057,
            18.640760975412544,
            18.78337000511103,
            18.92843008253557,
            19.058229727761066,
            19.185088100362634,
            19.309953185248183,
            19.419056549663964,
            19.52815991407974
        ],
        "sdssi": [
            19.13824008639757,
            18.122551073485756,
            18.21128141829904,
            18.306689693629746,
            18.404014211190844,
            18.502293844217284,
            18.60879300921454,
            18.71687639437358,
            18.824593995380745,
            18.92941919530213,
            19.034244395223514
        ],
        "sdssr": [
            19.249417396006024,
            18.235684534010787,
            18.329004945234438,
            18.433635205757575,
            18.545647963338414,
            18.66113594266733,
            18.78042965065923,
            18.90045686903829,
            19.019083771205146,
            19.126637814933773,
            19.234191858662403
        ],
        "bestfit_sample_times": [
            0.015870147315263705,
            0.5158701473152637,
            1.0158701473152638,
            1.5158701473152638,
            2.0158701473152636,
            2.5158701473152636,
            3.0158701473152636,
            3.5158701473152636,
            4.015870147315264,
            4.515870147315264,
            5.015870147315264
        ]
    },
    "chi2_per_dof": 0.07192217397619079,
    "chi2_per_dof_per_filt": {
        "ztfg": 0.041490329493286494,
        "ztfr": 0.16010190429474905,
        "sdssg": 0.08090412724256456,
        "sdssi": 0.13361858998609177,
        "sdssr": 0.021674871444372624
    }
}