{
    "luminosity_distance": 155.04027992471237,
    "timeshift": 0.0687906399388791,
    "inclination_EM": 0.13040202701014,
    "log10_n0": -2.1613611066999523,
    "p": 2.110749135949673,
    "log10_epsilon_e": -1.995645489110053,
    "log10_epsilon_B": -0.3599082269086704,
    "log10_E0": 53.0,
    "thetaCore": 0.05,
    "thetaWing": 0.1,
    "ksiN": 1.0,
    "L0": 0.0,
    "dL": 3.09e+19,
    "b": 6.0,
    "q": 0.0,
    "ts": 0.0,
    "Ebv": 0.0,
    "log_likelihood": -16.23608291524523,
    "log_prior": -10.372758276424737,
    "log_bayes_factor": -22.678301702376224,
    "log_bayes_factor_err": 0.07032171394680915,
    "Best fit index": 3485,
    "Magnitudes": {
        "ztfg": [
            19.04249650472711,
            18.120612062682046,
            18.437493348773128,
            18.657089290241817,
            18.840824789680628,
            18.986323880243773,
            19.131822970806923,
            19.2408085870336,
            19.348290270421785
        ],
        "ztfr": [
            18.753572533950322,
            17.790394901876997,
            18.107276187968075,
            18.326872129436765,
            18.510607628875576,
            18.65610671943872,
            18.80160581000187,
            18.910591426228553,
            19.018073109616733
        ],
        "sdssg": [
            19.065663151827632,
            18.143778709855265,
            18.460659995946347,
            18.680255937415037,
            18.863991436853844,
            19.009490527416993,
            19.154989617980146,
            19.263975234206825,
            19.371456917595005
        ],
        "sdssi": [
            18.630493874993263,
            17.611607068663893,
            17.928488354754975,
            18.14808429622367,
            18.33181979566248,
            18.477318886225625,
            18.622817976788774,
            18.731803593015453,
            18.839285276403636
        ],
        "sdssr": [
            18.78523172603337,
            17.833116011823865,
            18.149997297914947,
            18.369593239383637,
            18.553328738822447,
            18.698827829385593,
            18.84432691994874,
            18.95331253617542,
            19.0607942195636
        ],
        "bestfit_sample_times": [
            0.1687906399388791,
            0.6687906399388791,
            1.1687906399388792,
            1.6687906399388792,
            2.168790639938879,
            2.668790639938879,
            3.168790639938879,
            3.668790639938879,
            4.168790639938878
        ]
    },
    "chi2_per_dof": 0.06479935940040499,
    "chi2_per_dof_per_filt": {
        "ztfg": 0.012714925660637288,
        "ztfr": 0.14818283818184017,
        "sdssg": 0.11877752684448159,
        "sdssi": 0.021815282639955667,
        "sdssr": 0.04102437745186575
    }
}