{
    "luminosity_distance": 153.19625111232205,
    "KNtimeshift": -0.0808169295112658,
    "inclination_EM": 0.1480439266095319,
    "log10_n0": -2.967289323235791,
    "p": 2.666660162569709,
    "log10_epsilon_e": -0.0001653413329392,
    "log10_epsilon_B": -0.5988433506201427,
    "Ebv": 0.0416414602818821,
    "log10_E0": 53.0,
    "thetaCore": 0.05,
    "thetaWing": 0.1,
    "ksiN": 1.0,
    "L0": 0.0,
    "dL": 3.09e+19,
    "b": 6.0,
    "q": 0.0,
    "ts": 0.0,
    "log_likelihood": -37.29434616620919,
    "log_prior": -9.071157668111978,
    "Best fit index": 7721,
    "Magnitudes": {
        "ztfg": [
            27.535085277278277,
            17.114221074598216,
            14.78015977250687,
            13.888337716259205,
            13.601499783676559,
            13.508595034074943,
            13.455422307447428,
            13.44787120507537,
            13.451246994215083,
            13.4737753601176,
            13.503353555078519,
            13.54139192076525,
            13.582538890045456,
            13.626275060633581,
            13.671237616985891,
            13.718082351135326,
            13.764927085284764,
            13.813413256871275,
            13.862197225555494,
            13.91098119423971,
            13.96018999656038,
            14.009487016835497,
            14.058784037110613,
            14.107951960945243,
            14.156737839955618,
            14.205523718965992,
            14.25430959797637,
            14.303076056682094,
            14.350729471487966,
            14.398382886293842,
            14.446036301099713
        ],
        "bestfit_sample_times": [
            0.1,
            0.6,
            1.1,
            1.6,
            2.1,
            2.6,
            3.1,
            3.6,
            4.1,
            4.6,
            5.1,
            5.6,
            6.1,
            6.6,
            7.1,
            7.6,
            8.1,
            8.6,
            9.1,
            9.6,
            10.1,
            10.6,
            11.1,
            11.6,
            12.1,
            12.6,
            13.1,
            13.6,
            14.1,
            14.6,
            15.1
        ]
    }
}