{
    "luminosity_distance": 175.84190621302238,
    "KNtimeshift": -0.0797897932923829,
    "inclination_EM": 0.1419534080880338,
    "log10_n0": -2.7733437633061957,
    "p": 2.717093688103573,
    "log10_epsilon_e": -0.0295536914411598,
    "log10_epsilon_B": -0.7875187647564452,
    "Ebv": 0.2466652096535261,
    "log10_E0": 53.0,
    "thetaCore": 0.05,
    "thetaWing": 0.1,
    "ksiN": 1.0,
    "L0": 0.0,
    "dL": 3.09e+19,
    "b": 6.0,
    "q": 0.0,
    "ts": 0.0,
    "log_likelihood": -14.663740322266673,
    "log_prior": -9.601096688209608,
    "Best fit index": 5230,
    "Magnitudes": {
        "ztfg": [
            25.436744744213748,
            16.2799234314129,
            14.689832574243258,
            14.308651818123167,
            14.209211618359443,
            14.185919474419457,
            14.194334093901961,
            14.230550112896683,
            14.270472247067282,
            14.31831222988465,
            14.372556912260702,
            14.426801594636753,
            14.483246690949724,
            14.543531808146199,
            14.603816925342674
        ],
        "bestfit_sample_times": [
            0.1,
            0.6,
            1.1,
            1.6,
            2.1,
            2.6,
            3.1,
            3.6,
            4.1,
            4.6,
            5.1,
            5.6,
            6.1,
            6.6,
            7.1
        ]
    }
}