{
    "luminosity_distance": 160.09728518697102,
    "KNtimeshift": -0.0849267594591715,
    "inclination_EM": 0.1490413354567736,
    "log10_n0": -2.9984710798169893,
    "p": 2.927306685032375,
    "log10_epsilon_e": -0.003446237843351,
    "log10_epsilon_B": -0.6489042669646135,
    "Ebv": 0.0247190331124163,
    "log10_E0": 53.0,
    "thetaCore": 0.05,
    "thetaWing": 0.1,
    "ksiN": 1.0,
    "L0": 0.0,
    "dL": 3.09e+19,
    "b": 6.0,
    "q": 0.0,
    "ts": 0.0,
    "log_likelihood": -44.05592418673053,
    "log_prior": -9.033106721478102,
    "Best fit index": 7611,
    "Magnitudes": {
        "ztfg": [
            28.046685922346292,
            17.535401743108686,
            15.108116452841717,
            13.997370746826515,
            13.652299133421312,
            13.503651471337136,
            13.443779193517553,
            13.416603472809875,
            13.418525360720178,
            13.425219287827908,
            13.450737423277726,
            13.480699165605763,
            13.51434751615588,
            13.553335330680184,
            13.593772116065868,
            13.639232487124815,
            13.686496740208284,
            13.734444003623416,
            13.783680953168734,
            13.832917902714051,
            13.882715552732758,
            13.932950356206355,
            13.983185159679955,
            14.03342602415995,
            14.083679911610599,
            14.133933799061246,
            14.184187686511898,
            14.234820333331985,
            14.285779137365438,
            14.33673794139889,
            14.387696745432343,
            14.43848718208421,
            14.488175321484501,
            14.537863460884797,
            14.587551600285089
        ],
        "bestfit_sample_times": [
            0.1,
            0.6,
            1.1,
            1.6,
            2.1,
            2.6,
            3.1,
            3.6,
            4.1,
            4.6,
            5.1,
            5.6,
            6.1,
            6.6,
            7.1,
            7.6,
            8.1,
            8.6,
            9.1,
            9.6,
            10.1,
            10.6,
            11.1,
            11.6,
            12.1,
            12.6,
            13.1,
            13.6,
            14.1,
            14.6,
            15.1,
            15.6,
            16.1,
            16.6,
            17.1
        ]
    }
}