{
    "luminosity_distance": 169.8394177594751,
    "KNtimeshift": -0.0485901780853454,
    "inclination_EM": 0.1531162144198175,
    "log10_n0": -1.837436848048445,
    "p": 2.2900830023210337,
    "log10_epsilon_e": -0.0780527287413397,
    "log10_epsilon_B": -1.4732889607699642,
    "Ebv": 0.0781055632843139,
    "log10_E0": 53.0,
    "thetaCore": 0.05,
    "thetaWing": 0.1,
    "ksiN": 1.0,
    "L0": 0.0,
    "dL": 3.09e+19,
    "b": 6.0,
    "q": 0.0,
    "ts": 0.0,
    "log_likelihood": -10.015804649354214,
    "log_prior": -9.10890030075214,
    "log_bayes_factor": -17.706676544723656,
    "Best fit index": 4138,
    "Magnitudes": {
        "ztfg": [
            24.362624344501427,
            15.21049253169204,
            14.647016162924963,
            14.567375634279873,
            14.566328531151374,
            14.589993571654706,
            14.632863328593206,
            14.679434573534426,
            14.72701320363992,
            14.782557629770295,
            14.838102055900674
        ],
        "bestfit_sample_times": [
            0.1,
            0.6,
            1.1,
            1.6,
            2.1,
            2.6,
            3.1,
            3.6,
            4.1,
            4.6,
            5.1
        ]
    }
}