{
    "luminosity_distance": 170.44488919930134,
    "timeshift": -0.9954722490666784,
    "supernova_mag_boost": -2.0031977190189387,
    "Ebv": 0.0,
    "log_likelihood": -67.48838372153034,
    "log_prior": -7.313220387090301,
    "log_bayes_factor": -72.83486896220195,
    "log_bayes_factor_err": 0.06088305128021806,
    "Best fit index": 3833,
    "Magnitudes": {
        "ztfg": [
            19.640608084665402,
            17.695229958862686,
            17.0699586362425,
            16.851175670158494,
            16.669171158584785,
            16.51334120363308,
            16.377095270856397,
            16.25605593374573,
            16.14716699656825,
            16.048210054438588,
            15.95752375262138,
            15.873831603249197,
            15.796131583086815,
            15.72362268317379,
            15.655654495550227,
            15.598487304365147,
            15.547288693345383,
            15.498396055134588,
            15.451610590565064,
            15.406758149497005,
            15.363685317075085
        ],
        "bestfit_sample_times": [
            -0.8954722490666784,
            -0.39547224906667844,
            0.10452775093332167,
            0.6045277509333217,
            1.1045277509333218,
            1.6045277509333218,
            2.104527750933322,
            2.604527750933322,
            3.1045277509333213,
            3.6045277509333213,
            4.104527750933321,
            4.604527750933321,
            5.104527750933321,
            5.604527750933321,
            6.104527750933321,
            6.604527750933321,
            7.104527750933321,
            7.604527750933321,
            8.104527750933322,
            8.604527750933322,
            9.104527750933322
        ]
    }
}