{
    "luminosity_distance": 188.0381344094708,
    "timeshift": -0.9998534983318156,
    "supernova_mag_boost": -3.242506233376645,
    "Ebv": 0.0,
    "log_likelihood": -35.88652997024201,
    "log_prior": -7.313220387090301,
    "log_bayes_factor": -40.21275091837592,
    "log_bayes_factor_err": 0.05576889661853121,
    "Best fit index": 3277,
    "Magnitudes": {
        "ztfg": [
            18.636871043995257,
            16.691492918195202,
            16.064226508586295,
            15.84580738923917,
            15.66405448690525,
            15.508408897597377,
            15.372303866021035,
            15.251375715139773,
            15.142576752562377,
            15.043694114815175,
            14.953070212981132,
            14.869431207848962,
            14.79177699334425,
            14.71930798238943,
            14.651374843863934
        ],
        "bestfit_sample_times": [
            -0.8998534983318156,
            -0.3998534983318156,
            0.1001465016681845,
            0.6001465016681845,
            1.1001465016681844,
            1.6001465016681844,
            2.1001465016681844,
            2.6001465016681844,
            3.100146501668184,
            3.600146501668184,
            4.100146501668184,
            4.600146501668184,
            5.100146501668184,
            5.600146501668184,
            6.100146501668184
        ]
    }
}