{
    "luminosity_distance": 207.2891819341112,
    "timeshift": -0.996905982191136,
    "supernova_mag_boost": -3.843023951595775,
    "Ebv": 0.0,
    "log_likelihood": -27.889088916049445,
    "log_prior": -7.313220387090301,
    "log_bayes_factor": -32.032638853045114,
    "log_bayes_factor_err": 0.05425220113785332,
    "Best fit index": 3211,
    "Magnitudes": {
        "ztfg": [
            18.265687745935033,
            16.32030962013696,
            15.69087604244531,
            15.472851547215775,
            15.291371698761772,
            15.135926272360663,
            14.999974262824544,
            14.87916689206854,
            14.770465686597504,
            14.671663793061832,
            14.581107708215342,
            14.497526467241265,
            14.419922045092008
        ],
        "bestfit_sample_times": [
            -0.896905982191136,
            -0.39690598219113604,
            0.10309401780886407,
            0.6030940178088641,
            1.1030940178088642,
            1.6030940178088642,
            2.103094017808864,
            2.603094017808864,
            3.1030940178088637,
            3.6030940178088637,
            4.103094017808863,
            4.603094017808863,
            5.103094017808863
        ]
    }
}