{
    "luminosity_distance": 171.9081444022136,
    "timeshift": -0.9949531006567104,
    "supernova_mag_boost": -2.7316753264376774,
    "Ebv": 0.0,
    "log_likelihood": -44.89864799842435,
    "log_prior": -7.313220387090301,
    "log_bayes_factor": -49.606289468199215,
    "log_bayes_factor_err": 0.057946293321923255,
    "Best fit index": 3344,
    "Magnitudes": {
        "ztfg": [
            18.933667480509406,
            16.988289354707074,
            16.362851560241356,
            16.144098967352175,
            15.962115454156947,
            15.806300882850227,
            15.670066705389917,
            15.54903664350353,
            15.44015521142575,
            15.341204466857736,
            15.250523369382645,
            15.166835652180207,
            15.089139451998516,
            15.016633878520384,
            14.948668613631842,
            14.89137375034571,
            14.840061184374836
        ],
        "bestfit_sample_times": [
            -0.8949531006567104,
            -0.3949531006567104,
            0.1050468993432897,
            0.6050468993432897,
            1.1050468993432898,
            1.6050468993432898,
            2.10504689934329,
            2.60504689934329,
            3.1050468993432894,
            3.6050468993432894,
            4.105046899343289,
            4.605046899343289,
            5.105046899343289,
            5.605046899343289,
            6.105046899343289,
            6.605046899343289,
            7.105046899343289
        ]
    }
}