{
  "injections": {
    "__dataframe__": true,
    "content": {
      "simulation_id": [
        0
      ],
      "luminosity_distance": [
        177.2923766411022
      ],
      "timeshift": [
        0.4459629231968909
      ],
      "inclination_EM": [
        0.19125918749400272
      ],
      "log10_E0": [
        53.0
      ],
      "thetaCore": [
        0.05
      ],
      "thetaWing": [
        0.1
      ],
      "log10_n0": [
        -0.26743210445967236
      ],
      "p": [
        2.5201450026053194
      ],
      "log10_epsilon_e": [
        -0.9737685465645218
      ],
      "log10_epsilon_B": [
        -1.6883815011171237
      ],
      "ksiN": [
        1.0
      ],
      "L0": [
        0.0
      ],
      "dL": [
        3.09e+19
      ],
      "b": [
        6.0
      ],
      "q": [
        0.0
      ],
      "ts": [
        0.0
      ],
      "geocent_time": [
        -0.053673203746763765
      ]
    }
  }
}