{
  "injections": {
    "__dataframe__": true,
    "content": {
      "simulation_id": [
        0
      ],
      "luminosity_distance": [
        5.907350955594964
      ],
      "KNphi": [
        24.33998347591877
      ],
      "inclination_EM": [
        0.7130040433988877
      ],
      "timeshift": [
        0.006802490731609101
      ],
      "log10_mej_dyn": [
        -2.3182113920168517
      ],
      "log10_mej_wind": [
        -2.1294560621309992
      ],
      "geocent_time": [
        0.050912522795489495
      ]
    }
  }
}