{
  "injections": {
    "__dataframe__": true,
    "content": {
      "simulation_id": [
        0
      ],
      "luminosity_distance": [
        221.7459826559392
      ],
      "timeshift": [
        0.4676661023115811
      ],
      "supernova_mag_boost": [
        1.759589729416554
      ],
      "geocent_time": [
        -0.06571905835293845
      ]
    }
  }
}