{
  "injections": {
    "__dataframe__": true,
    "content": {
      "simulation_id": [
        0
      ],
      "luminosity_distance": [
        152.21146760777987
      ],
      "timeshift": [
        0.9620262558687509
      ],
      "supernova_mag_boost": [
        -3.870311014817288
      ],
      "geocent_time": [
        0.07328982464218778
      ]
    }
  }
}