{
  "injections": {
    "__dataframe__": true,
    "content": {
      "simulation_id": [
        0
      ],
      "luminosity_distance": [
        157.49922506386014
      ],
      "timeshift": [
        0.6688032227689011
      ],
      "inclination_EM": [
        0.03610828988963164
      ],
      "log10_E0": [
        53.0
      ],
      "thetaCore": [
        0.05
      ],
      "thetaWing": [
        0.1
      ],
      "log10_n0": [
        -2.461475739954152
      ],
      "p": [
        2.312617251398796
      ],
      "log10_epsilon_e": [
        -0.6813156437022441
      ],
      "log10_epsilon_B": [
        -1.972427268810876
      ],
      "ksiN": [
        1.0
      ],
      "L0": [
        0.0
      ],
      "dL": [
        3.09e+19
      ],
      "b": [
        6.0
      ],
      "q": [
        0.0
      ],
      "ts": [
        0.0
      ],
      "geocent_time": [
        0.000192275799003494
      ]
    }
  }
}