{
  "injections": {
    "__dataframe__": true,
    "content": {
      "simulation_id": [
        0
      ],
      "luminosity_distance": [
        115.88441717351483
      ],
      "timeshift": [
        -0.8024833841320287
      ],
      "log10_Menv": [
        -1.406197078144391
      ],
      "log10_Renv": [
        12.4260729104217
      ],
      "log10_Ee": [
        49.669454587777075
      ],
      "geocent_time": [
        -0.01357286372930537
      ]
    }
  }
}