{
  "injections": {
    "__dataframe__": true,
    "content": {
      "simulation_id": [
        0
      ],
      "luminosity_distance": [
        179.29388208211375
      ],
      "timeshift": [
        0.8307029691868294
      ],
      "inclination_EM": [
        0.030812690367933902
      ],
      "log10_E0": [
        53.0
      ],
      "thetaCore": [
        0.05
      ],
      "thetaWing": [
        0.1
      ],
      "log10_n0": [
        2.591175022620048
      ],
      "p": [
        2.374648469040586
      ],
      "log10_epsilon_e": [
        -1.6849416430074453
      ],
      "log10_epsilon_B": [
        -2.3855198856620965
      ],
      "ksiN": [
        1.0
      ],
      "L0": [
        0.0
      ],
      "dL": [
        3.09e+19
      ],
      "b": [
        6.0
      ],
      "q": [
        0.0
      ],
      "ts": [
        0.0
      ],
      "geocent_time": [
        0.012122881529813667
      ]
    }
  }
}