{
  "injections": {
    "__dataframe__": true,
    "content": {
      "simulation_id": [
        0
      ],
      "luminosity_distance": [
        156.81469750568286
      ],
      "timeshift": [
        0.11068627553432958
      ],
      "inclination_EM": [
        0.077082520956627
      ],
      "log10_E0": [
        53.0
      ],
      "thetaCore": [
        0.05
      ],
      "thetaWing": [
        0.1
      ],
      "log10_n0": [
        -0.5462765217639101
      ],
      "p": [
        2.0354688337691647
      ],
      "log10_epsilon_e": [
        -2.8020217582815388
      ],
      "log10_epsilon_B": [
        -1.4098893585903771
      ],
      "ksiN": [
        1.0
      ],
      "L0": [
        0.0
      ],
      "dL": [
        3.09e+19
      ],
      "b": [
        6.0
      ],
      "q": [
        0.0
      ],
      "ts": [
        0.0
      ],
      "geocent_time": [
        0.004951574363131844
      ]
    }
  }
}