{
  "injections": {
    "__dataframe__": true,
    "content": {
      "simulation_id": [
        0
      ],
      "luminosity_distance": [
        23.124915547918622
      ],
      "timeshift": [
        -0.9067286715855223
      ],
      "log10_Menv": [
        -1.194286286722968
      ],
      "log10_Renv": [
        14.58925146244076
      ],
      "log10_Ee": [
        48.450873798603396
      ],
      "geocent_time": [
        0.07825195605074109
      ]
    }
  }
}