{
  "injections": {
    "__dataframe__": true,
    "content": {
      "simulation_id": [
        0
      ],
      "luminosity_distance": [
        9.453429980620959
      ],
      "KNphi": [
        44.50183452330565
      ],
      "inclination_EM": [
        0.7740388073362543
      ],
      "timeshift": [
        -1.176361036330861
      ],
      "log10_mej_dyn": [
        -2.4734564610394334
      ],
      "log10_mej_wind": [
        -1.5901747572619935
      ],
      "geocent_time": [
        0.016495979440989753
      ]
    }
  }
}