{
  "injections": {
    "__dataframe__": true,
    "content": {
      "simulation_id": [
        0
      ],
      "luminosity_distance": [
        163.13928472732073
      ],
      "timeshift": [
        0.9403513283445054
      ],
      "inclination_EM": [
        0.07936993879532117
      ],
      "log10_E0": [
        53.0
      ],
      "thetaCore": [
        0.05
      ],
      "thetaWing": [
        0.1
      ],
      "log10_n0": [
        -0.6949951064011599
      ],
      "p": [
        2.883922162264893
      ],
      "log10_epsilon_e": [
        -1.980195891700634
      ],
      "log10_epsilon_B": [
        -0.49794451904412806
      ],
      "ksiN": [
        1.0
      ],
      "L0": [
        0.0
      ],
      "dL": [
        3.09e+19
      ],
      "b": [
        6.0
      ],
      "q": [
        0.0
      ],
      "ts": [
        0.0
      ],
      "geocent_time": [
        -0.06074356798113998
      ]
    }
  }
}