{
  "injections": {
    "__dataframe__": true,
    "content": {
      "simulation_id": [
        0
      ],
      "luminosity_distance": [
        206.6655200225729
      ],
      "timeshift": [
        -0.6841436138042469
      ],
      "supernova_mag_boost": [
        4.20609976542165
      ],
      "geocent_time": [
        0.06517776320554944
      ]
    }
  }
}