{
  "injections": {
    "__dataframe__": true,
    "content": {
      "simulation_id": [
        0
      ],
      "luminosity_distance": [
        182.3218911657926
      ],
      "timeshift": [
        0.5946446500922316
      ],
      "inclination_EM": [
        0.09846029942129819
      ],
      "log10_E0": [
        53.0
      ],
      "thetaCore": [
        0.05
      ],
      "thetaWing": [
        0.1
      ],
      "log10_n0": [
        0.6431820017098282
      ],
      "p": [
        2.2192647655386386
      ],
      "log10_epsilon_e": [
        -0.6098255831847488
      ],
      "log10_epsilon_B": [
        -2.60952039660852
      ],
      "ksiN": [
        1.0
      ],
      "L0": [
        0.0
      ],
      "dL": [
        3.09e+19
      ],
      "b": [
        6.0
      ],
      "q": [
        0.0
      ],
      "ts": [
        0.0
      ],
      "geocent_time": [
        -0.006444017941868926
      ]
    }
  }
}