{
  "injections": {
    "__dataframe__": true,
    "content": {
      "simulation_id": [
        0
      ],
      "luminosity_distance": [
        164.57975833351725
      ],
      "timeshift": [
        -0.9966258206288681
      ],
      "supernova_mag_boost": [
        3.8095199401756368
      ],
      "geocent_time": [
        -0.07819241663231734
      ]
    }
  }
}