{
  "injections": {
    "__dataframe__": true,
    "content": {
      "simulation_id": [
        0
      ],
      "luminosity_distance": [
        166.29163348805838
      ],
      "timeshift": [
        0.6899618268457212
      ],
      "inclination_EM": [
        0.09481855631151345
      ],
      "log10_E0": [
        53.0
      ],
      "thetaCore": [
        0.05
      ],
      "thetaWing": [
        0.1
      ],
      "log10_n0": [
        -0.18024262538454616
      ],
      "p": [
        2.7462019988858266
      ],
      "log10_epsilon_e": [
        -0.16821646082594865
      ],
      "log10_epsilon_B": [
        -1.6115604014055367
      ],
      "ksiN": [
        1.0
      ],
      "L0": [
        0.0
      ],
      "dL": [
        3.09e+19
      ],
      "b": [
        6.0
      ],
      "q": [
        0.0
      ],
      "ts": [
        0.0
      ],
      "geocent_time": [
        -0.07506787716143351
      ]
    }
  }
}