{
  "injections": {
    "__dataframe__": true,
    "content": {
      "simulation_id": [
        0
      ],
      "luminosity_distance": [
        157.84730222792624
      ],
      "timeshift": [
        -0.651952548606618
      ],
      "supernova_mag_boost": [
        -3.54845530428085
      ],
      "geocent_time": [
        0.07075467833456911
      ]
    }
  }
}