{
  "injections": {
    "__dataframe__": true,
    "content": {
      "simulation_id": [
        0
      ],
      "luminosity_distance": [
        6.264295253566343
      ],
      "KNphi": [
        43.8544871985014
      ],
      "inclination_EM": [
        0.06563554452874212
      ],
      "timeshift": [
        -0.6692210496886011
      ],
      "log10_mej_dyn": [
        -1.7020866918341506
      ],
      "log10_mej_wind": [
        -2.392856242567293
      ],
      "geocent_time": [
        0.02184830633223453
      ]
    }
  }
}