{
  "injections": {
    "__dataframe__": true,
    "content": {
      "simulation_id": [
        0
      ],
      "luminosity_distance": [
        1.4050536179971447
      ],
      "KNphi": [
        28.036573390671265
      ],
      "inclination_EM": [
        0.593764640814921
      ],
      "timeshift": [
        -1.8562720861015305
      ],
      "log10_mej_dyn": [
        -1.0362724404847592
      ],
      "log10_mej_wind": [
        -0.685887616915946
      ],
      "geocent_time": [
        0.008154053042589676
      ]
    }
  }
}