{
  "injections": {
    "__dataframe__": true,
    "content": {
      "simulation_id": [
        0
      ],
      "luminosity_distance": [
        181.86983323688435
      ],
      "timeshift": [
        0.5555277073472308
      ],
      "inclination_EM": [
        0.08150321408969774
      ],
      "log10_E0": [
        53.0
      ],
      "thetaCore": [
        0.05
      ],
      "thetaWing": [
        0.1
      ],
      "log10_n0": [
        -1.7170866639168063
      ],
      "p": [
        2.2244254667320438
      ],
      "log10_epsilon_e": [
        -0.16321607340140698
      ],
      "log10_epsilon_B": [
        -1.7954199704938574
      ],
      "ksiN": [
        1.0
      ],
      "L0": [
        0.0
      ],
      "dL": [
        3.09e+19
      ],
      "b": [
        6.0
      ],
      "q": [
        0.0
      ],
      "ts": [
        0.0
      ],
      "geocent_time": [
        0.07310171632146986
      ]
    }
  }
}