{
  "injections": {
    "__dataframe__": true,
    "content": {
      "simulation_id": [
        0
      ],
      "luminosity_distance": [
        8.41334301647542
      ],
      "KNphi": [
        47.71555228188918
      ],
      "inclination_EM": [
        0.7100276310049911
      ],
      "timeshift": [
        -0.5271523869576602
      ],
      "log10_mej_dyn": [
        -1.7250681412084368
      ],
      "log10_mej_wind": [
        -0.87585363606104
      ],
      "geocent_time": [
        0.011701604870817908
      ]
    }
  }
}