{
  "injections": {
    "__dataframe__": true,
    "content": {
      "simulation_id": [
        0
      ],
      "luminosity_distance": [
        217.0242647616422
      ],
      "timeshift": [
        0.13823029514337937
      ],
      "supernova_mag_boost": [
        -0.3711825814024694
      ],
      "geocent_time": [
        -0.09870161449614215
      ]
    }
  }
}