{
  "injections": {
    "__dataframe__": true,
    "content": {
      "simulation_id": [
        0
      ],
      "luminosity_distance": [
        107.93681977288306
      ],
      "timeshift": [
        -1.9275232087454248
      ],
      "log10_Menv": [
        -0.9725425171737605
      ],
      "log10_Renv": [
        12.383986785422524
      ],
      "log10_Ee": [
        49.22112303189674
      ],
      "geocent_time": [
        -0.09959251009511368
      ]
    }
  }
}