{
  "injections": {
    "__dataframe__": true,
    "content": {
      "simulation_id": [
        0
      ],
      "luminosity_distance": [
        177.08302856946824
      ],
      "timeshift": [
        0.9581172994938127
      ],
      "supernova_mag_boost": [
        0.7523291638813365
      ],
      "geocent_time": [
        0.05943787653158061
      ]
    }
  }
}