{
  "injections": {
    "__dataframe__": true,
    "content": {
      "simulation_id": [
        0
      ],
      "luminosity_distance": [
        149.68755512720543
      ],
      "timeshift": [
        -1.4906818593460054
      ],
      "log10_Menv": [
        -1.5601787133112168
      ],
      "log10_Renv": [
        14.822989828175517
      ],
      "log10_Ee": [
        51.45335635669438
      ],
      "geocent_time": [
        -0.04826983647816607
      ]
    }
  }
}