{
  "injections": {
    "__dataframe__": true,
    "content": {
      "simulation_id": [
        0
      ],
      "luminosity_distance": [
        2.4089208162143945
      ],
      "KNphi": [
        19.390827275657276
      ],
      "inclination_EM": [
        0.09047463133271008
      ],
      "timeshift": [
        -1.7400768379399867
      ],
      "log10_mej_dyn": [
        -1.451833810334868
      ],
      "log10_mej_wind": [
        -1.0924042803030543
      ],
      "geocent_time": [
        -0.0830481742558751
      ]
    }
  }
}