{
  "injections": {
    "__dataframe__": true,
    "content": {
      "simulation_id": [
        0
      ],
      "luminosity_distance": [
        212.5780803941586
      ],
      "timeshift": [
        -0.0582012272182435
      ],
      "supernova_mag_boost": [
        3.0569610029054655
      ],
      "geocent_time": [
        0.09176076164128652
      ]
    }
  }
}