{
  "injections": {
    "__dataframe__": true,
    "content": {
      "simulation_id": [
        0
      ],
      "luminosity_distance": [
        163.0845940783676
      ],
      "timeshift": [
        0.2385337295310566
      ],
      "inclination_EM": [
        0.16437708361551032
      ],
      "log10_E0": [
        53.0
      ],
      "thetaCore": [
        0.05
      ],
      "thetaWing": [
        0.1
      ],
      "log10_n0": [
        -2.4826726493534386
      ],
      "p": [
        2.2397052626762193
      ],
      "log10_epsilon_e": [
        -0.8676781447686146
      ],
      "log10_epsilon_B": [
        -2.8295063410109926
      ],
      "ksiN": [
        1.0
      ],
      "L0": [
        0.0
      ],
      "dL": [
        3.09e+19
      ],
      "b": [
        6.0
      ],
      "q": [
        0.0
      ],
      "ts": [
        0.0
      ],
      "geocent_time": [
        -0.08816579473329132
      ]
    }
  }
}