{
  "injections": {
    "__dataframe__": true,
    "content": {
      "simulation_id": [
        0
      ],
      "luminosity_distance": [
        6.6997839948446885
      ],
      "KNphi": [
        25.065132484353732
      ],
      "inclination_EM": [
        0.3602729327571385
      ],
      "timeshift": [
        -0.7375677068384263
      ],
      "log10_mej_dyn": [
        -2.1685221278807294
      ],
      "log10_mej_wind": [
        -0.745470556882502
      ],
      "geocent_time": [
        0.040674924030995235
      ]
    }
  }
}