{
  "injections": {
    "__dataframe__": true,
    "content": {
      "simulation_id": [
        0
      ],
      "luminosity_distance": [
        221.25465845555652
      ],
      "timeshift": [
        -0.5593797813191075
      ],
      "supernova_mag_boost": [
        1.836575036438317
      ],
      "geocent_time": [
        0.06275851140658759
      ]
    }
  }
}