{
  "injections": {
    "__dataframe__": true,
    "content": {
      "simulation_id": [
        0
      ],
      "luminosity_distance": [
        7.786056326364557
      ],
      "KNphi": [
        36.34486786490993
      ],
      "inclination_EM": [
        0.0849169483620355
      ],
      "timeshift": [
        0.45701267109824695
      ],
      "log10_mej_dyn": [
        -1.4779950134607314
      ],
      "log10_mej_wind": [
        -1.277613221697865
      ],
      "geocent_time": [
        0.061884568826223174
      ]
    }
  }
}