{
  "injections": {
    "__dataframe__": true,
    "content": {
      "simulation_id": [
        0
      ],
      "luminosity_distance": [
        133.39756342912057
      ],
      "timeshift": [
        -1.70736201673986
      ],
      "log10_Menv": [
        -0.1102114776022809
      ],
      "log10_Renv": [
        14.57984418961321
      ],
      "log10_Ee": [
        51.92907702612459
      ],
      "geocent_time": [
        -0.07089321852978042
      ]
    }
  }
}