{
  "injections": {
    "__dataframe__": true,
    "content": {
      "simulation_id": [
        0
      ],
      "luminosity_distance": [
        175.99443341309885
      ],
      "timeshift": [
        -0.6466076259222895
      ],
      "supernova_mag_boost": [
        -4.826814344544401
      ],
      "geocent_time": [
        -0.0996981906795035
      ]
    }
  }
}