{
  "injections": {
    "__dataframe__": true,
    "content": {
      "simulation_id": [
        0
      ],
      "luminosity_distance": [
        7.868080258576646
      ],
      "KNphi": [
        46.961350241800204
      ],
      "inclination_EM": [
        0.649816785535067
      ],
      "timeshift": [
        0.9424710885581429
      ],
      "log10_mej_dyn": [
        -1.2832869374109677
      ],
      "log10_mej_wind": [
        -1.66176649171165
      ],
      "geocent_time": [
        -0.049411911837702265
      ]
    }
  }
}