{
  "injections": {
    "__dataframe__": true,
    "content": {
      "simulation_id": [
        0
      ],
      "luminosity_distance": [
        2.3655982323145253
      ],
      "timeshift": [
        -0.9544294572073442
      ],
      "log10_Menv": [
        -1.5393393930443873
      ],
      "log10_Renv": [
        11.05274747854482
      ],
      "log10_Ee": [
        48.13953796747401
      ],
      "geocent_time": [
        0.03696870687892856
      ]
    }
  }
}