{
  "injections": {
    "__dataframe__": true,
    "content": {
      "simulation_id": [
        0
      ],
      "luminosity_distance": [
        203.53882587857143
      ],
      "timeshift": [
        -0.6062041460111303
      ],
      "log10_Menv": [
        -0.38529215521649185
      ],
      "log10_Renv": [
        13.838727333702298
      ],
      "log10_Ee": [
        49.45055189501019
      ],
      "geocent_time": [
        0.08146210812875967
      ]
    }
  }
}