{
  "injections": {
    "__dataframe__": true,
    "content": {
      "simulation_id": [
        0
      ],
      "luminosity_distance": [
        4.32044344473165
      ],
      "KNphi": [
        39.50383232325979
      ],
      "inclination_EM": [
        0.5119059422799282
      ],
      "timeshift": [
        -1.699466221900602
      ],
      "log10_mej_dyn": [
        -1.311452579465744
      ],
      "log10_mej_wind": [
        -1.2521878487750975
      ],
      "geocent_time": [
        -0.040842503992978
      ]
    }
  }
}