{
  "injections": {
    "__dataframe__": true,
    "content": {
      "simulation_id": [
        0
      ],
      "luminosity_distance": [
        223.79452585197478
      ],
      "timeshift": [
        -0.8501952628642335
      ],
      "log10_Menv": [
        -1.0479266889389391
      ],
      "log10_Renv": [
        13.415299885227617
      ],
      "log10_Ee": [
        48.93282824528864
      ],
      "geocent_time": [
        0.03344181027469598
      ]
    }
  }
}