{
  "injections": {
    "__dataframe__": true,
    "content": {
      "simulation_id": [
        0
      ],
      "luminosity_distance": [
        180.49970677012308
      ],
      "timeshift": [
        0.7003568471621388
      ],
      "inclination_EM": [
        0.07967949328678404
      ],
      "log10_E0": [
        53.0
      ],
      "thetaCore": [
        0.05
      ],
      "thetaWing": [
        0.1
      ],
      "log10_n0": [
        0.42747288716274046
      ],
      "p": [
        2.6261822717135286
      ],
      "log10_epsilon_e": [
        -0.05423994917788644
      ],
      "log10_epsilon_B": [
        -2.9139506287420955
      ],
      "ksiN": [
        1.0
      ],
      "L0": [
        0.0
      ],
      "dL": [
        3.09e+19
      ],
      "b": [
        6.0
      ],
      "q": [
        0.0
      ],
      "ts": [
        0.0
      ],
      "geocent_time": [
        0.08937241682348393
      ]
    }
  }
}