{
  "injections": {
    "__dataframe__": true,
    "content": {
      "simulation_id": [
        0
      ],
      "luminosity_distance": [
        26.361142754633306
      ],
      "timeshift": [
        -1.5313875037387938
      ],
      "log10_Menv": [
        -0.7744737757413862
      ],
      "log10_Renv": [
        13.612658553366673
      ],
      "log10_Ee": [
        48.65620028295003
      ],
      "geocent_time": [
        -0.013595172994463847
      ]
    }
  }
}