{
  "injections": {
    "__dataframe__": true,
    "content": {
      "simulation_id": [
        0
      ],
      "luminosity_distance": [
        167.7095676300713
      ],
      "timeshift": [
        0.45505100208783633
      ],
      "inclination_EM": [
        0.14692062586503193
      ],
      "log10_E0": [
        53.0
      ],
      "thetaCore": [
        0.05
      ],
      "thetaWing": [
        0.1
      ],
      "log10_n0": [
        -2.136858558326913
      ],
      "p": [
        2.6617678521872956
      ],
      "log10_epsilon_e": [
        -0.7397694465675642
      ],
      "log10_epsilon_B": [
        -2.010295914052409
      ],
      "ksiN": [
        1.0
      ],
      "L0": [
        0.0
      ],
      "dL": [
        3.09e+19
      ],
      "b": [
        6.0
      ],
      "q": [
        0.0
      ],
      "ts": [
        0.0
      ],
      "geocent_time": [
        -0.048467711472649194
      ]
    }
  }
}