{
  "injections": {
    "__dataframe__": true,
    "content": {
      "simulation_id": [
        0
      ],
      "luminosity_distance": [
        181.69688851455226
      ],
      "timeshift": [
        0.2219436707556345
      ],
      "inclination_EM": [
        0.17378241250185844
      ],
      "log10_E0": [
        53.0
      ],
      "thetaCore": [
        0.05
      ],
      "thetaWing": [
        0.1
      ],
      "log10_n0": [
        0.2915548536306485
      ],
      "p": [
        2.9080132218375363
      ],
      "log10_epsilon_e": [
        -1.0344205086526015
      ],
      "log10_epsilon_B": [
        -2.185695552226526
      ],
      "ksiN": [
        1.0
      ],
      "L0": [
        0.0
      ],
      "dL": [
        3.09e+19
      ],
      "b": [
        6.0
      ],
      "q": [
        0.0
      ],
      "ts": [
        0.0
      ],
      "geocent_time": [
        -0.09403093331868845
      ]
    }
  }
}