{
  "injections": {
    "__dataframe__": true,
    "content": {
      "simulation_id": [
        0
      ],
      "luminosity_distance": [
        602.4274084273883
      ],
      "timeshift": [
        -1.4627266007112099
      ],
      "log10_Menv": [
        -0.7612541251713143
      ],
      "log10_Renv": [
        13.384284721629026
      ],
      "log10_Ee": [
        50.9803781980286
      ],
      "geocent_time": [
        -0.04027475342150791
      ]
    }
  }
}