{
  "injections": {
    "__dataframe__": true,
    "content": {
      "simulation_id": [
        0
      ],
      "luminosity_distance": [
        186.38146614643637
      ],
      "timeshift": [
        -0.3745551250034824
      ],
      "log10_Menv": [
        -1.0847596449977854
      ],
      "log10_Renv": [
        13.96673275526271
      ],
      "log10_Ee": [
        49.34703286145296
      ],
      "geocent_time": [
        0.02745527385114535
      ]
    }
  }
}