{
  "injections": {
    "__dataframe__": true,
    "content": {
      "simulation_id": [
        0
      ],
      "luminosity_distance": [
        184.7905585585985
      ],
      "timeshift": [
        0.015236127752291148
      ],
      "inclination_EM": [
        0.13298786824971537
      ],
      "log10_E0": [
        53.0
      ],
      "thetaCore": [
        0.05
      ],
      "thetaWing": [
        0.1
      ],
      "log10_n0": [
        -0.107101737372294
      ],
      "p": [
        2.1730730434899588
      ],
      "log10_epsilon_e": [
        -1.1094432344279028
      ],
      "log10_epsilon_B": [
        -0.33114005985743233
      ],
      "ksiN": [
        1.0
      ],
      "L0": [
        0.0
      ],
      "dL": [
        3.09e+19
      ],
      "b": [
        6.0
      ],
      "q": [
        0.0
      ],
      "ts": [
        0.0
      ],
      "geocent_time": [
        -0.02354477421890855
      ]
    }
  }
}