{
  "injections": {
    "__dataframe__": true,
    "content": {
      "simulation_id": [
        0
      ],
      "luminosity_distance": [
        8.803381753239915
      ],
      "KNphi": [
        41.004885591789005
      ],
      "inclination_EM": [
        0.07174156751113056
      ],
      "timeshift": [
        0.22186659329695502
      ],
      "log10_mej_dyn": [
        -1.871390569443009
      ],
      "log10_mej_wind": [
        -0.9770318622108833
      ],
      "geocent_time": [
        -0.0867681400373379
      ]
    }
  }
}