{
  "injections": {
    "__dataframe__": true,
    "content": {
      "simulation_id": [
        0
      ],
      "luminosity_distance": [
        150.27356059461368
      ],
      "timeshift": [
        0.07686965277948205
      ],
      "inclination_EM": [
        0.16752358554487762
      ],
      "log10_E0": [
        53.0
      ],
      "thetaCore": [
        0.05
      ],
      "thetaWing": [
        0.1
      ],
      "log10_n0": [
        2.7900666233350373
      ],
      "p": [
        2.3478568998461644
      ],
      "log10_epsilon_e": [
        -0.34801930225117683
      ],
      "log10_epsilon_B": [
        -2.9910556879568655
      ],
      "ksiN": [
        1.0
      ],
      "L0": [
        0.0
      ],
      "dL": [
        3.09e+19
      ],
      "b": [
        6.0
      ],
      "q": [
        0.0
      ],
      "ts": [
        0.0
      ],
      "geocent_time": [
        -0.02781881630375911
      ]
    }
  }
}