{
  "injections": {
    "__dataframe__": true,
    "content": {
      "simulation_id": [
        0
      ],
      "luminosity_distance": [
        8.84599808988946
      ],
      "KNphi": [
        25.008807729861807
      ],
      "inclination_EM": [
        0.5983495801462639
      ],
      "timeshift": [
        -0.7503001938179454
      ],
      "log10_mej_dyn": [
        -1.6141694059982625
      ],
      "log10_mej_wind": [
        -2.768311738450683
      ],
      "geocent_time": [
        -0.07063403602819858
      ]
    }
  }
}