{
  "injections": {
    "__dataframe__": true,
    "content": {
      "simulation_id": [
        0
      ],
      "luminosity_distance": [
        163.58733211712163
      ],
      "timeshift": [
        0.3061285600165925
      ],
      "inclination_EM": [
        0.1786316846079944
      ],
      "log10_E0": [
        53.0
      ],
      "thetaCore": [
        0.05
      ],
      "thetaWing": [
        0.1
      ],
      "log10_n0": [
        -1.9840262853272095
      ],
      "p": [
        2.614194348647055
      ],
      "log10_epsilon_e": [
        -1.72405147543224
      ],
      "log10_epsilon_B": [
        -0.5781549423622541
      ],
      "ksiN": [
        1.0
      ],
      "L0": [
        0.0
      ],
      "dL": [
        3.09e+19
      ],
      "b": [
        6.0
      ],
      "q": [
        0.0
      ],
      "ts": [
        0.0
      ],
      "geocent_time": [
        -0.01278910479079945
      ]
    }
  }
}