{
  "injections": {
    "__dataframe__": true,
    "content": {
      "simulation_id": [
        0
      ],
      "luminosity_distance": [
        163.85834912955855
      ],
      "timeshift": [
        -0.14638136616224173
      ],
      "log10_Menv": [
        -1.4811515118114111
      ],
      "log10_Renv": [
        14.938378117143447
      ],
      "log10_Ee": [
        50.13597713390678
      ],
      "geocent_time": [
        -0.09291703063861828
      ]
    }
  }
}