{
  "injections": {
    "__dataframe__": true,
    "content": {
      "simulation_id": [
        0
      ],
      "luminosity_distance": [
        263.86221274525843
      ],
      "timeshift": [
        -0.15641762995058484
      ],
      "log10_Menv": [
        -0.49010597598958405
      ],
      "log10_Renv": [
        13.940675846496022
      ],
      "log10_Ee": [
        50.525562494278084
      ],
      "geocent_time": [
        -0.0038816065374450287
      ]
    }
  }
}