{
  "injections": {
    "__dataframe__": true,
    "content": {
      "simulation_id": [
        0
      ],
      "luminosity_distance": [
        1.3353064850687124
      ],
      "KNphi": [
        37.09540248942207
      ],
      "inclination_EM": [
        0.5686259360943816
      ],
      "timeshift": [
        -1.8838423817433396
      ],
      "log10_mej_dyn": [
        -2.170926062138977
      ],
      "log10_mej_wind": [
        -2.1380829067765443
      ],
      "geocent_time": [
        0.0782206914329086
      ]
    }
  }
}