{
  "injections": {
    "__dataframe__": true,
    "content": {
      "simulation_id": [
        0
      ],
      "luminosity_distance": [
        177.95797549864724
      ],
      "timeshift": [
        0.605992383933623
      ],
      "supernova_mag_boost": [
        3.323202581441029
      ],
      "geocent_time": [
        0.09185271633412687
      ]
    }
  }
}