{
  "injections": {
    "__dataframe__": true,
    "content": {
      "simulation_id": [
        0
      ],
      "luminosity_distance": [
        182.47897056064934
      ],
      "timeshift": [
        0.18370181756656825
      ],
      "inclination_EM": [
        0.15243889298754215
      ],
      "log10_E0": [
        53.0
      ],
      "thetaCore": [
        0.05
      ],
      "thetaWing": [
        0.1
      ],
      "log10_n0": [
        1.2652298205417107
      ],
      "p": [
        2.188520786210382
      ],
      "log10_epsilon_e": [
        -1.17073863253756
      ],
      "log10_epsilon_B": [
        -0.5853893360182951
      ],
      "ksiN": [
        1.0
      ],
      "L0": [
        0.0
      ],
      "dL": [
        3.09e+19
      ],
      "b": [
        6.0
      ],
      "q": [
        0.0
      ],
      "ts": [
        0.0
      ],
      "geocent_time": [
        0.09246478984980197
      ]
    }
  }
}