{
  "injections": {
    "__dataframe__": true,
    "content": {
      "simulation_id": [
        0
      ],
      "luminosity_distance": [
        469.75248515467416
      ],
      "timeshift": [
        -1.065296265346869
      ],
      "log10_Menv": [
        -0.6465227025960028
      ],
      "log10_Renv": [
        14.64480467786082
      ],
      "log10_Ee": [
        49.12734461433147
      ],
      "geocent_time": [
        0.04188784410260621
      ]
    }
  }
}