{
  "injections": {
    "__dataframe__": true,
    "content": {
      "simulation_id": [
        0
      ],
      "luminosity_distance": [
        8.794382552478886
      ],
      "timeshift": [
        -0.6972803820179985
      ],
      "log10_Menv": [
        -0.4815757191824357
      ],
      "log10_Renv": [
        10.782181925192862
      ],
      "log10_Ee": [
        51.280116277515056
      ],
      "geocent_time": [
        0.09666526217725133
      ]
    }
  }
}