{
  "injections": {
    "__dataframe__": true,
    "content": {
      "simulation_id": [
        0
      ],
      "luminosity_distance": [
        223.27930303510075
      ],
      "timeshift": [
        0.7958616227419792
      ],
      "supernova_mag_boost": [
        -0.6862850107638003
      ],
      "geocent_time": [
        0.08885573988597481
      ]
    }
  }
}