{
  "injections": {
    "__dataframe__": true,
    "content": {
      "simulation_id": [
        0
      ],
      "luminosity_distance": [
        2.498166486194573
      ],
      "KNphi": [
        48.514853685851236
      ],
      "inclination_EM": [
        0.20936627887636677
      ],
      "timeshift": [
        -0.7053656005261586
      ],
      "log10_mej_dyn": [
        -2.375383655191809
      ],
      "log10_mej_wind": [
        -1.1382636261067836
      ],
      "geocent_time": [
        0.0679931431248185
      ]
    }
  }
}