{
  "injections": {
    "__dataframe__": true,
    "content": {
      "simulation_id": [
        0
      ],
      "luminosity_distance": [
        150.4054572608945
      ],
      "timeshift": [
        0.7799003974634069
      ],
      "inclination_EM": [
        0.1699699930004626
      ],
      "log10_E0": [
        53.0
      ],
      "thetaCore": [
        0.05
      ],
      "thetaWing": [
        0.1
      ],
      "log10_n0": [
        0.3328792918614467
      ],
      "p": [
        2.1890735232549137
      ],
      "log10_epsilon_e": [
        -1.6638135871475561
      ],
      "log10_epsilon_B": [
        -0.10269619984480194
      ],
      "ksiN": [
        1.0
      ],
      "L0": [
        0.0
      ],
      "dL": [
        3.09e+19
      ],
      "b": [
        6.0
      ],
      "q": [
        0.0
      ],
      "ts": [
        0.0
      ],
      "geocent_time": [
        -0.06872780200488222
      ]
    }
  }
}