{
  "injections": {
    "__dataframe__": true,
    "content": {
      "simulation_id": [
        0
      ],
      "luminosity_distance": [
        9.774834822227435
      ],
      "KNphi": [
        28.97050347180049
      ],
      "inclination_EM": [
        0.5958592537578454
      ],
      "timeshift": [
        0.5620829170025381
      ],
      "log10_mej_dyn": [
        -1.8983721033742933
      ],
      "log10_mej_wind": [
        -2.3012924037078264
      ],
      "geocent_time": [
        0.08268413647196202
      ]
    }
  }
}