{
  "injections": {
    "__dataframe__": true,
    "content": {
      "simulation_id": [
        0
      ],
      "luminosity_distance": [
        134.48127747269945
      ],
      "timeshift": [
        -0.07338028312490597
      ],
      "log10_Menv": [
        -0.8233855835776067
      ],
      "log10_Renv": [
        12.737323707143148
      ],
      "log10_Ee": [
        50.75806868475231
      ],
      "geocent_time": [
        -0.07127889534932813
      ]
    }
  }
}