{
  "injections": {
    "__dataframe__": true,
    "content": {
      "simulation_id": [
        0
      ],
      "luminosity_distance": [
        172.66019002988963
      ],
      "timeshift": [
        0.29910382700873384
      ],
      "inclination_EM": [
        0.16489782241751955
      ],
      "log10_E0": [
        53.0
      ],
      "thetaCore": [
        0.05
      ],
      "thetaWing": [
        0.1
      ],
      "log10_n0": [
        1.4994336158890853
      ],
      "p": [
        2.7022895413286725
      ],
      "log10_epsilon_e": [
        -1.254432666828091
      ],
      "log10_epsilon_B": [
        -1.5329742828807578
      ],
      "ksiN": [
        1.0
      ],
      "L0": [
        0.0
      ],
      "dL": [
        3.09e+19
      ],
      "b": [
        6.0
      ],
      "q": [
        0.0
      ],
      "ts": [
        0.0
      ],
      "geocent_time": [
        -0.06473576887927487
      ]
    }
  }
}