{
  "injections": {
    "__dataframe__": true,
    "content": {
      "simulation_id": [
        0
      ],
      "luminosity_distance": [
        159.896350270395
      ],
      "timeshift": [
        0.05354017752924839
      ],
      "inclination_EM": [
        0.13089528853554852
      ],
      "log10_E0": [
        53.0
      ],
      "thetaCore": [
        0.05
      ],
      "thetaWing": [
        0.1
      ],
      "log10_n0": [
        1.889650544356539
      ],
      "p": [
        2.3875855702471647
      ],
      "log10_epsilon_e": [
        -0.42539447883126913
      ],
      "log10_epsilon_B": [
        -0.5411890318516748
      ],
      "ksiN": [
        1.0
      ],
      "L0": [
        0.0
      ],
      "dL": [
        3.09e+19
      ],
      "b": [
        6.0
      ],
      "q": [
        0.0
      ],
      "ts": [
        0.0
      ],
      "geocent_time": [
        -0.08134932159212456
      ]
    }
  }
}