{
  "injections": {
    "__dataframe__": true,
    "content": {
      "simulation_id": [
        0
      ],
      "luminosity_distance": [
        5.555919302259646
      ],
      "KNphi": [
        47.34867185335284
      ],
      "inclination_EM": [
        0.6737802729057792
      ],
      "timeshift": [
        -1.1509405576335197
      ],
      "log10_mej_dyn": [
        -1.3274925643704922
      ],
      "log10_mej_wind": [
        -1.3512818480256552
      ],
      "geocent_time": [
        -0.09542855977079473
      ]
    }
  }
}