{
  "injections": {
    "__dataframe__": true,
    "content": {
      "simulation_id": [
        0
      ],
      "luminosity_distance": [
        219.79676234443858
      ],
      "timeshift": [
        -0.9905656879850642
      ],
      "supernova_mag_boost": [
        4.273927157691762
      ],
      "geocent_time": [
        0.022326398429392172
      ]
    }
  }
}