{
  "injections": {
    "__dataframe__": true,
    "content": {
      "simulation_id": [
        0
      ],
      "luminosity_distance": [
        30.23207006002593
      ],
      "timeshift": [
        -0.5322793370236614
      ],
      "log10_Menv": [
        -0.7397444216715829
      ],
      "log10_Renv": [
        12.0329344943365
      ],
      "log10_Ee": [
        49.179676917789365
      ],
      "geocent_time": [
        0.06675005112386811
      ]
    }
  }
}