{
  "injections": {
    "__dataframe__": true,
    "content": {
      "simulation_id": [
        0
      ],
      "luminosity_distance": [
        140.21657297946732
      ],
      "timeshift": [
        -1.33205653152049
      ],
      "log10_Menv": [
        -1.7339595825699554
      ],
      "log10_Renv": [
        13.497365666284754
      ],
      "log10_Ee": [
        48.43212539581929
      ],
      "geocent_time": [
        -0.02193278203697331
      ]
    }
  }
}