{
  "injections": {
    "__dataframe__": true,
    "content": {
      "simulation_id": [
        0
      ],
      "luminosity_distance": [
        1.0628129874646306
      ],
      "KNphi": [
        43.56801443451464
      ],
      "inclination_EM": [
        0.5429880649142773
      ],
      "timeshift": [
        0.87486671260362
      ],
      "log10_mej_dyn": [
        -2.2989518032997776
      ],
      "log10_mej_wind": [
        -1.4943693977551806
      ],
      "geocent_time": [
        0.011784718292441293
      ]
    }
  }
}