{
  "injections": {
    "__dataframe__": true,
    "content": {
      "simulation_id": [
        0
      ],
      "luminosity_distance": [
        34.93561870563677
      ],
      "timeshift": [
        -0.25077080228491755
      ],
      "log10_Menv": [
        -1.5161740013987997
      ],
      "log10_Renv": [
        14.086078976804814
      ],
      "log10_Ee": [
        47.05494523884537
      ],
      "geocent_time": [
        -0.06659016457719663
      ]
    }
  }
}