{
  "injections": {
    "__dataframe__": true,
    "content": {
      "simulation_id": [
        0
      ],
      "luminosity_distance": [
        169.32961589306205
      ],
      "timeshift": [
        -0.03797865964144979
      ],
      "inclination_EM": [
        0.1257685477846038
      ],
      "log10_E0": [
        53.0
      ],
      "thetaCore": [
        0.05
      ],
      "thetaWing": [
        0.1
      ],
      "log10_n0": [
        1.950698125274716
      ],
      "p": [
        2.889290146459895
      ],
      "log10_epsilon_e": [
        -1.0369083199876687
      ],
      "log10_epsilon_B": [
        -0.6920954581196734
      ],
      "ksiN": [
        1.0
      ],
      "L0": [
        0.0
      ],
      "dL": [
        3.09e+19
      ],
      "b": [
        6.0
      ],
      "q": [
        0.0
      ],
      "ts": [
        0.0
      ],
      "geocent_time": [
        0.055926509324928236
      ]
    }
  }
}