{
  "injections": {
    "__dataframe__": true,
    "content": {
      "simulation_id": [
        0
      ],
      "luminosity_distance": [
        178.71954005513993
      ],
      "timeshift": [
        0.5524198720095927
      ],
      "supernova_mag_boost": [
        0.6057418066096751
      ],
      "geocent_time": [
        -0.024312204930220863
      ]
    }
  }
}