{
  "injections": {
    "__dataframe__": true,
    "content": {
      "simulation_id": [
        0
      ],
      "luminosity_distance": [
        155.14611383055467
      ],
      "timeshift": [
        0.6264600991701875
      ],
      "inclination_EM": [
        0.12265763904980012
      ],
      "log10_E0": [
        53.0
      ],
      "thetaCore": [
        0.05
      ],
      "thetaWing": [
        0.1
      ],
      "log10_n0": [
        -0.9215207831269718
      ],
      "p": [
        2.008405032030982
      ],
      "log10_epsilon_e": [
        -2.709182825019782
      ],
      "log10_epsilon_B": [
        -1.0391183383459373
      ],
      "ksiN": [
        1.0
      ],
      "L0": [
        0.0
      ],
      "dL": [
        3.09e+19
      ],
      "b": [
        6.0
      ],
      "q": [
        0.0
      ],
      "ts": [
        0.0
      ],
      "geocent_time": [
        -0.010677359773082082
      ]
    }
  }
}