{
  "injections": {
    "__dataframe__": true,
    "content": {
      "simulation_id": [
        0
      ],
      "luminosity_distance": [
        181.18325318518376
      ],
      "timeshift": [
        -0.5517001578641592
      ],
      "supernova_mag_boost": [
        -0.9338652583284368
      ],
      "geocent_time": [
        0.09965953750095335
      ]
    }
  }
}