{
  "injections": {
    "__dataframe__": true,
    "content": {
      "simulation_id": [
        0
      ],
      "luminosity_distance": [
        9.498788662013041
      ],
      "KNphi": [
        43.212432464006504
      ],
      "inclination_EM": [
        0.7526835314070396
      ],
      "timeshift": [
        -0.6046852001296457
      ],
      "log10_mej_dyn": [
        -2.006121571838455
      ],
      "log10_mej_wind": [
        -0.5219021120885028
      ],
      "geocent_time": [
        -0.002819400282490142
      ]
    }
  }
}