{
  "injections": {
    "__dataframe__": true,
    "content": {
      "simulation_id": [
        0
      ],
      "luminosity_distance": [
        161.34835256563687
      ],
      "timeshift": [
        0.43965928126022613
      ],
      "inclination_EM": [
        0.06269096263338322
      ],
      "log10_E0": [
        53.0
      ],
      "thetaCore": [
        0.05
      ],
      "thetaWing": [
        0.1
      ],
      "log10_n0": [
        -2.164349971214022
      ],
      "p": [
        2.186002705051951
      ],
      "log10_epsilon_e": [
        -2.5703206432357657
      ],
      "log10_epsilon_B": [
        -0.7394152715631757
      ],
      "ksiN": [
        1.0
      ],
      "L0": [
        0.0
      ],
      "dL": [
        3.09e+19
      ],
      "b": [
        6.0
      ],
      "q": [
        0.0
      ],
      "ts": [
        0.0
      ],
      "geocent_time": [
        0.07325430542394867
      ]
    }
  }
}