{
  "injections": {
    "__dataframe__": true,
    "content": {
      "simulation_id": [
        0
      ],
      "luminosity_distance": [
        171.00870747863874
      ],
      "timeshift": [
        0.44375213130962243
      ],
      "supernova_mag_boost": [
        2.9750248769182095
      ],
      "geocent_time": [
        -0.009977843115250143
      ]
    }
  }
}