{
  "injections": {
    "__dataframe__": true,
    "content": {
      "simulation_id": [
        0
      ],
      "luminosity_distance": [
        153.32404157237923
      ],
      "timeshift": [
        -0.04668034282156275
      ],
      "supernova_mag_boost": [
        0.2463490422902357
      ],
      "geocent_time": [
        -0.051192605620585675
      ]
    }
  }
}