{
  "injections": {
    "__dataframe__": true,
    "content": {
      "simulation_id": [
        0
      ],
      "luminosity_distance": [
        190.7450211369485
      ],
      "timeshift": [
        -0.007995404546648155
      ],
      "supernova_mag_boost": [
        1.4485224560098473
      ],
      "geocent_time": [
        -0.05238475782651353
      ]
    }
  }
}