{
    "luminosity_distance": 171.36633345469852,
    "timeshift": 0.0091179880713063,
    "inclination_EM": 0.1701537305864936,
    "log10_n0": -2.2265937379910588,
    "p": 2.984571441107126,
    "log10_epsilon_e": -1.3002726888040093,
    "log10_epsilon_B": -0.3057634769072215,
    "log10_E0": 53.0,
    "thetaCore": 0.05,
    "thetaWing": 0.1,
    "ksiN": 1.0,
    "L0": 0.0,
    "dL": 3.09e+19,
    "b": 6.0,
    "q": 0.0,
    "ts": 0.0,
    "Ebv": 0.0,
    "log_likelihood": -8.435103423243705,
    "log_prior": -10.10867246885972,
    "log_bayes_factor": -11.81165294313757,
    "log_bayes_factor_err": 0.048227868597762055,
    "Best fit index": 3157,
    "Magnitudes": {
        "ztfg": [
            30.898287778209955,
            20.285470027970636,
            18.95265304374224,
            18.768750959421876,
            18.761902212675533,
            18.858833588981337,
            18.955764965287145,
            19.05978384510886,
            19.16409464810344
        ],
        "ztfr": [
            30.741842298649694,
            19.837572038888887,
            18.48623981718646,
            18.301924156520084,
            18.29499473708335,
            18.391918643738492,
            18.488842550393635,
            18.592861134723,
            18.697171937717577
        ],
        "bestfit_sample_times": [
            0.10911798807130631,
            0.6091179880713062,
            1.1091179880713065,
            1.6091179880713065,
            2.1091179880713065,
            2.6091179880713065,
            3.1091179880713065,
            3.6091179880713065,
            4.109117988071306
        ]
    },
    "chi2_per_dof": 0.024852579484448665,
    "chi2_per_dof_per_filt": {
        "ztfg": 0.026842219939598188,
        "ztfr": 0.022365528915511763
    }
}