{
    "luminosity_distance": 168.34609626779513,
    "timeshift": 0.8342181761011426,
    "inclination_EM": 0.1826614952757178,
    "log10_n0": -1.029255270597384,
    "p": 2.912850971883459,
    "log10_epsilon_e": -1.478704203914086,
    "log10_epsilon_B": -0.3750554371966847,
    "log10_E0": 53.0,
    "thetaCore": 0.05,
    "thetaWing": 0.1,
    "ksiN": 1.0,
    "L0": 0.0,
    "dL": 3.09e+19,
    "b": 6.0,
    "q": 0.0,
    "ts": 0.0,
    "Ebv": 0.0,
    "log_likelihood": -8.44677737183585,
    "log_prior": -10.038477128155058,
    "log_bayes_factor": -11.782592002064245,
    "log_bayes_factor_err": 0.04786348695138738,
    "Best fit index": 3281,
    "Magnitudes": {
        "ztfg": [
            27.38719418593673,
            19.188454403994324,
            18.731270111720146,
            18.783219702608903,
            18.907212159705796,
            19.052720440120197,
            19.204152093253157
        ],
        "ztfr": [
            27.230748706376467,
            18.733894984068336,
            18.27560380283809,
            18.327518530052814,
            18.451510004622662,
            18.597018072936322,
            18.74844972606928
        ],
        "bestfit_sample_times": [
            0.9342181761011426,
            1.4342181761011426,
            1.9342181761011426,
            2.4342181761011426,
            2.9342181761011426,
            3.4342181761011426,
            3.9342181761011426
        ]
    },
    "chi2_per_dof": 0.027446790282702877,
    "chi2_per_dof_per_filt": {
        "ztfg": 0.03139065710628795,
        "ztfr": 0.022516956753221528
    }
}