{
    "luminosity_distance": 196.02844350306805,
    "KNtimeshift": -0.9967299104795008,
    "supernova_mag_boost": 2.8189708569132907,
    "Ebv": 0.3518407860250975,
    "log_likelihood": -3.850342893894033,
    "log_prior": -7.015827819973557,
    "Best fit index": 2487,
    "Magnitudes": {
        "ztfg": [
            24.008107091131198,
            22.06272896533101,
            21.43456105496388,
            21.216306170755274,
            21.034666887913453,
            20.87910457709264,
            20.743063204831984,
            20.622185296477575,
            20.5134269968433,
            20.414577943760925,
            20.32398224852824,
            20.24036726798937,
            20.16273376193986,
            20.090282785570395,
            20.022365494228076,
            19.960896810114605,
            19.904272723113877,
            19.85045593234718,
            19.7991811780698,
            19.750219106873715,
            19.703370069993667,
            19.658459205309406,
            19.615332496822845
        ],
        "bestfit_sample_times": [
            0.1,
            0.6,
            1.1,
            1.6,
            2.1,
            2.6,
            3.1,
            3.6,
            4.1,
            4.6,
            5.1,
            5.6,
            6.1,
            6.6,
            7.1,
            7.6,
            8.1,
            8.6,
            9.1,
            9.6,
            10.1,
            10.6,
            11.1
        ]
    }
}