{
    "luminosity_distance": 196.02844350306805,
    "KNtimeshift": -0.9967299104795008,
    "supernova_mag_boost": 2.8189708569132907,
    "Ebv": 0.3518407860250975,
    "log_likelihood": -3.850342893894033,
    "log_prior": -7.015827819973557,
    "Best fit index": 2487,
    "Magnitudes": {
        "ztfg": [
            24.008107091131198,
            22.06272896533101,
            21.43456105496388,
            21.216306170755274,
            21.034666887913453,
            20.87910457709264,
            20.743063204831984
        ],
        "bestfit_sample_times": [
            0.1,
            0.6,
            1.1,
            1.6,
            2.1,
            2.6,
            3.1
        ]
    }
}