{
  "injections": {
    "__dataframe__": true,
    "content": {
      "simulation_id": [
        0
      ],
      "luminosity_distance": [
        9.9837616666779
      ],
      "KNphi": [
        25.18454004050669
      ],
      "inclination_EM": [
        0.5169695247089389
      ],
      "timeshift": [
        -0.5611241571941381
      ],
      "log10_mej_dyn": [
        -1.809922846545597
      ],
      "log10_mej_wind": [
        -1.8467164026859744
      ],
      "geocent_time": [
        0.006284286110303405
      ]
    }
  }
}