{
  "injections": {
    "__dataframe__": true,
    "content": {
      "simulation_id": [
        0
      ],
      "luminosity_distance": [
        882.9257430839112
      ],
      "timeshift": [
        -0.14301257825733038
      ],
      "log10_Menv": [
        -4.213152893813833
      ],
      "log10_Renv": [
        11.261070198267811
      ],
      "log10_Ee": [
        48.945560477689874
      ],
      "geocent_time": [
        -0.01771418666605476
      ]
    }
  }
}