{
  "injections": {
    "__dataframe__": true,
    "content": {
      "simulation_id": [
        0
      ],
      "luminosity_distance": [
        3.6435177932532987
      ],
      "KNphi": [
        29.207394918704075
      ],
      "inclination_EM": [
        0.7236746387652122
      ],
      "timeshift": [
        -1.3775790531573184
      ],
      "log10_mej_dyn": [
        -2.484286646513797
      ],
      "log10_mej_wind": [
        -1.4823998612128106
      ],
      "geocent_time": [
        0.03486492164762864
      ]
    }
  }
}