{
  "injections": {
    "__dataframe__": true,
    "content": {
      "simulation_id": [
        0
      ],
      "luminosity_distance": [
        153.38388361353438
      ],
      "timeshift": [
        0.6193894920773934
      ],
      "inclination_EM": [
        0.19169025154924624
      ],
      "log10_E0": [
        53.0
      ],
      "thetaCore": [
        0.05
      ],
      "thetaWing": [
        0.1
      ],
      "log10_n0": [
        -2.0693058285647785
      ],
      "p": [
        2.7220178035018074
      ],
      "log10_epsilon_e": [
        -0.006853836930972523
      ],
      "log10_epsilon_B": [
        -2.1127805036063148
      ],
      "ksiN": [
        1.0
      ],
      "L0": [
        0.0
      ],
      "dL": [
        3.09e+19
      ],
      "b": [
        6.0
      ],
      "q": [
        0.0
      ],
      "ts": [
        0.0
      ],
      "geocent_time": [
        -0.057797995824320325
      ]
    }
  }
}