{
  "injections": {
    "__dataframe__": true,
    "content": {
      "simulation_id": [
        0
      ],
      "luminosity_distance": [
        162.32672811662655
      ],
      "timeshift": [
        0.7570866531768137
      ],
      "inclination_EM": [
        0.16823354343680078
      ],
      "log10_E0": [
        53.0
      ],
      "thetaCore": [
        0.05
      ],
      "thetaWing": [
        0.1
      ],
      "log10_n0": [
        -1.9488153383836178
      ],
      "p": [
        2.6243484589635786
      ],
      "log10_epsilon_e": [
        -0.7267649542590258
      ],
      "log10_epsilon_B": [
        -0.18628352176104457
      ],
      "ksiN": [
        1.0
      ],
      "L0": [
        0.0
      ],
      "dL": [
        3.09e+19
      ],
      "b": [
        6.0
      ],
      "q": [
        0.0
      ],
      "ts": [
        0.0
      ],
      "geocent_time": [
        -0.0526926233629764
      ]
    }
  }
}