{
  "injections": {
    "__dataframe__": true,
    "content": {
      "simulation_id": [
        0
      ],
      "luminosity_distance": [
        156.94735831894025
      ],
      "timeshift": [
        0.5123803323834328
      ],
      "inclination_EM": [
        0.15325575133981859
      ],
      "log10_E0": [
        53.0
      ],
      "thetaCore": [
        0.05
      ],
      "thetaWing": [
        0.1
      ],
      "log10_n0": [
        -0.9781686195388173
      ],
      "p": [
        2.9301374005555343
      ],
      "log10_epsilon_e": [
        -0.9866752572758246
      ],
      "log10_epsilon_B": [
        -1.4469210347558952
      ],
      "ksiN": [
        1.0
      ],
      "L0": [
        0.0
      ],
      "dL": [
        3.09e+19
      ],
      "b": [
        6.0
      ],
      "q": [
        0.0
      ],
      "ts": [
        0.0
      ],
      "geocent_time": [
        0.03632243564934981
      ]
    }
  }
}