{
  "injections": {
    "__dataframe__": true,
    "content": {
      "simulation_id": [
        0
      ],
      "luminosity_distance": [
        41.76381397316453
      ],
      "timeshift": [
        -1.9384746389999108
      ],
      "log10_Menv": [
        -1.2642654965261184
      ],
      "log10_Renv": [
        13.677608222197419
      ],
      "log10_Ee": [
        48.28785241255651
      ],
      "geocent_time": [
        0.03218796988990408
      ]
    }
  }
}