{
  "injections": {
    "__dataframe__": true,
    "content": {
      "simulation_id": [
        0
      ],
      "luminosity_distance": [
        8.818178365458422
      ],
      "KNphi": [
        27.742225262795486
      ],
      "inclination_EM": [
        0.7397877998544026
      ],
      "timeshift": [
        -0.49400550824103995
      ],
      "log10_mej_dyn": [
        -2.384029928614302
      ],
      "log10_mej_wind": [
        -0.888098705065127
      ],
      "geocent_time": [
        0.07528978854079973
      ]
    }
  }
}