{
  "injections": {
    "__dataframe__": true,
    "content": {
      "simulation_id": [
        0
      ],
      "luminosity_distance": [
        8.187285828194959
      ],
      "KNphi": [
        43.80619053217289
      ],
      "inclination_EM": [
        0.6111484136254488
      ],
      "timeshift": [
        -1.3731680448551185
      ],
      "log10_mej_dyn": [
        -2.064107068057331
      ],
      "log10_mej_wind": [
        -2.7362413286444824
      ],
      "geocent_time": [
        -0.011454485065714295
      ]
    }
  }
}