{
  "injections": {
    "__dataframe__": true,
    "content": {
      "simulation_id": [
        0
      ],
      "luminosity_distance": [
        170.81967372189092
      ],
      "timeshift": [
        0.9403405338695102
      ],
      "inclination_EM": [
        0.11683894176944822
      ],
      "log10_E0": [
        53.0
      ],
      "thetaCore": [
        0.05
      ],
      "thetaWing": [
        0.1
      ],
      "log10_n0": [
        -0.420958066054534
      ],
      "p": [
        2.507644063213066
      ],
      "log10_epsilon_e": [
        -1.3365489508128334
      ],
      "log10_epsilon_B": [
        -0.46696305431746943
      ],
      "ksiN": [
        1.0
      ],
      "L0": [
        0.0
      ],
      "dL": [
        3.09e+19
      ],
      "b": [
        6.0
      ],
      "q": [
        0.0
      ],
      "ts": [
        0.0
      ],
      "geocent_time": [
        -0.07981797820151171
      ]
    }
  }
}