{
  "injections": {
    "__dataframe__": true,
    "content": {
      "simulation_id": [
        0
      ],
      "luminosity_distance": [
        179.58932787255227
      ],
      "timeshift": [
        0.4319092340973203
      ],
      "inclination_EM": [
        0.1832499217294667
      ],
      "log10_E0": [
        53.0
      ],
      "thetaCore": [
        0.05
      ],
      "thetaWing": [
        0.1
      ],
      "log10_n0": [
        -1.551078268938295
      ],
      "p": [
        2.050603812815061
      ],
      "log10_epsilon_e": [
        -0.10410163333562705
      ],
      "log10_epsilon_B": [
        -0.5408287883406158
      ],
      "ksiN": [
        1.0
      ],
      "L0": [
        0.0
      ],
      "dL": [
        3.09e+19
      ],
      "b": [
        6.0
      ],
      "q": [
        0.0
      ],
      "ts": [
        0.0
      ],
      "geocent_time": [
        0.007383282684974707
      ]
    }
  }
}