{
  "injections": {
    "__dataframe__": true,
    "content": {
      "simulation_id": [
        0
      ],
      "luminosity_distance": [
        184.52054470143037
      ],
      "timeshift": [
        0.8783817254610978
      ],
      "inclination_EM": [
        0.13590500485331108
      ],
      "log10_E0": [
        53.0
      ],
      "thetaCore": [
        0.05
      ],
      "thetaWing": [
        0.1
      ],
      "log10_n0": [
        -0.9315557333650979
      ],
      "p": [
        2.8333178865054385
      ],
      "log10_epsilon_e": [
        -0.2911155578240079
      ],
      "log10_epsilon_B": [
        -0.3910846350174553
      ],
      "ksiN": [
        1.0
      ],
      "L0": [
        0.0
      ],
      "dL": [
        3.09e+19
      ],
      "b": [
        6.0
      ],
      "q": [
        0.0
      ],
      "ts": [
        0.0
      ],
      "geocent_time": [
        -0.02293778547941147
      ]
    }
  }
}