{
  "injections": {
    "__dataframe__": true,
    "content": {
      "simulation_id": [
        0
      ],
      "luminosity_distance": [
        528.9889981786516
      ],
      "timeshift": [
        -0.9563733476661973
      ],
      "log10_Menv": [
        -1.6221331582983782
      ],
      "log10_Renv": [
        10.35957940491596
      ],
      "log10_Ee": [
        47.46133430172207
      ],
      "geocent_time": [
        -0.09766267724719804
      ]
    }
  }
}