{
  "injections": {
    "__dataframe__": true,
    "content": {
      "simulation_id": [
        0
      ],
      "luminosity_distance": [
        687.9397813034827
      ],
      "timeshift": [
        -1.1349607116000742
      ],
      "log10_Menv": [
        -3.695513645108531
      ],
      "log10_Renv": [
        12.301126941402169
      ],
      "log10_Ee": [
        50.23511870483448
      ],
      "geocent_time": [
        -0.05220376732214325
      ]
    }
  }
}