{
  "injections": {
    "__dataframe__": true,
    "content": {
      "simulation_id": [
        0
      ],
      "luminosity_distance": [
        178.50515654264208
      ],
      "timeshift": [
        0.30472869917284406
      ],
      "inclination_EM": [
        0.1888064460818639
      ],
      "log10_E0": [
        53.0
      ],
      "thetaCore": [
        0.05
      ],
      "thetaWing": [
        0.1
      ],
      "log10_n0": [
        -0.7081516844354603
      ],
      "p": [
        2.2281672856736843
      ],
      "log10_epsilon_e": [
        -2.1005680817645036
      ],
      "log10_epsilon_B": [
        -1.313143416471553
      ],
      "ksiN": [
        1.0
      ],
      "L0": [
        0.0
      ],
      "dL": [
        3.09e+19
      ],
      "b": [
        6.0
      ],
      "q": [
        0.0
      ],
      "ts": [
        0.0
      ],
      "geocent_time": [
        0.08999243308551808
      ]
    }
  }
}