{
  "injections": {
    "__dataframe__": true,
    "content": {
      "simulation_id": [
        0
      ],
      "luminosity_distance": [
        8.104765026371194
      ],
      "KNphi": [
        38.79406346400505
      ],
      "inclination_EM": [
        0.38078066638621105
      ],
      "timeshift": [
        0.6827926682781191
      ],
      "log10_mej_dyn": [
        -1.0892760453453345
      ],
      "log10_mej_wind": [
        -0.7175519072617065
      ],
      "geocent_time": [
        -0.03990362757318433
      ]
    }
  }
}