{
  "injections": {
    "__dataframe__": true,
    "content": {
      "simulation_id": [
        0
      ],
      "luminosity_distance": [
        4.465529007914762
      ],
      "KNphi": [
        32.36436014772984
      ],
      "inclination_EM": [
        0.32852029653372367
      ],
      "timeshift": [
        -0.3997169195627459
      ],
      "log10_mej_dyn": [
        -2.5646358579894617
      ],
      "log10_mej_wind": [
        -0.691729278387303
      ],
      "geocent_time": [
        0.05892450887874007
      ]
    }
  }
}