{
  "injections": {
    "__dataframe__": true,
    "content": {
      "simulation_id": [
        0
      ],
      "luminosity_distance": [
        4.895607026922667
      ],
      "KNphi": [
        48.25451362604252
      ],
      "inclination_EM": [
        0.5961475495235519
      ],
      "timeshift": [
        -1.908211143577066
      ],
      "log10_mej_dyn": [
        -1.5615304350451065
      ],
      "log10_mej_wind": [
        -2.973831802293792
      ],
      "geocent_time": [
        -0.0976142374713343
      ]
    }
  }
}