{
  "injections": {
    "__dataframe__": true,
    "content": {
      "simulation_id": [
        0
      ],
      "luminosity_distance": [
        81.08829012511742
      ],
      "timeshift": [
        -0.3735339837253364
      ],
      "log10_Menv": [
        -2.8678267280236236
      ],
      "log10_Renv": [
        11.02538459543624
      ],
      "log10_Ee": [
        50.39625671901708
      ],
      "geocent_time": [
        0.05421425662281096
      ]
    }
  }
}