{
  "injections": {
    "__dataframe__": true,
    "content": {
      "simulation_id": [
        0
      ],
      "luminosity_distance": [
        211.38349801377765
      ],
      "timeshift": [
        0.4667753499096847
      ],
      "supernova_mag_boost": [
        4.483206417104199
      ],
      "geocent_time": [
        -0.041210323973903056
      ]
    }
  }
}