{
  "injections": {
    "__dataframe__": true,
    "content": {
      "simulation_id": [
        0
      ],
      "luminosity_distance": [
        208.47528750473586
      ],
      "timeshift": [
        -1.1971117985413524
      ],
      "log10_Menv": [
        -4.084421122680515
      ],
      "log10_Renv": [
        10.137566460806276
      ],
      "log10_Ee": [
        48.5402575555538
      ],
      "geocent_time": [
        0.05153293687294497
      ]
    }
  }
}