{
  "injections": {
    "__dataframe__": true,
    "content": {
      "simulation_id": [
        0
      ],
      "luminosity_distance": [
        171.76429011955037
      ],
      "timeshift": [
        0.1219960173474246
      ],
      "supernova_mag_boost": [
        0.1450323235275066
      ],
      "geocent_time": [
        -0.05597000117456544
      ]
    }
  }
}