{
  "injections": {
    "__dataframe__": true,
    "content": {
      "simulation_id": [
        0
      ],
      "luminosity_distance": [
        154.45887846242246
      ],
      "timeshift": [
        0.669125809891119
      ],
      "inclination_EM": [
        0.13696647913870075
      ],
      "log10_E0": [
        53.0
      ],
      "thetaCore": [
        0.05
      ],
      "thetaWing": [
        0.1
      ],
      "log10_n0": [
        1.1988686573903964
      ],
      "p": [
        2.6401176640876964
      ],
      "log10_epsilon_e": [
        -0.6655221064090528
      ],
      "log10_epsilon_B": [
        -0.6932636198611819
      ],
      "ksiN": [
        1.0
      ],
      "L0": [
        0.0
      ],
      "dL": [
        3.09e+19
      ],
      "b": [
        6.0
      ],
      "q": [
        0.0
      ],
      "ts": [
        0.0
      ],
      "geocent_time": [
        -0.020194252697249365
      ]
    }
  }
}