{
  "injections": {
    "__dataframe__": true,
    "content": {
      "simulation_id": [
        0
      ],
      "luminosity_distance": [
        207.2965671550944
      ],
      "timeshift": [
        -0.32842911071495196
      ],
      "supernova_mag_boost": [
        -2.705714873798141
      ],
      "geocent_time": [
        0.014888575591657877
      ]
    }
  }
}