{
  "injections": {
    "__dataframe__": true,
    "content": {
      "simulation_id": [
        0
      ],
      "luminosity_distance": [
        603.2183084668576
      ],
      "timeshift": [
        -1.1602782296012262
      ],
      "log10_Menv": [
        -4.060775853126245
      ],
      "log10_Renv": [
        14.283251523021676
      ],
      "log10_Ee": [
        50.37278907890784
      ],
      "geocent_time": [
        0.0980975810986843
      ]
    }
  }
}