{
  "injections": {
    "__dataframe__": true,
    "content": {
      "simulation_id": [
        0
      ],
      "luminosity_distance": [
        161.05293409963832
      ],
      "timeshift": [
        0.25622067476292143
      ],
      "inclination_EM": [
        0.07212535779167939
      ],
      "log10_E0": [
        53.0
      ],
      "thetaCore": [
        0.05
      ],
      "thetaWing": [
        0.1
      ],
      "log10_n0": [
        1.646053444288393
      ],
      "p": [
        2.936026054663235
      ],
      "log10_epsilon_e": [
        -1.5687100724549652
      ],
      "log10_epsilon_B": [
        -1.764358470178166
      ],
      "ksiN": [
        1.0
      ],
      "L0": [
        0.0
      ],
      "dL": [
        3.09e+19
      ],
      "b": [
        6.0
      ],
      "q": [
        0.0
      ],
      "ts": [
        0.0
      ],
      "geocent_time": [
        -0.01665684970141515
      ]
    }
  }
}