{
  "injections": {
    "__dataframe__": true,
    "content": {
      "simulation_id": [
        0
      ],
      "luminosity_distance": [
        152.8283868429091
      ],
      "timeshift": [
        -0.04747644890234922
      ],
      "inclination_EM": [
        0.038456155394278706
      ],
      "log10_E0": [
        53.0
      ],
      "thetaCore": [
        0.05
      ],
      "thetaWing": [
        0.1
      ],
      "log10_n0": [
        1.2514781575635148
      ],
      "p": [
        2.1608296123187953
      ],
      "log10_epsilon_e": [
        -2.166722625916179
      ],
      "log10_epsilon_B": [
        -1.3223673002591996
      ],
      "ksiN": [
        1.0
      ],
      "L0": [
        0.0
      ],
      "dL": [
        3.09e+19
      ],
      "b": [
        6.0
      ],
      "q": [
        0.0
      ],
      "ts": [
        0.0
      ],
      "geocent_time": [
        0.03080192570255147
      ]
    }
  }
}