{
  "injections": {
    "__dataframe__": true,
    "content": {
      "simulation_id": [
        0
      ],
      "luminosity_distance": [
        204.3336975547358
      ],
      "timeshift": [
        0.780607827518327
      ],
      "supernova_mag_boost": [
        -4.066393835491117
      ],
      "geocent_time": [
        0.0708197102316406
      ]
    }
  }
}