{
  "injections": {
    "__dataframe__": true,
    "content": {
      "simulation_id": [
        0
      ],
      "luminosity_distance": [
        192.9500788873749
      ],
      "timeshift": [
        0.0016337130525767574
      ],
      "supernova_mag_boost": [
        -0.7279269964351904
      ],
      "geocent_time": [
        -0.058864450365208626
      ]
    }
  }
}