{
  "injections": {
    "__dataframe__": true,
    "content": {
      "simulation_id": [
        0
      ],
      "luminosity_distance": [
        179.2179982097388
      ],
      "timeshift": [
        -0.06309882073769929
      ],
      "inclination_EM": [
        0.17031893103725326
      ],
      "log10_E0": [
        53.0
      ],
      "thetaCore": [
        0.05
      ],
      "thetaWing": [
        0.1
      ],
      "log10_n0": [
        -1.4429202857177765
      ],
      "p": [
        2.931359186113297
      ],
      "log10_epsilon_e": [
        -0.8253701541060039
      ],
      "log10_epsilon_B": [
        -1.752957751528156
      ],
      "ksiN": [
        1.0
      ],
      "L0": [
        0.0
      ],
      "dL": [
        3.09e+19
      ],
      "b": [
        6.0
      ],
      "q": [
        0.0
      ],
      "ts": [
        0.0
      ],
      "geocent_time": [
        -0.07094414254828148
      ]
    }
  }
}