{
  "injections": {
    "__dataframe__": true,
    "content": {
      "simulation_id": [
        0
      ],
      "luminosity_distance": [
        501.7012869781763
      ],
      "timeshift": [
        -0.5394422077792378
      ],
      "log10_Menv": [
        -0.6121277509402088
      ],
      "log10_Renv": [
        13.639181627466623
      ],
      "log10_Ee": [
        50.72246954759072
      ],
      "geocent_time": [
        -0.07140581173210013
      ]
    }
  }
}