{
  "injections": {
    "__dataframe__": true,
    "content": {
      "simulation_id": [
        0
      ],
      "luminosity_distance": [
        2.599937393037601
      ],
      "KNphi": [
        46.47834022718733
      ],
      "inclination_EM": [
        0.5414789742407943
      ],
      "timeshift": [
        0.8122147220239051
      ],
      "log10_mej_dyn": [
        -2.4650287586907385
      ],
      "log10_mej_wind": [
        -1.8617837113472158
      ],
      "geocent_time": [
        -0.09896657267902492
      ]
    }
  }
}