{
  "injections": {
    "__dataframe__": true,
    "content": {
      "simulation_id": [
        0
      ],
      "luminosity_distance": [
        158.29306279734695
      ],
      "timeshift": [
        0.8283021389590725
      ],
      "inclination_EM": [
        0.13163989327157238
      ],
      "log10_E0": [
        53.0
      ],
      "thetaCore": [
        0.05
      ],
      "thetaWing": [
        0.1
      ],
      "log10_n0": [
        -1.9933805608010804
      ],
      "p": [
        2.294727874555891
      ],
      "log10_epsilon_e": [
        -2.0837429515249406
      ],
      "log10_epsilon_B": [
        -1.445365723979957
      ],
      "ksiN": [
        1.0
      ],
      "L0": [
        0.0
      ],
      "dL": [
        3.09e+19
      ],
      "b": [
        6.0
      ],
      "q": [
        0.0
      ],
      "ts": [
        0.0
      ],
      "geocent_time": [
        0.0027884862572779695
      ]
    }
  }
}