{
  "injections": {
    "__dataframe__": true,
    "content": {
      "simulation_id": [
        0
      ],
      "luminosity_distance": [
        223.79657063102638
      ],
      "timeshift": [
        -0.32683319463481353
      ],
      "supernova_mag_boost": [
        2.8907871351186607
      ],
      "geocent_time": [
        0.08689476453362363
      ]
    }
  }
}