{
  "injections": {
    "__dataframe__": true,
    "content": {
      "simulation_id": [
        0
      ],
      "luminosity_distance": [
        160.4496363394718
      ],
      "timeshift": [
        0.17657466458660406
      ],
      "inclination_EM": [
        0.16697724341352085
      ],
      "log10_E0": [
        53.0
      ],
      "thetaCore": [
        0.05
      ],
      "thetaWing": [
        0.1
      ],
      "log10_n0": [
        1.9963898440630903
      ],
      "p": [
        2.8211108956388022
      ],
      "log10_epsilon_e": [
        -2.4082332420578676
      ],
      "log10_epsilon_B": [
        -2.1851293318734335
      ],
      "ksiN": [
        1.0
      ],
      "L0": [
        0.0
      ],
      "dL": [
        3.09e+19
      ],
      "b": [
        6.0
      ],
      "q": [
        0.0
      ],
      "ts": [
        0.0
      ],
      "geocent_time": [
        0.005645641072119539
      ]
    }
  }
}