{
  "injections": {
    "__dataframe__": true,
    "content": {
      "simulation_id": [
        0
      ],
      "luminosity_distance": [
        168.8585374683999
      ],
      "timeshift": [
        -0.046650516855521476
      ],
      "inclination_EM": [
        0.12852308790375486
      ],
      "log10_E0": [
        53.0
      ],
      "thetaCore": [
        0.05
      ],
      "thetaWing": [
        0.1
      ],
      "log10_n0": [
        0.5606643093709058
      ],
      "p": [
        2.294320128527734
      ],
      "log10_epsilon_e": [
        -1.757351700939553
      ],
      "log10_epsilon_B": [
        -2.994393383946556
      ],
      "ksiN": [
        1.0
      ],
      "L0": [
        0.0
      ],
      "dL": [
        3.09e+19
      ],
      "b": [
        6.0
      ],
      "q": [
        0.0
      ],
      "ts": [
        0.0
      ],
      "geocent_time": [
        -0.026673901448857396
      ]
    }
  }
}