{
  "injections": {
    "__dataframe__": true,
    "content": {
      "simulation_id": [
        0
      ],
      "luminosity_distance": [
        3.3457943129484695
      ],
      "KNphi": [
        28.028023930455298
      ],
      "inclination_EM": [
        0.522190813996553
      ],
      "timeshift": [
        -1.7837660652162695
      ],
      "log10_mej_dyn": [
        -2.0348909807581013
      ],
      "log10_mej_wind": [
        -1.7861436948496816
      ],
      "geocent_time": [
        -0.02637145438821009
      ]
    }
  }
}