{
  "injections": {
    "__dataframe__": true,
    "content": {
      "simulation_id": [
        0
      ],
      "luminosity_distance": [
        184.81900147853818
      ],
      "timeshift": [
        0.7670282254294409
      ],
      "inclination_EM": [
        0.17054842108001647
      ],
      "log10_E0": [
        53.0
      ],
      "thetaCore": [
        0.05
      ],
      "thetaWing": [
        0.1
      ],
      "log10_n0": [
        0.5509511598216648
      ],
      "p": [
        2.159875479683922
      ],
      "log10_epsilon_e": [
        -2.2349863026590993
      ],
      "log10_epsilon_B": [
        -2.9080821562181973
      ],
      "ksiN": [
        1.0
      ],
      "L0": [
        0.0
      ],
      "dL": [
        3.09e+19
      ],
      "b": [
        6.0
      ],
      "q": [
        0.0
      ],
      "ts": [
        0.0
      ],
      "geocent_time": [
        -0.01961227470494742
      ]
    }
  }
}