{
  "injections": {
    "__dataframe__": true,
    "content": {
      "simulation_id": [
        0
      ],
      "luminosity_distance": [
        9.405604137576175
      ],
      "KNphi": [
        25.6960924530663
      ],
      "inclination_EM": [
        0.547049942009997
      ],
      "timeshift": [
        -0.769760247897016
      ],
      "log10_mej_dyn": [
        -1.1498732078583132
      ],
      "log10_mej_wind": [
        -2.182069540463303
      ],
      "geocent_time": [
        -0.09295211007398033
      ]
    }
  }
}