{
  "injections": {
    "__dataframe__": true,
    "content": {
      "simulation_id": [
        0
      ],
      "luminosity_distance": [
        208.41430189663612
      ],
      "timeshift": [
        -0.42359168922664914
      ],
      "log10_Menv": [
        -1.3494492032534575
      ],
      "log10_Renv": [
        11.613588309210538
      ],
      "log10_Ee": [
        51.408012533027865
      ],
      "geocent_time": [
        0.038212440579163925
      ]
    }
  }
}