{
  "injections": {
    "__dataframe__": true,
    "content": {
      "simulation_id": [
        0
      ],
      "luminosity_distance": [
        180.7085603478623
      ],
      "timeshift": [
        0.01634727134813692
      ],
      "inclination_EM": [
        0.17190733914498282
      ],
      "log10_E0": [
        53.0
      ],
      "thetaCore": [
        0.05
      ],
      "thetaWing": [
        0.1
      ],
      "log10_n0": [
        1.4503428158191944
      ],
      "p": [
        2.0682846806567303
      ],
      "log10_epsilon_e": [
        -0.06731998802884931
      ],
      "log10_epsilon_B": [
        -1.8433140008236466
      ],
      "ksiN": [
        1.0
      ],
      "L0": [
        0.0
      ],
      "dL": [
        3.09e+19
      ],
      "b": [
        6.0
      ],
      "q": [
        0.0
      ],
      "ts": [
        0.0
      ],
      "geocent_time": [
        -0.05067049943245153
      ]
    }
  }
}