{
  "injections": {
    "__dataframe__": true,
    "content": {
      "simulation_id": [
        0
      ],
      "luminosity_distance": [
        999.7941224165063
      ],
      "timeshift": [
        -0.3020043009976412
      ],
      "log10_Menv": [
        -1.1607045453098035
      ],
      "log10_Renv": [
        11.542448496256348
      ],
      "log10_Ee": [
        49.674479073087234
      ],
      "geocent_time": [
        0.08220186164809182
      ]
    }
  }
}