{
  "injections": {
    "__dataframe__": true,
    "content": {
      "simulation_id": [
        0
      ],
      "luminosity_distance": [
        5.072262521956657
      ],
      "KNphi": [
        30.609134952041668
      ],
      "inclination_EM": [
        0.08140941099245465
      ],
      "timeshift": [
        -1.5023726445834167
      ],
      "log10_mej_dyn": [
        -1.1686281125666622
      ],
      "log10_mej_wind": [
        -1.6768585129596996
      ],
      "geocent_time": [
        0.09113280019591621
      ]
    }
  }
}