{
  "injections": {
    "__dataframe__": true,
    "content": {
      "simulation_id": [
        0
      ],
      "luminosity_distance": [
        7.847098279468389
      ],
      "KNphi": [
        27.888544837138696
      ],
      "inclination_EM": [
        0.6703165847057292
      ],
      "timeshift": [
        0.8108098923577147
      ],
      "log10_mej_dyn": [
        -1.391263356031822
      ],
      "log10_mej_wind": [
        -1.7384273255418943
      ],
      "geocent_time": [
        0.052962680664237816
      ]
    }
  }
}