{
  "injections": {
    "__dataframe__": true,
    "content": {
      "simulation_id": [
        0
      ],
      "luminosity_distance": [
        154.0161354220899
      ],
      "timeshift": [
        0.16324277100465837
      ],
      "inclination_EM": [
        0.18650024729868003
      ],
      "log10_E0": [
        53.0
      ],
      "thetaCore": [
        0.05
      ],
      "thetaWing": [
        0.1
      ],
      "log10_n0": [
        -0.01052426455318134
      ],
      "p": [
        2.113804121797358
      ],
      "log10_epsilon_e": [
        -2.607857190194447
      ],
      "log10_epsilon_B": [
        -0.1783277883510168
      ],
      "ksiN": [
        1.0
      ],
      "L0": [
        0.0
      ],
      "dL": [
        3.09e+19
      ],
      "b": [
        6.0
      ],
      "q": [
        0.0
      ],
      "ts": [
        0.0
      ],
      "geocent_time": [
        -0.01727032001363711
      ]
    }
  }
}