{
  "injections": {
    "__dataframe__": true,
    "content": {
      "simulation_id": [
        0
      ],
      "luminosity_distance": [
        180.29993641568194
      ],
      "timeshift": [
        0.5759379313419248
      ],
      "inclination_EM": [
        0.1665481489975612
      ],
      "log10_E0": [
        53.0
      ],
      "thetaCore": [
        0.05
      ],
      "thetaWing": [
        0.1
      ],
      "log10_n0": [
        0.20881089776306005
      ],
      "p": [
        2.3302027656296986
      ],
      "log10_epsilon_e": [
        -2.4929828892905284
      ],
      "log10_epsilon_B": [
        -1.9052631334469
      ],
      "ksiN": [
        1.0
      ],
      "L0": [
        0.0
      ],
      "dL": [
        3.09e+19
      ],
      "b": [
        6.0
      ],
      "q": [
        0.0
      ],
      "ts": [
        0.0
      ],
      "geocent_time": [
        0.02328051706660912
      ]
    }
  }
}