{
  "injections": {
    "__dataframe__": true,
    "content": {
      "simulation_id": [
        0
      ],
      "luminosity_distance": [
        188.7558116178494
      ],
      "timeshift": [
        0.8656956325141849
      ],
      "supernova_mag_boost": [
        4.612042239147083
      ],
      "geocent_time": [
        0.07694019243922337
      ]
    }
  }
}