{
  "injections": {
    "__dataframe__": true,
    "content": {
      "simulation_id": [
        0
      ],
      "luminosity_distance": [
        201.51978070605514
      ],
      "timeshift": [
        0.5738867956486322
      ],
      "supernova_mag_boost": [
        3.2954493078692675
      ],
      "geocent_time": [
        0.04495069640613533
      ]
    }
  }
}