{
  "injections": {
    "__dataframe__": true,
    "content": {
      "simulation_id": [
        0
      ],
      "luminosity_distance": [
        195.019255989947
      ],
      "timeshift": [
        -0.2618838176932754
      ],
      "supernova_mag_boost": [
        4.7738854714509475
      ],
      "geocent_time": [
        0.060034143477586815
      ]
    }
  }
}