{
  "injections": {
    "__dataframe__": true,
    "content": {
      "simulation_id": [
        0
      ],
      "luminosity_distance": [
        899.607092924427
      ],
      "timeshift": [
        -0.2974247168022548
      ],
      "log10_Menv": [
        -2.742000869775651
      ],
      "log10_Renv": [
        10.17567500366812
      ],
      "log10_Ee": [
        47.91285858739408
      ],
      "geocent_time": [
        0.05417226207048978
      ]
    }
  }
}