{
  "injections": {
    "__dataframe__": true,
    "content": {
      "simulation_id": [
        0
      ],
      "luminosity_distance": [
        7.712950264277731
      ],
      "KNphi": [
        48.540458985907044
      ],
      "inclination_EM": [
        0.2054346786901063
      ],
      "timeshift": [
        -1.99026287372508
      ],
      "log10_mej_dyn": [
        -1.0092917628707214
      ],
      "log10_mej_wind": [
        -2.237472988830582
      ],
      "geocent_time": [
        0.034530674029822905
      ]
    }
  }
}