{
  "injections": {
    "__dataframe__": true,
    "content": {
      "simulation_id": [
        0
      ],
      "luminosity_distance": [
        192.59150987667323
      ],
      "timeshift": [
        -0.7289592870229347
      ],
      "supernova_mag_boost": [
        -0.25646633087845405
      ],
      "geocent_time": [
        -0.09080302037974308
      ]
    }
  }
}