{
  "injections": {
    "__dataframe__": true,
    "content": {
      "simulation_id": [
        0
      ],
      "luminosity_distance": [
        205.86986673319137
      ],
      "timeshift": [
        -0.8756078761363759
      ],
      "supernova_mag_boost": [
        -4.53223647008445
      ],
      "geocent_time": [
        -0.006184649960358279
      ]
    }
  }
}