{
  "injections": {
    "__dataframe__": true,
    "content": {
      "simulation_id": [
        0
      ],
      "luminosity_distance": [
        151.07395412198255
      ],
      "timeshift": [
        0.15443572651039508
      ],
      "inclination_EM": [
        0.04672348358441737
      ],
      "log10_E0": [
        53.0
      ],
      "thetaCore": [
        0.05
      ],
      "thetaWing": [
        0.1
      ],
      "log10_n0": [
        -1.920549418438162
      ],
      "p": [
        2.386933084908942
      ],
      "log10_epsilon_e": [
        -0.27207084056038866
      ],
      "log10_epsilon_B": [
        -1.3923154344534032
      ],
      "ksiN": [
        1.0
      ],
      "L0": [
        0.0
      ],
      "dL": [
        3.09e+19
      ],
      "b": [
        6.0
      ],
      "q": [
        0.0
      ],
      "ts": [
        0.0
      ],
      "geocent_time": [
        -0.026193864987308316
      ]
    }
  }
}