{
  "injections": {
    "__dataframe__": true,
    "content": {
      "simulation_id": [
        0
      ],
      "luminosity_distance": [
        169.8908521425076
      ],
      "timeshift": [
        0.4173507157793058
      ],
      "inclination_EM": [
        0.1871089469220041
      ],
      "log10_E0": [
        53.0
      ],
      "thetaCore": [
        0.05
      ],
      "thetaWing": [
        0.1
      ],
      "log10_n0": [
        0.029486106552914393
      ],
      "p": [
        2.9132611706847698
      ],
      "log10_epsilon_e": [
        -0.6073444683767346
      ],
      "log10_epsilon_B": [
        -2.0660391861283958
      ],
      "ksiN": [
        1.0
      ],
      "L0": [
        0.0
      ],
      "dL": [
        3.09e+19
      ],
      "b": [
        6.0
      ],
      "q": [
        0.0
      ],
      "ts": [
        0.0
      ],
      "geocent_time": [
        -0.0160275455270346
      ]
    }
  }
}