{
  "injections": {
    "__dataframe__": true,
    "content": {
      "simulation_id": [
        0
      ],
      "luminosity_distance": [
        356.29088375262484
      ],
      "timeshift": [
        -0.158130575707514
      ],
      "log10_Menv": [
        -3.8671263692570843
      ],
      "log10_Renv": [
        10.234807338897529
      ],
      "log10_Ee": [
        51.620759147543446
      ],
      "geocent_time": [
        -0.09127505891007855
      ]
    }
  }
}