{
  "injections": {
    "__dataframe__": true,
    "content": {
      "simulation_id": [
        0
      ],
      "luminosity_distance": [
        184.13987835113372
      ],
      "timeshift": [
        0.9881466231146149
      ],
      "inclination_EM": [
        0.03653768642169348
      ],
      "log10_E0": [
        53.0
      ],
      "thetaCore": [
        0.05
      ],
      "thetaWing": [
        0.1
      ],
      "log10_n0": [
        2.2180398480313563
      ],
      "p": [
        2.2671252255188006
      ],
      "log10_epsilon_e": [
        -2.1894921538852112
      ],
      "log10_epsilon_B": [
        -1.0347603690628107
      ],
      "ksiN": [
        1.0
      ],
      "L0": [
        0.0
      ],
      "dL": [
        3.09e+19
      ],
      "b": [
        6.0
      ],
      "q": [
        0.0
      ],
      "ts": [
        0.0
      ],
      "geocent_time": [
        -0.08910438302137658
      ]
    }
  }
}