{
  "injections": {
    "__dataframe__": true,
    "content": {
      "simulation_id": [
        0
      ],
      "luminosity_distance": [
        175.19904115948634
      ],
      "timeshift": [
        0.7190635514763599
      ],
      "inclination_EM": [
        0.11774986649783628
      ],
      "log10_E0": [
        53.0
      ],
      "thetaCore": [
        0.05
      ],
      "thetaWing": [
        0.1
      ],
      "log10_n0": [
        -0.2533145073236067
      ],
      "p": [
        2.6702367549567274
      ],
      "log10_epsilon_e": [
        -1.0931147494289044
      ],
      "log10_epsilon_B": [
        -1.0674762417581456
      ],
      "ksiN": [
        1.0
      ],
      "L0": [
        0.0
      ],
      "dL": [
        3.09e+19
      ],
      "b": [
        6.0
      ],
      "q": [
        0.0
      ],
      "ts": [
        0.0
      ],
      "geocent_time": [
        -0.0803413260002106
      ]
    }
  }
}