{
  "injections": {
    "__dataframe__": true,
    "content": {
      "simulation_id": [
        0
      ],
      "luminosity_distance": [
        162.85376141472173
      ],
      "timeshift": [
        0.4056230855992813
      ],
      "supernova_mag_boost": [
        1.4781688885090745
      ],
      "geocent_time": [
        0.009562761992602045
      ]
    }
  }
}