{
  "injections": {
    "__dataframe__": true,
    "content": {
      "simulation_id": [
        0
      ],
      "luminosity_distance": [
        156.46879610346645
      ],
      "timeshift": [
        -0.05512296533189228
      ],
      "inclination_EM": [
        0.13556979835330246
      ],
      "log10_E0": [
        53.0
      ],
      "thetaCore": [
        0.05
      ],
      "thetaWing": [
        0.1
      ],
      "log10_n0": [
        2.4397199373049396
      ],
      "p": [
        2.254414958642376
      ],
      "log10_epsilon_e": [
        -0.55918663996761
      ],
      "log10_epsilon_B": [
        -2.7583616352866263
      ],
      "ksiN": [
        1.0
      ],
      "L0": [
        0.0
      ],
      "dL": [
        3.09e+19
      ],
      "b": [
        6.0
      ],
      "q": [
        0.0
      ],
      "ts": [
        0.0
      ],
      "geocent_time": [
        -0.02787816305078379
      ]
    }
  }
}