{
  "injections": {
    "__dataframe__": true,
    "content": {
      "simulation_id": [
        0
      ],
      "luminosity_distance": [
        168.90943108869172
      ],
      "timeshift": [
        0.3421499241435171
      ],
      "supernova_mag_boost": [
        3.9901092273830034
      ],
      "geocent_time": [
        0.0637131451776457
      ]
    }
  }
}