{
  "injections": {
    "__dataframe__": true,
    "content": {
      "simulation_id": [
        0
      ],
      "luminosity_distance": [
        166.55312662029326
      ],
      "timeshift": [
        0.7527814632310823
      ],
      "inclination_EM": [
        0.11046268629201772
      ],
      "log10_E0": [
        53.0
      ],
      "thetaCore": [
        0.05
      ],
      "thetaWing": [
        0.1
      ],
      "log10_n0": [
        -1.0707319986361068
      ],
      "p": [
        2.932383762638626
      ],
      "log10_epsilon_e": [
        -0.43288634281893756
      ],
      "log10_epsilon_B": [
        -1.7811576590302647
      ],
      "ksiN": [
        1.0
      ],
      "L0": [
        0.0
      ],
      "dL": [
        3.09e+19
      ],
      "b": [
        6.0
      ],
      "q": [
        0.0
      ],
      "ts": [
        0.0
      ],
      "geocent_time": [
        -0.08396715104798357
      ]
    }
  }
}