{
  "injections": {
    "__dataframe__": true,
    "content": {
      "simulation_id": [
        0
      ],
      "luminosity_distance": [
        201.99041443892858
      ],
      "timeshift": [
        0.9110563914194563
      ],
      "supernova_mag_boost": [
        -3.9029914170221245
      ],
      "geocent_time": [
        -0.06913939024659177
      ]
    }
  }
}