{
  "injections": {
    "__dataframe__": true,
    "content": {
      "simulation_id": [
        0
      ],
      "luminosity_distance": [
        438.7026446588541
      ],
      "timeshift": [
        -1.0086468420917614
      ],
      "log10_Menv": [
        -4.1484799391938685
      ],
      "log10_Renv": [
        14.604119981671449
      ],
      "log10_Ee": [
        51.33299684836753
      ],
      "geocent_time": [
        -0.048971817481849624
      ]
    }
  }
}