{
  "injections": {
    "__dataframe__": true,
    "content": {
      "simulation_id": [
        0
      ],
      "luminosity_distance": [
        981.8300289638466
      ],
      "timeshift": [
        -1.8162746973340684
      ],
      "log10_Menv": [
        -2.8595104538808203
      ],
      "log10_Renv": [
        11.548750020700036
      ],
      "log10_Ee": [
        50.400869052672746
      ],
      "geocent_time": [
        -0.06353563087953779
      ]
    }
  }
}