{
  "injections": {
    "__dataframe__": true,
    "content": {
      "simulation_id": [
        0
      ],
      "luminosity_distance": [
        697.7635795898543
      ],
      "timeshift": [
        -1.48654786271474
      ],
      "log10_Menv": [
        -1.8276480372953263
      ],
      "log10_Renv": [
        13.605491383629058
      ],
      "log10_Ee": [
        48.98025812762109
      ],
      "geocent_time": [
        0.05496081958475468
      ]
    }
  }
}