{
  "injections": {
    "__dataframe__": true,
    "content": {
      "simulation_id": [
        0
      ],
      "luminosity_distance": [
        154.5126117518958
      ],
      "timeshift": [
        0.038602434375473615
      ],
      "inclination_EM": [
        0.16255576309553885
      ],
      "log10_E0": [
        53.0
      ],
      "thetaCore": [
        0.05
      ],
      "thetaWing": [
        0.1
      ],
      "log10_n0": [
        -1.9241261894979602
      ],
      "p": [
        2.13967999051917
      ],
      "log10_epsilon_e": [
        -1.1594412887850254
      ],
      "log10_epsilon_B": [
        -1.87274118415541
      ],
      "ksiN": [
        1.0
      ],
      "L0": [
        0.0
      ],
      "dL": [
        3.09e+19
      ],
      "b": [
        6.0
      ],
      "q": [
        0.0
      ],
      "ts": [
        0.0
      ],
      "geocent_time": [
        0.0561801242344343
      ]
    }
  }
}