{
  "injections": {
    "__dataframe__": true,
    "content": {
      "simulation_id": [
        0
      ],
      "luminosity_distance": [
        887.8740285667183
      ],
      "timeshift": [
        -0.10456753497951254
      ],
      "log10_Menv": [
        -2.8508944656781203
      ],
      "log10_Renv": [
        14.306230399010321
      ],
      "log10_Ee": [
        49.573775102450185
      ],
      "geocent_time": [
        -0.009698624761060426
      ]
    }
  }
}