{
  "injections": {
    "__dataframe__": true,
    "content": {
      "simulation_id": [
        0
      ],
      "luminosity_distance": [
        3.4197470022844954
      ],
      "KNphi": [
        18.016565680824666
      ],
      "inclination_EM": [
        0.6102549585528354
      ],
      "timeshift": [
        -1.0029870921461868
      ],
      "log10_mej_dyn": [
        -1.2968334950704974
      ],
      "log10_mej_wind": [
        -1.0631968767789326
      ],
      "geocent_time": [
        0.030162772717567787
      ]
    }
  }
}