{
  "injections": {
    "__dataframe__": true,
    "content": {
      "simulation_id": [
        0
      ],
      "luminosity_distance": [
        179.34673358184858
      ],
      "timeshift": [
        0.28075498021353584
      ],
      "inclination_EM": [
        0.08871234180272887
      ],
      "log10_E0": [
        53.0
      ],
      "thetaCore": [
        0.05
      ],
      "thetaWing": [
        0.1
      ],
      "log10_n0": [
        -2.402492550019714
      ],
      "p": [
        2.2097389663421
      ],
      "log10_epsilon_e": [
        -1.6670100712826672
      ],
      "log10_epsilon_B": [
        -1.1015593409807765
      ],
      "ksiN": [
        1.0
      ],
      "L0": [
        0.0
      ],
      "dL": [
        3.09e+19
      ],
      "b": [
        6.0
      ],
      "q": [
        0.0
      ],
      "ts": [
        0.0
      ],
      "geocent_time": [
        -0.054662841927645284
      ]
    }
  }
}