{
  "injections": {
    "__dataframe__": true,
    "content": {
      "simulation_id": [
        0
      ],
      "luminosity_distance": [
        166.6815833180961
      ],
      "timeshift": [
        0.035309132860363635
      ],
      "inclination_EM": [
        0.0962540308906164
      ],
      "log10_E0": [
        53.0
      ],
      "thetaCore": [
        0.05
      ],
      "thetaWing": [
        0.1
      ],
      "log10_n0": [
        1.6894316461725642
      ],
      "p": [
        2.075817244621532
      ],
      "log10_epsilon_e": [
        -0.008615314296998466
      ],
      "log10_epsilon_B": [
        -1.6456923966598662
      ],
      "ksiN": [
        1.0
      ],
      "L0": [
        0.0
      ],
      "dL": [
        3.09e+19
      ],
      "b": [
        6.0
      ],
      "q": [
        0.0
      ],
      "ts": [
        0.0
      ],
      "geocent_time": [
        -0.053262506854387964
      ]
    }
  }
}