{
  "injections": {
    "__dataframe__": true,
    "content": {
      "simulation_id": [
        0
      ],
      "luminosity_distance": [
        160.69338980216804
      ],
      "timeshift": [
        -0.4894382420526431
      ],
      "supernova_mag_boost": [
        4.698311131272586
      ],
      "geocent_time": [
        0.06951703537508766
      ]
    }
  }
}