{
  "injections": {
    "__dataframe__": true,
    "content": {
      "simulation_id": [
        0
      ],
      "luminosity_distance": [
        5.780306459301244
      ],
      "KNphi": [
        22.33542849049602
      ],
      "inclination_EM": [
        0.4619149275731371
      ],
      "timeshift": [
        0.8574540073372683
      ],
      "log10_mej_dyn": [
        -2.0062248811286443
      ],
      "log10_mej_wind": [
        -2.90089717064777
      ],
      "geocent_time": [
        -0.046756226548823165
      ]
    }
  }
}