{
  "injections": {
    "__dataframe__": true,
    "content": {
      "simulation_id": [
        0
      ],
      "luminosity_distance": [
        9.120249105512155
      ],
      "KNphi": [
        33.662232502868335
      ],
      "inclination_EM": [
        0.26944333751246374
      ],
      "timeshift": [
        0.8860664050468952
      ],
      "log10_mej_dyn": [
        -2.4079798237978656
      ],
      "log10_mej_wind": [
        -0.966234390581806
      ],
      "geocent_time": [
        0.04910338018203447
      ]
    }
  }
}