{
  "injections": {
    "__dataframe__": true,
    "content": {
      "simulation_id": [
        0
      ],
      "luminosity_distance": [
        163.64953517859988
      ],
      "timeshift": [
        -0.02330229843824906
      ],
      "inclination_EM": [
        0.16659212460538114
      ],
      "log10_E0": [
        53.0
      ],
      "thetaCore": [
        0.05
      ],
      "thetaWing": [
        0.1
      ],
      "log10_n0": [
        0.6290042006654932
      ],
      "p": [
        2.373580199091678
      ],
      "log10_epsilon_e": [
        -2.2522096102725984
      ],
      "log10_epsilon_B": [
        -1.9346430141441533
      ],
      "ksiN": [
        1.0
      ],
      "L0": [
        0.0
      ],
      "dL": [
        3.09e+19
      ],
      "b": [
        6.0
      ],
      "q": [
        0.0
      ],
      "ts": [
        0.0
      ],
      "geocent_time": [
        0.03386435969932022
      ]
    }
  }
}