{
  "injections": {
    "__dataframe__": true,
    "content": {
      "simulation_id": [
        0
      ],
      "luminosity_distance": [
        193.75157549435102
      ],
      "timeshift": [
        0.6938407862043112
      ],
      "supernova_mag_boost": [
        -3.6949146804588695
      ],
      "geocent_time": [
        0.06068411743388566
      ]
    }
  }
}