{
  "injections": {
    "__dataframe__": true,
    "content": {
      "simulation_id": [
        0
      ],
      "luminosity_distance": [
        163.21448532424492
      ],
      "timeshift": [
        -0.006483722612793369
      ],
      "inclination_EM": [
        0.18579032934654036
      ],
      "log10_E0": [
        53.0
      ],
      "thetaCore": [
        0.05
      ],
      "thetaWing": [
        0.1
      ],
      "log10_n0": [
        -2.1678317519309136
      ],
      "p": [
        2.8564074583350516
      ],
      "log10_epsilon_e": [
        -2.0069953834580727
      ],
      "log10_epsilon_B": [
        -2.650991799733397
      ],
      "ksiN": [
        1.0
      ],
      "L0": [
        0.0
      ],
      "dL": [
        3.09e+19
      ],
      "b": [
        6.0
      ],
      "q": [
        0.0
      ],
      "ts": [
        0.0
      ],
      "geocent_time": [
        0.02295596391175239
      ]
    }
  }
}