{
  "injections": {
    "__dataframe__": true,
    "content": {
      "simulation_id": [
        0
      ],
      "luminosity_distance": [
        743.8654238279094
      ],
      "timeshift": [
        -0.2001381590550777
      ],
      "log10_Menv": [
        -0.0660465734074469
      ],
      "log10_Renv": [
        10.615624157290481
      ],
      "log10_Ee": [
        51.505327763872835
      ],
      "geocent_time": [
        -0.015950149960887103
      ]
    }
  }
}