{
  "injections": {
    "__dataframe__": true,
    "content": {
      "simulation_id": [
        0
      ],
      "luminosity_distance": [
        7.2248898518379265
      ],
      "KNphi": [
        30.51045783235179
      ],
      "inclination_EM": [
        0.5150983707350062
      ],
      "timeshift": [
        -1.003838616758407
      ],
      "log10_mej_dyn": [
        -2.0224975444114683
      ],
      "log10_mej_wind": [
        -2.3947195163943173
      ],
      "geocent_time": [
        -0.06687910720944487
      ]
    }
  }
}