{
  "injections": {
    "__dataframe__": true,
    "content": {
      "simulation_id": [
        0
      ],
      "luminosity_distance": [
        181.82571420301832
      ],
      "timeshift": [
        -0.32090593312261917
      ],
      "supernova_mag_boost": [
        2.1100100849936956
      ],
      "geocent_time": [
        0.026875783462992464
      ]
    }
  }
}