{
  "injections": {
    "__dataframe__": true,
    "content": {
      "simulation_id": [
        0
      ],
      "luminosity_distance": [
        169.43278517186874
      ],
      "timeshift": [
        0.1353729042806529
      ],
      "inclination_EM": [
        0.1131456412327013
      ],
      "log10_E0": [
        53.0
      ],
      "thetaCore": [
        0.05
      ],
      "thetaWing": [
        0.1
      ],
      "log10_n0": [
        -2.6822113501668206
      ],
      "p": [
        2.564138524126091
      ],
      "log10_epsilon_e": [
        -2.7793354296139063
      ],
      "log10_epsilon_B": [
        -0.6948047081551341
      ],
      "ksiN": [
        1.0
      ],
      "L0": [
        0.0
      ],
      "dL": [
        3.09e+19
      ],
      "b": [
        6.0
      ],
      "q": [
        0.0
      ],
      "ts": [
        0.0
      ],
      "geocent_time": [
        -0.09554545659891607
      ]
    }
  }
}