{
  "injections": {
    "__dataframe__": true,
    "content": {
      "simulation_id": [
        0
      ],
      "luminosity_distance": [
        175.8170036552047
      ],
      "timeshift": [
        -0.04415924139503182
      ],
      "inclination_EM": [
        0.17455461823015717
      ],
      "log10_E0": [
        53.0
      ],
      "thetaCore": [
        0.05
      ],
      "thetaWing": [
        0.1
      ],
      "log10_n0": [
        2.294635301950665
      ],
      "p": [
        2.367657055685301
      ],
      "log10_epsilon_e": [
        -2.25361858308825
      ],
      "log10_epsilon_B": [
        -1.4734707276050096
      ],
      "ksiN": [
        1.0
      ],
      "L0": [
        0.0
      ],
      "dL": [
        3.09e+19
      ],
      "b": [
        6.0
      ],
      "q": [
        0.0
      ],
      "ts": [
        0.0
      ],
      "geocent_time": [
        -0.07577394750417642
      ]
    }
  }
}