{
  "injections": {
    "__dataframe__": true,
    "content": {
      "simulation_id": [
        0
      ],
      "luminosity_distance": [
        160.27328281607038
      ],
      "timeshift": [
        0.1256249065682843
      ],
      "inclination_EM": [
        0.07267373237247432
      ],
      "log10_E0": [
        53.0
      ],
      "thetaCore": [
        0.05
      ],
      "thetaWing": [
        0.1
      ],
      "log10_n0": [
        -1.3600198676356674
      ],
      "p": [
        2.4607422141505038
      ],
      "log10_epsilon_e": [
        -2.1439005052170104
      ],
      "log10_epsilon_B": [
        -2.2968652300769796
      ],
      "ksiN": [
        1.0
      ],
      "L0": [
        0.0
      ],
      "dL": [
        3.09e+19
      ],
      "b": [
        6.0
      ],
      "q": [
        0.0
      ],
      "ts": [
        0.0
      ],
      "geocent_time": [
        0.08978095938793193
      ]
    }
  }
}