{
  "injections": {
    "__dataframe__": true,
    "content": {
      "simulation_id": [
        0
      ],
      "luminosity_distance": [
        179.55771931421023
      ],
      "timeshift": [
        0.6109432648865064
      ],
      "inclination_EM": [
        0.08081821115390414
      ],
      "log10_E0": [
        53.0
      ],
      "thetaCore": [
        0.05
      ],
      "thetaWing": [
        0.1
      ],
      "log10_n0": [
        -0.7702948735756445
      ],
      "p": [
        2.348032963370363
      ],
      "log10_epsilon_e": [
        -2.114401847116485
      ],
      "log10_epsilon_B": [
        -2.3718048040009867
      ],
      "ksiN": [
        1.0
      ],
      "L0": [
        0.0
      ],
      "dL": [
        3.09e+19
      ],
      "b": [
        6.0
      ],
      "q": [
        0.0
      ],
      "ts": [
        0.0
      ],
      "geocent_time": [
        0.05244592915506019
      ]
    }
  }
}