{
  "injections": {
    "__dataframe__": true,
    "content": {
      "simulation_id": [
        0
      ],
      "luminosity_distance": [
        7.336912152981156
      ],
      "KNphi": [
        45.58334299320895
      ],
      "inclination_EM": [
        0.2618637536536638
      ],
      "timeshift": [
        -1.1480925538967148
      ],
      "log10_mej_dyn": [
        -2.0305294593708947
      ],
      "log10_mej_wind": [
        -2.1631074120818754
      ],
      "geocent_time": [
        -0.0649913301088126
      ]
    }
  }
}