{
  "injections": {
    "__dataframe__": true,
    "content": {
      "simulation_id": [
        0
      ],
      "luminosity_distance": [
        164.07770913751997
      ],
      "timeshift": [
        0.8765222464270067
      ],
      "inclination_EM": [
        0.15700571405046618
      ],
      "log10_E0": [
        53.0
      ],
      "thetaCore": [
        0.05
      ],
      "thetaWing": [
        0.1
      ],
      "log10_n0": [
        0.8872464902074539
      ],
      "p": [
        2.7803417647088597
      ],
      "log10_epsilon_e": [
        -2.2396542845699194
      ],
      "log10_epsilon_B": [
        -1.9748281830646177
      ],
      "ksiN": [
        1.0
      ],
      "L0": [
        0.0
      ],
      "dL": [
        3.09e+19
      ],
      "b": [
        6.0
      ],
      "q": [
        0.0
      ],
      "ts": [
        0.0
      ],
      "geocent_time": [
        0.09397970974914721
      ]
    }
  }
}