{
  "injections": {
    "__dataframe__": true,
    "content": {
      "simulation_id": [
        0
      ],
      "luminosity_distance": [
        2.4835649748214594
      ],
      "KNphi": [
        24.472911799794687
      ],
      "inclination_EM": [
        0.32030073350244015
      ],
      "timeshift": [
        -0.2154935623560288
      ],
      "log10_mej_dyn": [
        -1.9197044970822383
      ],
      "log10_mej_wind": [
        -1.6649418204471174
      ],
      "geocent_time": [
        -0.016587970704961943
      ]
    }
  }
}