{
  "injections": {
    "__dataframe__": true,
    "content": {
      "simulation_id": [
        0
      ],
      "luminosity_distance": [
        176.0663143240427
      ],
      "timeshift": [
        0.14205956666546535
      ],
      "inclination_EM": [
        0.12179372120138897
      ],
      "log10_E0": [
        53.0
      ],
      "thetaCore": [
        0.05
      ],
      "thetaWing": [
        0.1
      ],
      "log10_n0": [
        0.09237113028713395
      ],
      "p": [
        2.147753748919201
      ],
      "log10_epsilon_e": [
        -1.0574869581490403
      ],
      "log10_epsilon_B": [
        -2.9872566404041576
      ],
      "ksiN": [
        1.0
      ],
      "L0": [
        0.0
      ],
      "dL": [
        3.09e+19
      ],
      "b": [
        6.0
      ],
      "q": [
        0.0
      ],
      "ts": [
        0.0
      ],
      "geocent_time": [
        -0.07580218767792893
      ]
    }
  }
}