{
  "injections": {
    "__dataframe__": true,
    "content": {
      "simulation_id": [
        0
      ],
      "luminosity_distance": [
        40.142564501645325
      ],
      "timeshift": [
        -1.162519589877638
      ],
      "log10_Menv": [
        -0.09259788962182025
      ],
      "log10_Renv": [
        11.600514887497383
      ],
      "log10_Ee": [
        50.83310026912534
      ],
      "geocent_time": [
        0.0019359008566921937
      ]
    }
  }
}