{
  "injections": {
    "__dataframe__": true,
    "content": {
      "simulation_id": [
        0
      ],
      "luminosity_distance": [
        960.8629690521825
      ],
      "timeshift": [
        -1.0748714812526556
      ],
      "log10_Menv": [
        -0.3136300973951016
      ],
      "log10_Renv": [
        12.607668440602609
      ],
      "log10_Ee": [
        51.96326867421085
      ],
      "geocent_time": [
        0.09873752172708103
      ]
    }
  }
}