{
  "injections": {
    "__dataframe__": true,
    "content": {
      "simulation_id": [
        0
      ],
      "luminosity_distance": [
        8.649127674952542
      ],
      "KNphi": [
        32.72710081537844
      ],
      "inclination_EM": [
        0.5671988219749696
      ],
      "timeshift": [
        -1.0445990780293202
      ],
      "log10_mej_dyn": [
        -2.2274587083507047
      ],
      "log10_mej_wind": [
        -0.9521039962190585
      ],
      "geocent_time": [
        0.03564011786248639
      ]
    }
  }
}