{
  "injections": {
    "__dataframe__": true,
    "content": {
      "simulation_id": [
        0
      ],
      "luminosity_distance": [
        163.90849592387426
      ],
      "timeshift": [
        0.717163675880131
      ],
      "supernova_mag_boost": [
        -3.94629276247209
      ],
      "geocent_time": [
        0.008001246537031492
      ]
    }
  }
}