{
  "injections": {
    "__dataframe__": true,
    "content": {
      "simulation_id": [
        0
      ],
      "luminosity_distance": [
        45.97971607000151
      ],
      "timeshift": [
        -0.48983964923734913
      ],
      "log10_Menv": [
        -0.24888000642252095
      ],
      "log10_Renv": [
        12.533668179684918
      ],
      "log10_Ee": [
        48.4384569964716
      ],
      "geocent_time": [
        0.06380986795171908
      ]
    }
  }
}