{
  "injections": {
    "__dataframe__": true,
    "content": {
      "simulation_id": [
        0
      ],
      "luminosity_distance": [
        219.5146912703148
      ],
      "timeshift": [
        -0.658833532691163
      ],
      "supernova_mag_boost": [
        -3.431535738739584
      ],
      "geocent_time": [
        -0.021669345214945276
      ]
    }
  }
}