{
  "injections": {
    "__dataframe__": true,
    "content": {
      "simulation_id": [
        0
      ],
      "luminosity_distance": [
        1.3644447478974997
      ],
      "KNphi": [
        37.66240178428214
      ],
      "inclination_EM": [
        0.6490588416390543
      ],
      "timeshift": [
        -1.5241511374482843
      ],
      "log10_mej_dyn": [
        -2.658926788929411
      ],
      "log10_mej_wind": [
        -1.9128649987441098
      ],
      "geocent_time": [
        -0.0527176842477642
      ]
    }
  }
}