{
  "injections": {
    "__dataframe__": true,
    "content": {
      "simulation_id": [
        0
      ],
      "luminosity_distance": [
        438.4226008292239
      ],
      "timeshift": [
        -0.7881208503625152
      ],
      "log10_Menv": [
        -0.5179943291899995
      ],
      "log10_Renv": [
        14.050545845710937
      ],
      "log10_Ee": [
        50.78834792646678
      ],
      "geocent_time": [
        -0.007782654344080833
      ]
    }
  }
}