{
  "injections": {
    "__dataframe__": true,
    "content": {
      "simulation_id": [
        0
      ],
      "luminosity_distance": [
        215.6756705560419
      ],
      "timeshift": [
        0.5681248625280304
      ],
      "supernova_mag_boost": [
        -3.193585779841385
      ],
      "geocent_time": [
        -0.03237299980653792
      ]
    }
  }
}