{
  "injections": {
    "__dataframe__": true,
    "content": {
      "simulation_id": [
        0
      ],
      "luminosity_distance": [
        2.402162341479709
      ],
      "KNphi": [
        38.76769376860736
      ],
      "inclination_EM": [
        0.33854689328569776
      ],
      "timeshift": [
        -1.5897809058715433
      ],
      "log10_mej_dyn": [
        -2.8176592965646643
      ],
      "log10_mej_wind": [
        -2.554918914473128
      ],
      "geocent_time": [
        -0.06202682883354296
      ]
    }
  }
}