{
  "injections": {
    "__dataframe__": true,
    "content": {
      "simulation_id": [
        0
      ],
      "luminosity_distance": [
        155.21330445099383
      ],
      "timeshift": [
        -0.03960922813100759
      ],
      "inclination_EM": [
        0.16821940913371708
      ],
      "log10_E0": [
        53.0
      ],
      "thetaCore": [
        0.05
      ],
      "thetaWing": [
        0.1
      ],
      "log10_n0": [
        -1.8642995689224122
      ],
      "p": [
        2.8133665797831267
      ],
      "log10_epsilon_e": [
        -0.03692725785190065
      ],
      "log10_epsilon_B": [
        -1.118272069787194
      ],
      "ksiN": [
        1.0
      ],
      "L0": [
        0.0
      ],
      "dL": [
        3.09e+19
      ],
      "b": [
        6.0
      ],
      "q": [
        0.0
      ],
      "ts": [
        0.0
      ],
      "geocent_time": [
        0.062007602123798966
      ]
    }
  }
}