{
  "injections": {
    "__dataframe__": true,
    "content": {
      "simulation_id": [
        0
      ],
      "luminosity_distance": [
        6.919436681294464
      ],
      "KNphi": [
        20.872026319501295
      ],
      "inclination_EM": [
        0.6460884927157722
      ],
      "timeshift": [
        0.8792354481027349
      ],
      "log10_mej_dyn": [
        -2.333024439413894
      ],
      "log10_mej_wind": [
        -1.9555276506375139
      ],
      "geocent_time": [
        -0.04598763453634165
      ]
    }
  }
}