{
  "injections": {
    "__dataframe__": true,
    "content": {
      "simulation_id": [
        0
      ],
      "luminosity_distance": [
        91.13704911733677
      ],
      "timeshift": [
        -1.7335981999896164
      ],
      "log10_Menv": [
        -0.5723246931414394
      ],
      "log10_Renv": [
        12.29673834196667
      ],
      "log10_Ee": [
        51.572846558418775
      ],
      "geocent_time": [
        0.09663764676194764
      ]
    }
  }
}