{
  "injections": {
    "__dataframe__": true,
    "content": {
      "simulation_id": [
        0
      ],
      "luminosity_distance": [
        602.7526220483716
      ],
      "timeshift": [
        -0.478966876149729
      ],
      "log10_Menv": [
        -0.1076051500893751
      ],
      "log10_Renv": [
        13.277958040050855
      ],
      "log10_Ee": [
        51.60282959314891
      ],
      "geocent_time": [
        0.09563272359787453
      ]
    }
  }
}