{
  "injections": {
    "__dataframe__": true,
    "content": {
      "simulation_id": [
        0
      ],
      "luminosity_distance": [
        167.18836550255807
      ],
      "timeshift": [
        0.8271442200516859
      ],
      "supernova_mag_boost": [
        0.14819880648069628
      ],
      "geocent_time": [
        -0.0447945129039957
      ]
    }
  }
}