{
  "injections": {
    "__dataframe__": true,
    "content": {
      "simulation_id": [
        0
      ],
      "luminosity_distance": [
        172.29274145413504
      ],
      "timeshift": [
        0.056152433989099554
      ],
      "inclination_EM": [
        0.149630110215654
      ],
      "log10_E0": [
        53.0
      ],
      "thetaCore": [
        0.05
      ],
      "thetaWing": [
        0.1
      ],
      "log10_n0": [
        0.6078256879937025
      ],
      "p": [
        2.9915943923596786
      ],
      "log10_epsilon_e": [
        -0.23844696975601476
      ],
      "log10_epsilon_B": [
        -0.5484797880284797
      ],
      "ksiN": [
        1.0
      ],
      "L0": [
        0.0
      ],
      "dL": [
        3.09e+19
      ],
      "b": [
        6.0
      ],
      "q": [
        0.0
      ],
      "ts": [
        0.0
      ],
      "geocent_time": [
        -0.06790831746231049
      ]
    }
  }
}