{
  "injections": {
    "__dataframe__": true,
    "content": {
      "simulation_id": [
        0
      ],
      "luminosity_distance": [
        102.53626618063949
      ],
      "timeshift": [
        -0.72736300843778
      ],
      "log10_Menv": [
        -0.06252575382002767
      ],
      "log10_Renv": [
        11.907020354947464
      ],
      "log10_Ee": [
        50.677575948586366
      ],
      "geocent_time": [
        -0.0820892772177536
      ]
    }
  }
}