{
  "injections": {
    "__dataframe__": true,
    "content": {
      "simulation_id": [
        0
      ],
      "luminosity_distance": [
        437.69311704384063
      ],
      "timeshift": [
        -1.1569168906989533
      ],
      "log10_Menv": [
        -1.3429771102824222
      ],
      "log10_Renv": [
        13.907163916666448
      ],
      "log10_Ee": [
        51.54100002128105
      ],
      "geocent_time": [
        0.06129491525923314
      ]
    }
  }
}