{
  "injections": {
    "__dataframe__": true,
    "content": {
      "simulation_id": [
        0
      ],
      "luminosity_distance": [
        192.92688630100827
      ],
      "timeshift": [
        -0.6170644906660763
      ],
      "supernova_mag_boost": [
        -4.3076115968906485
      ],
      "geocent_time": [
        -0.014016064143625481
      ]
    }
  }
}