{
  "injections": {
    "__dataframe__": true,
    "content": {
      "simulation_id": [
        0
      ],
      "luminosity_distance": [
        164.37179135637737
      ],
      "timeshift": [
        0.10134707253078512
      ],
      "inclination_EM": [
        0.15532717702662044
      ],
      "log10_E0": [
        53.0
      ],
      "thetaCore": [
        0.05
      ],
      "thetaWing": [
        0.1
      ],
      "log10_n0": [
        0.13624746724794523
      ],
      "p": [
        2.314059976905848
      ],
      "log10_epsilon_e": [
        -0.403736614038932
      ],
      "log10_epsilon_B": [
        -0.11172436474499303
      ],
      "ksiN": [
        1.0
      ],
      "L0": [
        0.0
      ],
      "dL": [
        3.09e+19
      ],
      "b": [
        6.0
      ],
      "q": [
        0.0
      ],
      "ts": [
        0.0
      ],
      "geocent_time": [
        0.06515460214491983
      ]
    }
  }
}