{
  "injections": {
    "__dataframe__": true,
    "content": {
      "simulation_id": [
        0
      ],
      "luminosity_distance": [
        176.39212305850018
      ],
      "timeshift": [
        0.6730573231387275
      ],
      "inclination_EM": [
        0.14916250503772857
      ],
      "log10_E0": [
        53.0
      ],
      "thetaCore": [
        0.05
      ],
      "thetaWing": [
        0.1
      ],
      "log10_n0": [
        1.6298600797831133
      ],
      "p": [
        2.5289361201618945
      ],
      "log10_epsilon_e": [
        -1.191992048916302
      ],
      "log10_epsilon_B": [
        -2.002310229831857
      ],
      "ksiN": [
        1.0
      ],
      "L0": [
        0.0
      ],
      "dL": [
        3.09e+19
      ],
      "b": [
        6.0
      ],
      "q": [
        0.0
      ],
      "ts": [
        0.0
      ],
      "geocent_time": [
        -0.08025807003019425
      ]
    }
  }
}