{
  "injections": {
    "__dataframe__": true,
    "content": {
      "simulation_id": [
        0
      ],
      "luminosity_distance": [
        170.93754305843188
      ],
      "timeshift": [
        0.11873190809040154
      ],
      "inclination_EM": [
        0.1332068252272012
      ],
      "log10_E0": [
        53.0
      ],
      "thetaCore": [
        0.05
      ],
      "thetaWing": [
        0.1
      ],
      "log10_n0": [
        -0.7325895012486638
      ],
      "p": [
        2.396630010766444
      ],
      "log10_epsilon_e": [
        -1.6898074808284298
      ],
      "log10_epsilon_B": [
        -2.560713263915623
      ],
      "ksiN": [
        1.0
      ],
      "L0": [
        0.0
      ],
      "dL": [
        3.09e+19
      ],
      "b": [
        6.0
      ],
      "q": [
        0.0
      ],
      "ts": [
        0.0
      ],
      "geocent_time": [
        0.0927192475344848
      ]
    }
  }
}