{
  "injections": {
    "__dataframe__": true,
    "content": {
      "simulation_id": [
        0
      ],
      "luminosity_distance": [
        167.33154658305452
      ],
      "timeshift": [
        0.11671954154279174
      ],
      "inclination_EM": [
        0.058019904939318856
      ],
      "log10_E0": [
        53.0
      ],
      "thetaCore": [
        0.05
      ],
      "thetaWing": [
        0.1
      ],
      "log10_n0": [
        -2.4846016426131294
      ],
      "p": [
        2.8180195437029782
      ],
      "log10_epsilon_e": [
        -0.43298841664569565
      ],
      "log10_epsilon_B": [
        -0.45649716606026836
      ],
      "ksiN": [
        1.0
      ],
      "L0": [
        0.0
      ],
      "dL": [
        3.09e+19
      ],
      "b": [
        6.0
      ],
      "q": [
        0.0
      ],
      "ts": [
        0.0
      ],
      "geocent_time": [
        0.013954963820924829
      ]
    }
  }
}