{
  "injections": {
    "__dataframe__": true,
    "content": {
      "simulation_id": [
        0
      ],
      "luminosity_distance": [
        158.79937354855343
      ],
      "timeshift": [
        0.557006300185459
      ],
      "inclination_EM": [
        0.12397500224167944
      ],
      "log10_E0": [
        53.0
      ],
      "thetaCore": [
        0.05
      ],
      "thetaWing": [
        0.1
      ],
      "log10_n0": [
        -2.1737892233641993
      ],
      "p": [
        2.9708142364793755
      ],
      "log10_epsilon_e": [
        -0.3785671446174126
      ],
      "log10_epsilon_B": [
        -0.7749469165823171
      ],
      "ksiN": [
        1.0
      ],
      "L0": [
        0.0
      ],
      "dL": [
        3.09e+19
      ],
      "b": [
        6.0
      ],
      "q": [
        0.0
      ],
      "ts": [
        0.0
      ],
      "geocent_time": [
        -0.057662344236849974
      ]
    }
  }
}