{
  "injections": {
    "__dataframe__": true,
    "content": {
      "simulation_id": [
        0
      ],
      "luminosity_distance": [
        29.301951850128184
      ],
      "timeshift": [
        -1.7430563022384706
      ],
      "log10_Menv": [
        -0.41754193083206737
      ],
      "log10_Renv": [
        14.51276740750501
      ],
      "log10_Ee": [
        50.62994739336601
      ],
      "geocent_time": [
        -0.09378663220655659
      ]
    }
  }
}