{
  "injections": {
    "__dataframe__": true,
    "content": {
      "simulation_id": [
        0
      ],
      "luminosity_distance": [
        224.73311680569233
      ],
      "timeshift": [
        -0.04539225978654393
      ],
      "supernova_mag_boost": [
        4.497549451571588
      ],
      "geocent_time": [
        -0.017958324383568924
      ]
    }
  }
}