{
  "injections": {
    "__dataframe__": true,
    "content": {
      "simulation_id": [
        0
      ],
      "luminosity_distance": [
        181.0162161340853
      ],
      "timeshift": [
        0.3012774327507347
      ],
      "inclination_EM": [
        0.19072991254035382
      ],
      "log10_E0": [
        53.0
      ],
      "thetaCore": [
        0.05
      ],
      "thetaWing": [
        0.1
      ],
      "log10_n0": [
        1.395380697079097
      ],
      "p": [
        2.2249387781112193
      ],
      "log10_epsilon_e": [
        -0.7092793610635457
      ],
      "log10_epsilon_B": [
        -0.6323534120776673
      ],
      "ksiN": [
        1.0
      ],
      "L0": [
        0.0
      ],
      "dL": [
        3.09e+19
      ],
      "b": [
        6.0
      ],
      "q": [
        0.0
      ],
      "ts": [
        0.0
      ],
      "geocent_time": [
        -0.05773875099604349
      ]
    }
  }
}