{
  "injections": {
    "__dataframe__": true,
    "content": {
      "simulation_id": [
        0
      ],
      "luminosity_distance": [
        196.28344884156513
      ],
      "timeshift": [
        -1.0836055774747322
      ],
      "log10_Menv": [
        -0.21493461672099823
      ],
      "log10_Renv": [
        13.944747056092517
      ],
      "log10_Ee": [
        51.53324924526345
      ],
      "geocent_time": [
        0.08203256176982343
      ]
    }
  }
}