{
  "injections": {
    "__dataframe__": true,
    "content": {
      "simulation_id": [
        0
      ],
      "luminosity_distance": [
        153.0507936889283
      ],
      "timeshift": [
        0.5567876597557325
      ],
      "inclination_EM": [
        0.1399630238392498
      ],
      "log10_E0": [
        53.0
      ],
      "thetaCore": [
        0.05
      ],
      "thetaWing": [
        0.1
      ],
      "log10_n0": [
        1.119136221817154
      ],
      "p": [
        2.4018540927788936
      ],
      "log10_epsilon_e": [
        -1.8248721528351382
      ],
      "log10_epsilon_B": [
        -1.3519966442955187
      ],
      "ksiN": [
        1.0
      ],
      "L0": [
        0.0
      ],
      "dL": [
        3.09e+19
      ],
      "b": [
        6.0
      ],
      "q": [
        0.0
      ],
      "ts": [
        0.0
      ],
      "geocent_time": [
        0.02904945336968351
      ]
    }
  }
}