{
  "injections": {
    "__dataframe__": true,
    "content": {
      "simulation_id": [
        0
      ],
      "luminosity_distance": [
        1.7210759992385336
      ],
      "KNphi": [
        31.44350993524966
      ],
      "inclination_EM": [
        0.2537644233365322
      ],
      "timeshift": [
        0.9064864833337385
      ],
      "log10_mej_dyn": [
        -1.65089509159529
      ],
      "log10_mej_wind": [
        -0.5477660044406996
      ],
      "geocent_time": [
        0.060487989834199896
      ]
    }
  }
}