{
  "injections": {
    "__dataframe__": true,
    "content": {
      "simulation_id": [
        0
      ],
      "luminosity_distance": [
        161.54052290275354
      ],
      "timeshift": [
        0.2052696597898586
      ],
      "inclination_EM": [
        0.12673034621945373
      ],
      "log10_E0": [
        53.0
      ],
      "thetaCore": [
        0.05
      ],
      "thetaWing": [
        0.1
      ],
      "log10_n0": [
        0.48338809762864354
      ],
      "p": [
        2.0288256995784635
      ],
      "log10_epsilon_e": [
        -0.10377055162611715
      ],
      "log10_epsilon_B": [
        -0.38006984839657854
      ],
      "ksiN": [
        1.0
      ],
      "L0": [
        0.0
      ],
      "dL": [
        3.09e+19
      ],
      "b": [
        6.0
      ],
      "q": [
        0.0
      ],
      "ts": [
        0.0
      ],
      "geocent_time": [
        0.07580578150873435
      ]
    }
  }
}