{
  "injections": {
    "__dataframe__": true,
    "content": {
      "simulation_id": [
        0
      ],
      "luminosity_distance": [
        6.2188221889499635
      ],
      "KNphi": [
        49.855070588280036
      ],
      "inclination_EM": [
        0.48943507101971123
      ],
      "timeshift": [
        -1.4214085715817395
      ],
      "log10_mej_dyn": [
        -1.2275178277864935
      ],
      "log10_mej_wind": [
        -2.5858780435364945
      ],
      "geocent_time": [
        -0.049339695442938016
      ]
    }
  }
}