{
  "injections": {
    "__dataframe__": true,
    "content": {
      "simulation_id": [
        0
      ],
      "luminosity_distance": [
        157.79486228957362
      ],
      "timeshift": [
        -0.06357817791542686
      ],
      "inclination_EM": [
        0.16747643851633168
      ],
      "log10_E0": [
        53.0
      ],
      "thetaCore": [
        0.05
      ],
      "thetaWing": [
        0.1
      ],
      "log10_n0": [
        -2.326001348394752
      ],
      "p": [
        2.7176816172750518
      ],
      "log10_epsilon_e": [
        -0.3569509762161225
      ],
      "log10_epsilon_B": [
        -1.4188481499825254
      ],
      "ksiN": [
        1.0
      ],
      "L0": [
        0.0
      ],
      "dL": [
        3.09e+19
      ],
      "b": [
        6.0
      ],
      "q": [
        0.0
      ],
      "ts": [
        0.0
      ],
      "geocent_time": [
        -0.01654814184915579
      ]
    }
  }
}