{
  "injections": {
    "__dataframe__": true,
    "content": {
      "simulation_id": [
        0
      ],
      "luminosity_distance": [
        6.76418684611874
      ],
      "KNphi": [
        29.436200704929803
      ],
      "inclination_EM": [
        0.5493416381000913
      ],
      "timeshift": [
        0.5181834284803442
      ],
      "log10_mej_dyn": [
        -1.4203473761645402
      ],
      "log10_mej_wind": [
        -1.1989794036943866
      ],
      "geocent_time": [
        0.07603290346894939
      ]
    }
  }
}