{
  "injections": {
    "__dataframe__": true,
    "content": {
      "simulation_id": [
        0
      ],
      "luminosity_distance": [
        152.17333394620616
      ],
      "timeshift": [
        -0.06248627250854823
      ],
      "inclination_EM": [
        0.08692793268673203
      ],
      "log10_E0": [
        53.0
      ],
      "thetaCore": [
        0.05
      ],
      "thetaWing": [
        0.1
      ],
      "log10_n0": [
        -1.9456318367155054
      ],
      "p": [
        2.625689193537091
      ],
      "log10_epsilon_e": [
        -1.3434756459539081
      ],
      "log10_epsilon_B": [
        -2.299238943030077
      ],
      "ksiN": [
        1.0
      ],
      "L0": [
        0.0
      ],
      "dL": [
        3.09e+19
      ],
      "b": [
        6.0
      ],
      "q": [
        0.0
      ],
      "ts": [
        0.0
      ],
      "geocent_time": [
        0.004419300146120991
      ]
    }
  }
}