{
  "injections": {
    "__dataframe__": true,
    "content": {
      "simulation_id": [
        0
      ],
      "luminosity_distance": [
        161.21642314333673
      ],
      "timeshift": [
        0.512170836540252
      ],
      "inclination_EM": [
        0.17974374845347757
      ],
      "log10_E0": [
        53.0
      ],
      "thetaCore": [
        0.05
      ],
      "thetaWing": [
        0.1
      ],
      "log10_n0": [
        0.6875117347191639
      ],
      "p": [
        2.386552094155112
      ],
      "log10_epsilon_e": [
        -0.6513918178486291
      ],
      "log10_epsilon_B": [
        -0.3567698577584566
      ],
      "ksiN": [
        1.0
      ],
      "L0": [
        0.0
      ],
      "dL": [
        3.09e+19
      ],
      "b": [
        6.0
      ],
      "q": [
        0.0
      ],
      "ts": [
        0.0
      ],
      "geocent_time": [
        0.05179606465831174
      ]
    }
  }
}