{
  "injections": {
    "__dataframe__": true,
    "content": {
      "simulation_id": [
        0
      ],
      "luminosity_distance": [
        125.35649129149384
      ],
      "timeshift": [
        -1.3530162484360093
      ],
      "log10_Menv": [
        -0.17238681337812167
      ],
      "log10_Renv": [
        12.308138664849688
      ],
      "log10_Ee": [
        50.767550392466454
      ],
      "geocent_time": [
        -0.009842943088620548
      ]
    }
  }
}