{
  "injections": {
    "__dataframe__": true,
    "content": {
      "simulation_id": [
        0
      ],
      "luminosity_distance": [
        150.09244646794133
      ],
      "timeshift": [
        -0.023288519146173595
      ],
      "inclination_EM": [
        0.10469583117728305
      ],
      "log10_E0": [
        53.0
      ],
      "thetaCore": [
        0.05
      ],
      "thetaWing": [
        0.1
      ],
      "log10_n0": [
        -1.4476769784929377
      ],
      "p": [
        2.196819766471902
      ],
      "log10_epsilon_e": [
        -1.3285080724414606
      ],
      "log10_epsilon_B": [
        -0.40011767122950515
      ],
      "ksiN": [
        1.0
      ],
      "L0": [
        0.0
      ],
      "dL": [
        3.09e+19
      ],
      "b": [
        6.0
      ],
      "q": [
        0.0
      ],
      "ts": [
        0.0
      ],
      "geocent_time": [
        0.08455179697208606
      ]
    }
  }
}