{
  "injections": {
    "__dataframe__": true,
    "content": {
      "simulation_id": [
        0
      ],
      "luminosity_distance": [
        43.74138950771012
      ],
      "timeshift": [
        -0.5255656934270487
      ],
      "log10_Menv": [
        -0.812289254661537
      ],
      "log10_Renv": [
        14.411043085586034
      ],
      "log10_Ee": [
        48.509754186526344
      ],
      "geocent_time": [
        0.09181992651291693
      ]
    }
  }
}