{
  "injections": {
    "__dataframe__": true,
    "content": {
      "simulation_id": [
        0
      ],
      "luminosity_distance": [
        178.49771199322666
      ],
      "timeshift": [
        0.563810616666291
      ],
      "inclination_EM": [
        0.1657035613134712
      ],
      "log10_E0": [
        53.0
      ],
      "thetaCore": [
        0.05
      ],
      "thetaWing": [
        0.1
      ],
      "log10_n0": [
        -0.6509009047798426
      ],
      "p": [
        2.8621858554575526
      ],
      "log10_epsilon_e": [
        -0.989821129215886
      ],
      "log10_epsilon_B": [
        -1.5607789895964923
      ],
      "ksiN": [
        1.0
      ],
      "L0": [
        0.0
      ],
      "dL": [
        3.09e+19
      ],
      "b": [
        6.0
      ],
      "q": [
        0.0
      ],
      "ts": [
        0.0
      ],
      "geocent_time": [
        -0.027048456491475067
      ]
    }
  }
}