{
  "injections": {
    "__dataframe__": true,
    "content": {
      "simulation_id": [
        0
      ],
      "luminosity_distance": [
        151.34359303387006
      ],
      "timeshift": [
        0.8928871437336455
      ],
      "inclination_EM": [
        0.18164410321261465
      ],
      "log10_E0": [
        53.0
      ],
      "thetaCore": [
        0.05
      ],
      "thetaWing": [
        0.1
      ],
      "log10_n0": [
        2.297358311229546
      ],
      "p": [
        2.9375513401018916
      ],
      "log10_epsilon_e": [
        -0.9178560722047644
      ],
      "log10_epsilon_B": [
        -2.9989763832619447
      ],
      "ksiN": [
        1.0
      ],
      "L0": [
        0.0
      ],
      "dL": [
        3.09e+19
      ],
      "b": [
        6.0
      ],
      "q": [
        0.0
      ],
      "ts": [
        0.0
      ],
      "geocent_time": [
        0.06152982777410779
      ]
    }
  }
}