{
  "injections": {
    "__dataframe__": true,
    "content": {
      "simulation_id": [
        0
      ],
      "luminosity_distance": [
        161.7830375408036
      ],
      "timeshift": [
        0.9377222267102642
      ],
      "inclination_EM": [
        0.03050323470858814
      ],
      "log10_E0": [
        53.0
      ],
      "thetaCore": [
        0.05
      ],
      "thetaWing": [
        0.1
      ],
      "log10_n0": [
        -1.7689303861148147
      ],
      "p": [
        2.4613244756241413
      ],
      "log10_epsilon_e": [
        -0.42801254984250825
      ],
      "log10_epsilon_B": [
        -2.3937365285169183
      ],
      "ksiN": [
        1.0
      ],
      "L0": [
        0.0
      ],
      "dL": [
        3.09e+19
      ],
      "b": [
        6.0
      ],
      "q": [
        0.0
      ],
      "ts": [
        0.0
      ],
      "geocent_time": [
        0.0932764728505962
      ]
    }
  }
}