{
  "injections": {
    "__dataframe__": true,
    "content": {
      "simulation_id": [
        0
      ],
      "luminosity_distance": [
        185.71464263679272
      ],
      "timeshift": [
        0.8210890765962608
      ],
      "supernova_mag_boost": [
        0.354679888840006
      ],
      "geocent_time": [
        0.040916377552488614
      ]
    }
  }
}