{
  "injections": {
    "__dataframe__": true,
    "content": {
      "simulation_id": [
        0
      ],
      "luminosity_distance": [
        8.895078152563197
      ],
      "KNphi": [
        35.06640516047575
      ],
      "inclination_EM": [
        0.4523991502929083
      ],
      "timeshift": [
        -0.6789679606357328
      ],
      "log10_mej_dyn": [
        -1.5554687466427046
      ],
      "log10_mej_wind": [
        -2.1942712837735856
      ],
      "geocent_time": [
        0.06173672026616825
      ]
    }
  }
}