{
  "injections": {
    "__dataframe__": true,
    "content": {
      "simulation_id": [
        0
      ],
      "luminosity_distance": [
        159.31363437195344
      ],
      "timeshift": [
        0.45309297284236505
      ],
      "inclination_EM": [
        0.1593266892770015
      ],
      "log10_E0": [
        53.0
      ],
      "thetaCore": [
        0.05
      ],
      "thetaWing": [
        0.1
      ],
      "log10_n0": [
        2.9890495215595196
      ],
      "p": [
        2.047404482292146
      ],
      "log10_epsilon_e": [
        -0.4837711079594813
      ],
      "log10_epsilon_B": [
        -2.8613444745358985
      ],
      "ksiN": [
        1.0
      ],
      "L0": [
        0.0
      ],
      "dL": [
        3.09e+19
      ],
      "b": [
        6.0
      ],
      "q": [
        0.0
      ],
      "ts": [
        0.0
      ],
      "geocent_time": [
        0.073665439495222
      ]
    }
  }
}