{
  "injections": {
    "__dataframe__": true,
    "content": {
      "simulation_id": [
        0
      ],
      "luminosity_distance": [
        6.68147760647439
      ],
      "KNphi": [
        48.66468614290158
      ],
      "inclination_EM": [
        0.42942996650560405
      ],
      "timeshift": [
        -1.921596719141951
      ],
      "log10_mej_dyn": [
        -2.1146424483162107
      ],
      "log10_mej_wind": [
        -2.6224356013363814
      ],
      "geocent_time": [
        -0.016421472216362074
      ]
    }
  }
}