{
  "injections": {
    "__dataframe__": true,
    "content": {
      "simulation_id": [
        0
      ],
      "luminosity_distance": [
        171.86695751545383
      ],
      "timeshift": [
        0.5362387646543069
      ],
      "inclination_EM": [
        0.0745806325734126
      ],
      "log10_E0": [
        53.0
      ],
      "thetaCore": [
        0.05
      ],
      "thetaWing": [
        0.1
      ],
      "log10_n0": [
        -1.2384150677617745
      ],
      "p": [
        2.7116939653898116
      ],
      "log10_epsilon_e": [
        -1.2699247732818257
      ],
      "log10_epsilon_B": [
        -2.3332117049593775
      ],
      "ksiN": [
        1.0
      ],
      "L0": [
        0.0
      ],
      "dL": [
        3.09e+19
      ],
      "b": [
        6.0
      ],
      "q": [
        0.0
      ],
      "ts": [
        0.0
      ],
      "geocent_time": [
        -0.04742525111930316
      ]
    }
  }
}