{
  "injections": {
    "__dataframe__": true,
    "content": {
      "simulation_id": [
        0
      ],
      "luminosity_distance": [
        4.896100552639906
      ],
      "KNphi": [
        41.13256832735654
      ],
      "inclination_EM": [
        0.7622470625723446
      ],
      "timeshift": [
        -0.8218882163013053
      ],
      "log10_mej_dyn": [
        -1.5989177694059704
      ],
      "log10_mej_wind": [
        -2.457910259930591
      ],
      "geocent_time": [
        -0.09336265424971568
      ]
    }
  }
}