{
  "injections": {
    "__dataframe__": true,
    "content": {
      "simulation_id": [
        0
      ],
      "luminosity_distance": [
        3.612612315495053
      ],
      "KNphi": [
        31.4132242575985
      ],
      "inclination_EM": [
        0.14774386842717085
      ],
      "timeshift": [
        -0.7421555291637152
      ],
      "log10_mej_dyn": [
        -2.421980775406947
      ],
      "log10_mej_wind": [
        -1.0532872225853755
      ],
      "geocent_time": [
        0.00613553230584632
      ]
    }
  }
}