{
  "injections": {
    "__dataframe__": true,
    "content": {
      "simulation_id": [
        0
      ],
      "luminosity_distance": [
        175.99336299850523
      ],
      "timeshift": [
        0.3800442916782725
      ],
      "supernova_mag_boost": [
        -1.2410884265387914
      ],
      "geocent_time": [
        -0.05675966182078643
      ]
    }
  }
}