{
  "injections": {
    "__dataframe__": true,
    "content": {
      "simulation_id": [
        0
      ],
      "luminosity_distance": [
        1.0248478474917893
      ],
      "KNphi": [
        49.24969675495706
      ],
      "inclination_EM": [
        0.7676219802278113
      ],
      "timeshift": [
        -1.0606163198968286
      ],
      "log10_mej_dyn": [
        -1.1377350697425712
      ],
      "log10_mej_wind": [
        -1.9822826997569152
      ],
      "geocent_time": [
        -0.06036392053238111
      ]
    }
  }
}