{
  "injections": {
    "__dataframe__": true,
    "content": {
      "simulation_id": [
        0
      ],
      "luminosity_distance": [
        154.87746071651617
      ],
      "timeshift": [
        0.351914497507972
      ],
      "supernova_mag_boost": [
        0.32903328670697896
      ],
      "geocent_time": [
        -0.039095654456375195
      ]
    }
  }
}