{
  "injections": {
    "__dataframe__": true,
    "content": {
      "simulation_id": [
        0
      ],
      "luminosity_distance": [
        154.9114457860448
      ],
      "timeshift": [
        0.007198554999831783
      ],
      "inclination_EM": [
        0.18372808520554373
      ],
      "log10_E0": [
        53.0
      ],
      "thetaCore": [
        0.05
      ],
      "thetaWing": [
        0.1
      ],
      "log10_n0": [
        2.2442272458546864
      ],
      "p": [
        2.5080788567291745
      ],
      "log10_epsilon_e": [
        -0.5583304022980435
      ],
      "log10_epsilon_B": [
        -0.7761453107108269
      ],
      "ksiN": [
        1.0
      ],
      "L0": [
        0.0
      ],
      "dL": [
        3.09e+19
      ],
      "b": [
        6.0
      ],
      "q": [
        0.0
      ],
      "ts": [
        0.0
      ],
      "geocent_time": [
        0.07132648331081243
      ]
    }
  }
}