{
  "injections": {
    "__dataframe__": true,
    "content": {
      "simulation_id": [
        0
      ],
      "luminosity_distance": [
        154.956099054111
      ],
      "timeshift": [
        0.8544080450671188
      ],
      "inclination_EM": [
        0.11923835843294034
      ],
      "log10_E0": [
        53.0
      ],
      "thetaCore": [
        0.05
      ],
      "thetaWing": [
        0.1
      ],
      "log10_n0": [
        -1.9346599945672116
      ],
      "p": [
        2.2884642368223456
      ],
      "log10_epsilon_e": [
        -2.1350921541195804
      ],
      "log10_epsilon_B": [
        -2.7125681969019784
      ],
      "ksiN": [
        1.0
      ],
      "L0": [
        0.0
      ],
      "dL": [
        3.09e+19
      ],
      "b": [
        6.0
      ],
      "q": [
        0.0
      ],
      "ts": [
        0.0
      ],
      "geocent_time": [
        0.0855508358521106
      ]
    }
  }
}