{
  "injections": {
    "__dataframe__": true,
    "content": {
      "simulation_id": [
        0
      ],
      "luminosity_distance": [
        7.293995712688897
      ],
      "KNphi": [
        24.29774100948901
      ],
      "inclination_EM": [
        0.35323792928413
      ],
      "timeshift": [
        -0.9272435650675603
      ],
      "log10_mej_dyn": [
        -1.5117497610362485
      ],
      "log10_mej_wind": [
        -2.0825350380776384
      ],
      "geocent_time": [
        0.059229907589165964
      ]
    }
  }
}