{
  "injections": {
    "__dataframe__": true,
    "content": {
      "simulation_id": [
        0
      ],
      "luminosity_distance": [
        179.1091566168263
      ],
      "timeshift": [
        -0.08486270430291888
      ],
      "inclination_EM": [
        0.17552128551782198
      ],
      "log10_E0": [
        53.0
      ],
      "thetaCore": [
        0.05
      ],
      "thetaWing": [
        0.1
      ],
      "log10_n0": [
        -2.507986729016518
      ],
      "p": [
        2.187281091262374
      ],
      "log10_epsilon_e": [
        -1.0352526170754914
      ],
      "log10_epsilon_B": [
        -2.3174581911128684
      ],
      "ksiN": [
        1.0
      ],
      "L0": [
        0.0
      ],
      "dL": [
        3.09e+19
      ],
      "b": [
        6.0
      ],
      "q": [
        0.0
      ],
      "ts": [
        0.0
      ],
      "geocent_time": [
        -0.033455706192463394
      ]
    }
  }
}