{
  "injections": {
    "__dataframe__": true,
    "content": {
      "simulation_id": [
        0
      ],
      "luminosity_distance": [
        165.55863897955751
      ],
      "timeshift": [
        0.7265868728582315
      ],
      "inclination_EM": [
        0.13290004351460974
      ],
      "log10_E0": [
        53.0
      ],
      "thetaCore": [
        0.05
      ],
      "thetaWing": [
        0.1
      ],
      "log10_n0": [
        -0.7729515756709295
      ],
      "p": [
        2.919766844123772
      ],
      "log10_epsilon_e": [
        -1.0685029803333426
      ],
      "log10_epsilon_B": [
        -2.804189903119047
      ],
      "ksiN": [
        1.0
      ],
      "L0": [
        0.0
      ],
      "dL": [
        3.09e+19
      ],
      "b": [
        6.0
      ],
      "q": [
        0.0
      ],
      "ts": [
        0.0
      ],
      "geocent_time": [
        -0.04764050336024572
      ]
    }
  }
}