{
  "injections": {
    "__dataframe__": true,
    "content": {
      "simulation_id": [
        0
      ],
      "luminosity_distance": [
        176.34566727097575
      ],
      "timeshift": [
        0.6388759553497066
      ],
      "inclination_EM": [
        0.15719199465259276
      ],
      "log10_E0": [
        53.0
      ],
      "thetaCore": [
        0.05
      ],
      "thetaWing": [
        0.1
      ],
      "log10_n0": [
        -1.274185177881136
      ],
      "p": [
        2.3191154034337966
      ],
      "log10_epsilon_e": [
        -2.3073881981109885
      ],
      "log10_epsilon_B": [
        -1.8221066235032173
      ],
      "ksiN": [
        1.0
      ],
      "L0": [
        0.0
      ],
      "dL": [
        3.09e+19
      ],
      "b": [
        6.0
      ],
      "q": [
        0.0
      ],
      "ts": [
        0.0
      ],
      "geocent_time": [
        0.0660078537902967
      ]
    }
  }
}