{
  "injections": {
    "__dataframe__": true,
    "content": {
      "simulation_id": [
        0
      ],
      "luminosity_distance": [
        9.03186213697373
      ],
      "KNphi": [
        40.12625528738951
      ],
      "inclination_EM": [
        0.3300314641035985
      ],
      "timeshift": [
        -0.9592183114768438
      ],
      "log10_mej_dyn": [
        -1.0952402313367875
      ],
      "log10_mej_wind": [
        -2.282540468499736
      ],
      "geocent_time": [
        -0.030328802614022335
      ]
    }
  }
}