{
  "injections": {
    "__dataframe__": true,
    "content": {
      "simulation_id": [
        0
      ],
      "luminosity_distance": [
        74.1000027506139
      ],
      "timeshift": [
        -1.5299627560394036
      ],
      "log10_Menv": [
        -1.3515240289730834
      ],
      "log10_Renv": [
        13.558196716859495
      ],
      "log10_Ee": [
        48.62140208463133
      ],
      "geocent_time": [
        0.00418964755957936
      ]
    }
  }
}