{
  "injections": {
    "__dataframe__": true,
    "content": {
      "simulation_id": [
        0
      ],
      "luminosity_distance": [
        148.12100168147867
      ],
      "timeshift": [
        -0.07463516325326425
      ],
      "log10_Menv": [
        -1.6336764382509212
      ],
      "log10_Renv": [
        14.814153358643775
      ],
      "log10_Ee": [
        50.35748470735336
      ],
      "geocent_time": [
        0.006282543442392319
      ]
    }
  }
}