{
  "injections": {
    "__dataframe__": true,
    "content": {
      "simulation_id": [
        0
      ],
      "luminosity_distance": [
        221.63723129878463
      ],
      "timeshift": [
        -0.7709156385075824
      ],
      "supernova_mag_boost": [
        -2.184899577831266
      ],
      "geocent_time": [
        -0.03507086328446943
      ]
    }
  }
}