{
  "injections": {
    "__dataframe__": true,
    "content": {
      "simulation_id": [
        0
      ],
      "luminosity_distance": [
        178.84201194737668
      ],
      "timeshift": [
        0.07968697588801099
      ],
      "inclination_EM": [
        0.12008493812768832
      ],
      "log10_E0": [
        53.0
      ],
      "thetaCore": [
        0.05
      ],
      "thetaWing": [
        0.1
      ],
      "log10_n0": [
        0.006714714058033255
      ],
      "p": [
        2.964512780154069
      ],
      "log10_epsilon_e": [
        -2.4572943164501835
      ],
      "log10_epsilon_B": [
        -1.0766849820339013
      ],
      "ksiN": [
        1.0
      ],
      "L0": [
        0.0
      ],
      "dL": [
        3.09e+19
      ],
      "b": [
        6.0
      ],
      "q": [
        0.0
      ],
      "ts": [
        0.0
      ],
      "geocent_time": [
        -0.08978521999908787
      ]
    }
  }
}