{
  "injections": {
    "__dataframe__": true,
    "content": {
      "simulation_id": [
        0
      ],
      "luminosity_distance": [
        160.37348553702122
      ],
      "timeshift": [
        0.4897583890187296
      ],
      "supernova_mag_boost": [
        -3.6215736199640283
      ],
      "geocent_time": [
        -0.03576292995191725
      ]
    }
  }
}