{
  "injections": {
    "__dataframe__": true,
    "content": {
      "simulation_id": [
        0
      ],
      "luminosity_distance": [
        8.436137991472172
      ],
      "KNphi": [
        39.93630285427004
      ],
      "inclination_EM": [
        0.620934553168904
      ],
      "timeshift": [
        -0.8179034771530853
      ],
      "log10_mej_dyn": [
        -2.6213014488960957
      ],
      "log10_mej_wind": [
        -2.767456239905834
      ],
      "geocent_time": [
        0.04523498063914361
      ]
    }
  }
}