{
  "injections": {
    "__dataframe__": true,
    "content": {
      "simulation_id": [
        0
      ],
      "luminosity_distance": [
        182.67415950668513
      ],
      "timeshift": [
        0.8232224947363119
      ],
      "inclination_EM": [
        0.17205037610161034
      ],
      "log10_E0": [
        53.0
      ],
      "thetaCore": [
        0.05
      ],
      "thetaWing": [
        0.1
      ],
      "log10_n0": [
        -2.7667877913228462
      ],
      "p": [
        2.526876093252449
      ],
      "log10_epsilon_e": [
        -1.6176848141487252
      ],
      "log10_epsilon_B": [
        -0.1998338596667648
      ],
      "ksiN": [
        1.0
      ],
      "L0": [
        0.0
      ],
      "dL": [
        3.09e+19
      ],
      "b": [
        6.0
      ],
      "q": [
        0.0
      ],
      "ts": [
        0.0
      ],
      "geocent_time": [
        0.027863870576433636
      ]
    }
  }
}