{
  "injections": {
    "__dataframe__": true,
    "content": {
      "simulation_id": [
        0
      ],
      "luminosity_distance": [
        41.51619384269512
      ],
      "timeshift": [
        -0.3373729186899679
      ],
      "log10_Menv": [
        -1.814898575074681
      ],
      "log10_Renv": [
        13.827470418859628
      ],
      "log10_Ee": [
        48.361136162589894
      ],
      "geocent_time": [
        -0.04729837950954705
      ]
    }
  }
}