{
  "injections": {
    "__dataframe__": true,
    "content": {
      "simulation_id": [
        0
      ],
      "luminosity_distance": [
        159.255181994196
      ],
      "timeshift": [
        0.9794727843652112
      ],
      "inclination_EM": [
        0.031769586193512514
      ],
      "log10_E0": [
        53.0
      ],
      "thetaCore": [
        0.05
      ],
      "thetaWing": [
        0.1
      ],
      "log10_n0": [
        -1.4909017666838928
      ],
      "p": [
        2.677277959049208
      ],
      "log10_epsilon_e": [
        -0.8826921721071059
      ],
      "log10_epsilon_B": [
        -2.2878176320815546
      ],
      "ksiN": [
        1.0
      ],
      "L0": [
        0.0
      ],
      "dL": [
        3.09e+19
      ],
      "b": [
        6.0
      ],
      "q": [
        0.0
      ],
      "ts": [
        0.0
      ],
      "geocent_time": [
        0.08500187095425782
      ]
    }
  }
}