{
  "injections": {
    "__dataframe__": true,
    "content": {
      "simulation_id": [
        0
      ],
      "luminosity_distance": [
        198.83606586378914
      ],
      "timeshift": [
        -0.6153145968897598
      ],
      "supernova_mag_boost": [
        3.1547870413776398
      ],
      "geocent_time": [
        0.05111319900438274
      ]
    }
  }
}