{
  "injections": {
    "__dataframe__": true,
    "content": {
      "simulation_id": [
        0
      ],
      "luminosity_distance": [
        179.53846459037896
      ],
      "timeshift": [
        0.8811242709264467
      ],
      "inclination_EM": [
        0.1632416289162277
      ],
      "log10_E0": [
        53.0
      ],
      "thetaCore": [
        0.05
      ],
      "thetaWing": [
        0.1
      ],
      "log10_n0": [
        -2.1119661783077284
      ],
      "p": [
        2.686970044681943
      ],
      "log10_epsilon_e": [
        -1.1472360109777275
      ],
      "log10_epsilon_B": [
        -0.4391472458702559
      ],
      "ksiN": [
        1.0
      ],
      "L0": [
        0.0
      ],
      "dL": [
        3.09e+19
      ],
      "b": [
        6.0
      ],
      "q": [
        0.0
      ],
      "ts": [
        0.0
      ],
      "geocent_time": [
        -0.05650458807895227
      ]
    }
  }
}