{
  "injections": {
    "__dataframe__": true,
    "content": {
      "simulation_id": [
        0
      ],
      "luminosity_distance": [
        171.5128152507821
      ],
      "timeshift": [
        -0.3398588262765212
      ],
      "log10_Menv": [
        -0.8667165885850867
      ],
      "log10_Renv": [
        12.04221391785893
      ],
      "log10_Ee": [
        50.60971843738601
      ],
      "geocent_time": [
        -0.09534413765113846
      ]
    }
  }
}