{
  "injections": {
    "__dataframe__": true,
    "content": {
      "simulation_id": [
        0
      ],
      "luminosity_distance": [
        178.28494430795354
      ],
      "timeshift": [
        0.8971801638113728
      ],
      "supernova_mag_boost": [
        -4.0620584598943825
      ],
      "geocent_time": [
        0.048374479563584954
      ]
    }
  }
}