{
    "luminosity_distance": 95.24033525977585,
    "beta": 1.7588193650800572,
    "log10_kappa_r": -0.8055154532350506,
    "KNtimeshift": -0.935519027660495,
    "log10_vej": -0.8098795431635097,
    "log10_mej": -1.4488018225687909,
    "Ebv": 0.2249628592312244,
    "log_likelihood": -1.8494682188574565,
    "log_prior": -9.4517820220407,
    "log_bayes_factor": -5.04008679934827,
    "Best fit index": 3901,
    "Magnitudes": {
        "ztfg": [
            20.183677734480952,
            18.880698771918503,
            19.158419430201754,
            20.17952325084113,
            23.57731771369285,
            24.242934434859613,
            25.458739830933318,
            26.755084656117447,
            28.086724285129762,
            29.436948719977323,
            30.796937836538476,
            32.16129085072757,
            33.526512610630725,
            34.89032878814504,
            Infinity
        ],
        "bestfit_sample_times": [
            0.1,
            0.6,
            1.1,
            1.6,
            2.1,
            2.6,
            3.1,
            3.6,
            4.1,
            4.6,
            5.1,
            5.6,
            6.1,
            6.6,
            7.1
        ]
    }
}