{
    "luminosity_distance": 78.30837373213402,
    "beta": 4.186140890272588,
    "log10_kappa_r": -0.0873855480003338,
    "KNtimeshift": -1.1623384652220146,
    "log10_vej": -0.9536294588479222,
    "log10_mej": -1.0442122130841578,
    "Ebv": 0.2760022462706794,
    "log_likelihood": -1.8484966175860305,
    "log_prior": -9.610663465926825,
    "Best fit index": 3540,
    "Magnitudes": {
        "ztfg": [
            20.88402577527998,
            18.92523957490168,
            19.315248988098794,
            19.437685646457133,
            22.60847518391207,
            21.725708238454096,
            Infinity
        ],
        "bestfit_sample_times": [
            0.1,
            0.6,
            1.1,
            1.6,
            2.1,
            2.6,
            3.1
        ]
    }
}