{
    "luminosity_distance": 9.669852892148146,
    "KNphi": 48.8848235190335,
    "inclination_EM": 0.748215200757718,
    "timeshift": -1.978551634354072,
    "log10_mej_dyn": -2.7683332757996344,
    "log10_mej_wind": -1.3860364840515835,
    "Ebv": 0.0,
    "log_likelihood": -24.25983876661331,
    "log_prior": -9.538944741898394,
    "log_bayes_factor": -34.883604569369645,
    "log_bayes_factor_err": 0.08286767318874362,
    "Best fit index": 6558,
    "Magnitudes": {
        "ztfg": [
            18.620411539115338,
            14.787669310643576,
            14.68747454635831,
            15.6607390467298,
            16.611440881126722,
            17.394009113181987,
            18.074912728094752,
            18.57709268915908,
            19.087780300981017,
            19.572550014968833,
            19.940795343545627,
            20.286525267886475,
            20.642421257875355,
            21.026823929068758,
            21.28446977910388,
            21.594680663423386,
            21.981864352394766
        ],
        "bestfit_sample_times": [
            -1.878551634354072,
            -1.3785516343540722,
            -0.878551634354072,
            -0.378551634354072,
            0.12144836564592798,
            0.621448365645928,
            1.121448365645928,
            1.621448365645928,
            2.1214483656459278,
            2.6214483656459278,
            3.1214483656459278,
            3.6214483656459278,
            4.121448365645928,
            4.621448365645928,
            5.121448365645928,
            5.621448365645928,
            6.121448365645928
        ]
    }
}