{
    "luminosity_distance": 9.836483382000852,
    "KNphi": 49.85249641914327,
    "inclination_EM": 0.7741362868570697,
    "timeshift": -1.9606532544801576,
    "log10_mej_dyn": -2.868483806053522,
    "log10_mej_wind": -1.3337669868392517,
    "Ebv": 0.0,
    "log_likelihood": -23.751007586396195,
    "log_prior": -9.51173328024564,
    "log_bayes_factor": -34.993366456670124,
    "log_bayes_factor_err": 0.0838084263236722,
    "Best fit index": 7062,
    "Magnitudes": {
        "ztfg": [
            18.776226959286955,
            14.907022995427397,
            14.725083346080895,
            15.653581994144517,
            16.598473160292237,
            17.393933336819572,
            18.082144455294934,
            18.565523435689045,
            19.06626379149931,
            19.540828228415805,
            19.884485528389042,
            20.214292505136413,
            20.550627484133354,
            20.924766352346452,
            21.16048351781294
        ],
        "bestfit_sample_times": [
            -1.8606532544801575,
            -1.3606532544801575,
            -0.8606532544801575,
            -0.3606532544801575,
            0.1393467455198425,
            0.6393467455198425,
            1.1393467455198425,
            1.6393467455198425,
            2.139346745519842,
            2.639346745519842,
            3.139346745519842,
            3.639346745519842,
            4.139346745519842,
            4.639346745519842,
            5.139346745519842
        ]
    }
}