{
    "luminosity_distance": 9.822001067415323,
    "KNphi": 49.90278453202751,
    "inclination_EM": 0.7783932530254262,
    "timeshift": -1.933458281886496,
    "log10_mej_dyn": -2.7825764500368533,
    "log10_mej_wind": -1.3087646019864934,
    "Ebv": 0.0,
    "log_likelihood": -24.1007840785983,
    "log_prior": -9.507397820673816,
    "log_bayes_factor": -35.220555241258175,
    "log_bayes_factor_err": 0.08382620520215107,
    "Best fit index": 6639,
    "Magnitudes": {
        "ztfg": [
            18.57598447874905,
            14.867272536992765,
            14.81002488950234,
            15.709205026167918,
            16.579947357470324,
            17.32249193143973,
            17.97756764567786,
            18.44540520028189,
            18.930124882725394,
            19.388292479674412,
            19.730227983453375,
            20.051490184679277,
            20.387740036398633,
            20.751926619631632,
            20.985994334332307,
            21.278337047678697,
            21.64892026104173,
            21.947728156327138,
            22.149625790141805,
            22.457786869461113,
            22.756568544317137
        ],
        "bestfit_sample_times": [
            -1.833458281886496,
            -1.3334582818864962,
            -0.833458281886496,
            -0.33345828188649596,
            0.16654171811350404,
            0.666541718113504,
            1.166541718113504,
            1.666541718113504,
            2.1665417181135034,
            2.6665417181135034,
            3.1665417181135034,
            3.6665417181135034,
            4.166541718113503,
            4.666541718113503,
            5.166541718113503,
            5.666541718113503,
            6.166541718113503,
            6.666541718113503,
            7.166541718113503,
            7.666541718113503,
            8.166541718113503
        ]
    }
}