{
    "luminosity_distance": 154.6112133574608,
    "KNtimeshift": -0.0991850574743701,
    "inclination_EM": 0.1714222379544199,
    "log10_n0": -2.8447074358734485,
    "p": 2.1004595133076838,
    "log10_epsilon_e": -0.3662923134223557,
    "log10_epsilon_B": -2.3335486530030227,
    "Ebv": 0.0810253895700859,
    "log10_E0": 53.0,
    "thetaCore": 0.05,
    "thetaWing": 0.1,
    "ksiN": 1.0,
    "L0": 0.0,
    "dL": 3.09e+19,
    "b": 6.0,
    "q": 0.0,
    "ts": 0.0,
    "log_likelihood": -36.61922020069059,
    "log_prior": -9.002884255064439,
    "log_bayes_factor": -46.16164160290833,
    "Best fit index": 5103,
    "Magnitudes": {
        "ztfg": [
            37.61423182335189,
            26.05110479230683,
            23.47922155453992,
            22.232770071787307,
            21.59315635077209,
            21.24223479833435,
            21.028830837973814,
            20.88191580598017,
            20.77238934436681,
            20.688736578301654,
            20.62316027238284,
            20.573984481436927,
            20.537863630678892,
            20.506556235563323,
            20.488296057184854,
            20.47046750853619,
            20.45874498439839,
            20.447022460260595,
            20.44229275178608,
            20.439317498392427,
            20.43713700358579,
            20.43827179082143,
            20.439406578057074,
            20.441357153755817,
            20.446632869362976,
            20.451908584970134,
            20.457184300577296,
            20.464777588511723,
            20.47313566876032,
            20.48149374900892,
            20.489851829257518,
            20.500880717343712,
            20.512616210605394,
            20.524351703867076,
            20.536087197128758,
            20.5484623055128,
            20.562902974321503,
            20.5773436431302,
            20.591784311938902
        ],
        "bestfit_sample_times": [
            0.1,
            0.6,
            1.1,
            1.6,
            2.1,
            2.6,
            3.1,
            3.6,
            4.1,
            4.6,
            5.1,
            5.6,
            6.1,
            6.6,
            7.1,
            7.6,
            8.1,
            8.6,
            9.1,
            9.6,
            10.1,
            10.6,
            11.1,
            11.6,
            12.1,
            12.6,
            13.1,
            13.6,
            14.1,
            14.6,
            15.1,
            15.6,
            16.1,
            16.6,
            17.1,
            17.6,
            18.1,
            18.6,
            19.1
        ]
    }
}