{
    "luminosity_distance": 167.891673001099,
    "KNtimeshift": -0.0578611541591082,
    "inclination_EM": 0.1751444838390792,
    "log10_n0": -1.6564073541369608,
    "p": 2.146725590122427,
    "log10_epsilon_e": -1.8810674660452,
    "log10_epsilon_B": -1.5674324800864852,
    "Ebv": 0.1771994539734254,
    "log10_E0": 53.0,
    "thetaCore": 0.05,
    "thetaWing": 0.1,
    "ksiN": 1.0,
    "L0": 0.0,
    "dL": 3.09e+19,
    "b": 6.0,
    "q": 0.0,
    "ts": 0.0,
    "log_likelihood": -4.761144387704144,
    "log_prior": -9.19943161678846,
    "log_bayes_factor": -8.92575790633605,
    "Best fit index": 3573,
    "Magnitudes": {
        "ztfg": [
            31.535148841513035,
            23.782295035989776,
            22.31460503226009,
            21.861797800662455,
            21.580578529601254,
            21.48282945932289,
            21.435590302885494
        ],
        "bestfit_sample_times": [
            0.1,
            0.6,
            1.1,
            1.6,
            2.1,
            2.6,
            3.1
        ]
    }
}