{
    "luminosity_distance": 171.46218137247914,
    "KNtimeshift": -0.0972893246306901,
    "inclination_EM": 0.1754072249888462,
    "log10_n0": -1.9753723409656163,
    "p": 2.197320142316131,
    "log10_epsilon_e": -1.2387563532779042,
    "log10_epsilon_B": -1.9056260299180876,
    "Ebv": 0.2906147210549178,
    "log10_E0": 53.0,
    "thetaCore": 0.05,
    "thetaWing": 0.1,
    "ksiN": 1.0,
    "L0": 0.0,
    "dL": 3.09e+19,
    "b": 6.0,
    "q": 0.0,
    "ts": 0.0,
    "log_likelihood": -8.731581412827977,
    "log_prior": -9.536195972472212,
    "log_bayes_factor": -13.854312697166192,
    "Best fit index": 3718,
    "Magnitudes": {
        "ztfg": [
            32.40288496578874,
            24.37771964486923,
            22.47978939702039,
            21.84989993634473,
            21.5535872400272,
            21.367432680914355,
            21.28745698566192,
            21.22794604405728,
            21.174530224097147,
            21.1693109604184,
            21.16409169673965
        ],
        "bestfit_sample_times": [
            0.1,
            0.6,
            1.1,
            1.6,
            2.1,
            2.6,
            3.1,
            3.6,
            4.1,
            4.6,
            5.1
        ]
    }
}