{
    "luminosity_distance": 180.34821732805293,
    "timeshift": -0.0573706427470197,
    "inclination_EM": 0.1740052665523656,
    "log10_n0": -0.6399766937035851,
    "p": 2.1597160162918327,
    "log10_epsilon_e": -0.270450300701893,
    "log10_epsilon_B": -2.0794093723105185,
    "log10_E0": 53.0,
    "thetaCore": 0.05,
    "thetaWing": 0.1,
    "ksiN": 1.0,
    "L0": 0.0,
    "dL": 3.09e+19,
    "b": 6.0,
    "q": 0.0,
    "ts": 0.0,
    "Ebv": 0.0,
    "log_likelihood": -5.662435280056888,
    "log_prior": -10.086510589418872,
    "log_bayes_factor": -10.90265657997718,
    "log_bayes_factor_err": 0.060280444444283834,
    "Best fit index": 3889,
    "Magnitudes": {
        "ztfg": [
            23.283688574749377,
            15.805912656413632,
            15.311659478506257,
            15.216199521017252,
            15.183289339815989,
            15.23237537055499,
            15.304035212096597
        ],
        "bestfit_sample_times": [
            0.0426293572529803,
            0.5426293572529802,
            1.0426293572529803,
            1.5426293572529803,
            2.0426293572529803,
            2.5426293572529803,
            3.0426293572529803
        ]
    }
}