{
    "luminosity_distance": 155.6988113596764,
    "timeshift": -0.0796966548511266,
    "inclination_EM": 0.1703479827938304,
    "log10_n0": -1.5588159384895282,
    "p": 2.2572564497271514,
    "log10_epsilon_e": -0.170937825685427,
    "log10_epsilon_B": -1.4518168800713611,
    "log10_E0": 53.0,
    "thetaCore": 0.05,
    "thetaWing": 0.1,
    "ksiN": 1.0,
    "L0": 0.0,
    "dL": 3.09e+19,
    "b": 6.0,
    "q": 0.0,
    "ts": 0.0,
    "Ebv": 0.0,
    "log_likelihood": -11.934559651435736,
    "log_prior": -10.107542537578286,
    "log_bayes_factor": -20.44155621838541,
    "log_bayes_factor_err": 0.07622028180897035,
    "Best fit index": 4776,
    "Magnitudes": {
        "ztfg": [
            26.764546719545514,
            16.146956504520823,
            15.067392906494998,
            14.783911956741672,
            14.683719854794688,
            14.639008163820758,
            14.643715495449065,
            14.65547539684486,
            14.691984023519545,
            14.728492650194234,
            14.769961820077217,
            14.826671354507639,
            14.883380888938063
        ],
        "bestfit_sample_times": [
            0.0203033451488734,
            0.5203033451488733,
            1.0203033451488734,
            1.5203033451488734,
            2.0203033451488737,
            2.5203033451488737,
            3.0203033451488737,
            3.5203033451488737,
            4.020303345148873,
            4.520303345148873,
            5.020303345148873,
            5.520303345148873,
            6.020303345148873
        ]
    }
}