{
    "luminosity_distance": 158.1424128275672,
    "timeshift": -0.090262066590588,
    "inclination_EM": 0.1687418865019384,
    "log10_n0": -1.7303389141614092,
    "p": 2.202725127407862,
    "log10_epsilon_e": -0.0464968911838243,
    "log10_epsilon_B": -1.3814249845233175,
    "log10_E0": 53.0,
    "thetaCore": 0.05,
    "thetaWing": 0.1,
    "ksiN": 1.0,
    "L0": 0.0,
    "dL": 3.09e+19,
    "b": 6.0,
    "q": 0.0,
    "ts": 0.0,
    "Ebv": 0.0,
    "log_likelihood": -16.81239712425483,
    "log_prior": -10.116924648543804,
    "log_bayes_factor": -27.08067050872012,
    "log_bayes_factor_err": 0.08504320859086174,
    "Best fit index": 5128,
    "Magnitudes": {
        "ztfg": [
            27.410671773987573,
            16.686278597346746,
            15.196507040662333,
            14.853992574973624,
            14.716108997158852,
            14.658265809181774,
            14.632503108085427,
            14.635299096977178,
            14.646480125190166,
            14.670875917365038,
            14.69527170953991,
            14.73298744786105,
            14.773164797644835,
            14.813342147428617,
            14.85935038045698,
            14.911901209905611,
            14.964452039354242
        ],
        "bestfit_sample_times": [
            0.009737933409412008,
            0.509737933409412,
            1.009737933409412,
            1.509737933409412,
            2.0097379334094123,
            2.5097379334094123,
            3.0097379334094123,
            3.5097379334094123,
            4.009737933409411,
            4.509737933409411,
            5.009737933409411,
            5.509737933409411,
            6.009737933409411,
            6.509737933409411,
            7.009737933409411,
            7.509737933409411,
            8.009737933409411
        ]
    }
}