{
    "luminosity_distance": 162.1299794463432,
    "timeshift": -0.0986639779459013,
    "inclination_EM": 0.1641944719865496,
    "log10_n0": -1.712966220863064,
    "p": 2.129810275081601,
    "log10_epsilon_e": -0.1369066097656559,
    "log10_epsilon_B": -1.2452807244767596,
    "log10_E0": 53.0,
    "thetaCore": 0.05,
    "thetaWing": 0.1,
    "ksiN": 1.0,
    "L0": 0.0,
    "dL": 3.09e+19,
    "b": 6.0,
    "q": 0.0,
    "ts": 0.0,
    "Ebv": 0.0,
    "log_likelihood": -7.550567227832396,
    "log_prior": -10.143990566278491,
    "log_bayes_factor": -14.10858876992389,
    "log_bayes_factor_err": 0.06617551892039251,
    "Best fit index": 4519,
    "Magnitudes": {
        "ztfg": [
            26.14644332585823,
            16.324278415208383,
            15.31548385997521,
            15.083322750809334,
            14.969713713268579,
            14.95044017525154,
            14.931166637234497,
            14.970272171913582,
            15.011782249192471
        ],
        "bestfit_sample_times": [
            0.001336022054098704,
            0.5013360220540987,
            1.0013360220540988,
            1.5013360220540988,
            2.0013360220540988,
            2.5013360220540988,
            3.0013360220540988,
            3.5013360220540988,
            4.001336022054098
        ]
    }
}