{
    "luminosity_distance": 155.67322826807464,
    "timeshift": -0.0987341068686842,
    "inclination_EM": 0.166324188108624,
    "log10_n0": -1.8725259269703884,
    "p": 2.2855237177290992,
    "log10_epsilon_e": -0.0400765098019677,
    "log10_epsilon_B": -1.3296058434801754,
    "log10_E0": 53.0,
    "thetaCore": 0.05,
    "thetaWing": 0.1,
    "ksiN": 1.0,
    "L0": 0.0,
    "dL": 3.09e+19,
    "b": 6.0,
    "q": 0.0,
    "ts": 0.0,
    "Ebv": 0.0,
    "log_likelihood": -19.24052101950052,
    "log_prior": -10.131220804781991,
    "log_bayes_factor": -30.525396323604053,
    "log_bayes_factor_err": 0.08879885546954376,
    "Best fit index": 6302,
    "Magnitudes": {
        "ztfg": [
            27.473347753663205,
            16.735874705798683,
            14.896416240698862,
            14.54378008890463,
            14.411051481970798,
            14.363813702784181,
            14.350152485228104,
            14.35224905062476,
            14.373275120491698,
            14.395161435580828,
            14.428029716417118,
            14.46299717029044,
            14.49900164750131,
            14.543959787970142,
            14.58891792843897,
            14.6338760689078,
            14.683307479168608,
            14.736133932486197,
            14.78896038580379
        ],
        "bestfit_sample_times": [
            0.0012658931313158095,
            0.5012658931313158,
            1.0012658931313159,
            1.5012658931313159,
            2.001265893131316,
            2.501265893131316,
            3.001265893131316,
            3.501265893131316,
            4.001265893131316,
            4.501265893131316,
            5.001265893131316,
            5.501265893131316,
            6.001265893131316,
            6.501265893131316,
            7.001265893131316,
            7.501265893131316,
            8.001265893131315,
            8.501265893131315,
            9.001265893131315
        ]
    }
}