{
    "luminosity_distance": 150.59835517705898,
    "timeshift": -0.0934288186387924,
    "inclination_EM": 0.1624040684399284,
    "log10_n0": -2.0520664821451526,
    "p": 2.2861735475982434,
    "log10_epsilon_e": -0.0396886770996589,
    "log10_epsilon_B": -1.293022156778452,
    "log10_E0": 53.0,
    "thetaCore": 0.05,
    "thetaWing": 0.1,
    "ksiN": 1.0,
    "L0": 0.0,
    "dL": 3.09e+19,
    "b": 6.0,
    "q": 0.0,
    "ts": 0.0,
    "Ebv": 0.0,
    "log_likelihood": -22.10867269387736,
    "log_prior": -10.154856986102637,
    "log_bayes_factor": -33.973488313499146,
    "log_bayes_factor_err": 0.0916430514724322,
    "Best fit index": 6341,
    "Magnitudes": {
        "ztfg": [
            27.434922725133518,
            16.77666239436373,
            14.89638797471736,
            14.577389753930799,
            14.45537517109782,
            14.41007070565755,
            14.399129829070468,
            14.403029590648824,
            14.419583753521788,
            14.441611666966441,
            14.468217240202485,
            14.49680604046699,
            14.531458489193653,
            14.566110937920318,
            14.602788980677627,
            14.643431359650016,
            14.684073738622402,
            14.724716117594792,
            14.769425924395115,
            14.816252735009755,
            14.863079545624391
        ],
        "bestfit_sample_times": [
            0.006571181361207601,
            0.5065711813612076,
            1.0065711813612077,
            1.5065711813612077,
            2.0065711813612075,
            2.5065711813612075,
            3.0065711813612075,
            3.5065711813612075,
            4.006571181361207,
            4.506571181361207,
            5.006571181361207,
            5.506571181361207,
            6.006571181361207,
            6.506571181361207,
            7.006571181361207,
            7.506571181361207,
            8.006571181361208,
            8.506571181361208,
            9.006571181361208,
            9.506571181361208,
            10.006571181361208
        ]
    }
}