{
  "injections": {
    "__dataframe__": true,
    "content": {
      "simulation_id": [
        0
      ],
      "luminosity_distance": [
        1.6926189787639514
      ],
      "KNphi": [
        46.71094969819411
      ],
      "inclination_EM": [
        0.5057718318625666
      ],
      "timeshift": [
        -1.7653351471949477
      ],
      "log10_mej_dyn": [
        -1.556425255713671
      ],
      "log10_mej_wind": [
        -2.6217183434778812
      ],
      "geocent_time": [
        0.09772249193989696
      ]
    }
  }
}