{
  "injections": {
    "__dataframe__": true,
    "content": {
      "simulation_id": [
        0
      ],
      "luminosity_distance": [
        154.86442312533444
      ],
      "timeshift": [
        -0.029607942983169072
      ],
      "inclination_EM": [
        0.07591789671654958
      ],
      "log10_E0": [
        53.0
      ],
      "thetaCore": [
        0.05
      ],
      "thetaWing": [
        0.1
      ],
      "log10_n0": [
        2.1700728190647904
      ],
      "p": [
        2.424328937076006
      ],
      "log10_epsilon_e": [
        -0.5962156317850433
      ],
      "log10_epsilon_B": [
        -1.1004424962468562
      ],
      "ksiN": [
        1.0
      ],
      "L0": [
        0.0
      ],
      "dL": [
        3.09e+19
      ],
      "b": [
        6.0
      ],
      "q": [
        0.0
      ],
      "ts": [
        0.0
      ],
      "geocent_time": [
        -0.032592517226308626
      ]
    }
  }
}