{
  "injections": {
    "__dataframe__": true,
    "content": {
      "simulation_id": [
        0
      ],
      "luminosity_distance": [
        160.00628803335877
      ],
      "timeshift": [
        0.615856717558066
      ],
      "inclination_EM": [
        0.16834793846232712
      ],
      "log10_E0": [
        53.0
      ],
      "thetaCore": [
        0.05
      ],
      "thetaWing": [
        0.1
      ],
      "log10_n0": [
        1.9120633383821914
      ],
      "p": [
        2.0557898868674966
      ],
      "log10_epsilon_e": [
        -0.46552275682063726
      ],
      "log10_epsilon_B": [
        -2.526105744889142
      ],
      "ksiN": [
        1.0
      ],
      "L0": [
        0.0
      ],
      "dL": [
        3.09e+19
      ],
      "b": [
        6.0
      ],
      "q": [
        0.0
      ],
      "ts": [
        0.0
      ],
      "geocent_time": [
        0.07005930474587099
      ]
    }
  }
}