{
  "injections": {
    "__dataframe__": true,
    "content": {
      "simulation_id": [
        0
      ],
      "luminosity_distance": [
        54.784820714876446
      ],
      "timeshift": [
        -1.97024732355669
      ],
      "log10_Menv": [
        -0.5577632883573065
      ],
      "log10_Renv": [
        13.50910051251248
      ],
      "log10_Ee": [
        47.85967740792671
      ],
      "geocent_time": [
        -0.0744700069780943
      ]
    }
  }
}