{
  "injections": {
    "__dataframe__": true,
    "content": {
      "simulation_id": [
        0
      ],
      "luminosity_distance": [
        181.22384710186847
      ],
      "timeshift": [
        0.6286557150623808
      ],
      "inclination_EM": [
        0.1882932725116244
      ],
      "log10_E0": [
        53.0
      ],
      "thetaCore": [
        0.05
      ],
      "thetaWing": [
        0.1
      ],
      "log10_n0": [
        -2.548755430005492
      ],
      "p": [
        2.3678774961683438
      ],
      "log10_epsilon_e": [
        -0.2861545166013437
      ],
      "log10_epsilon_B": [
        -2.9768046931494965
      ],
      "ksiN": [
        1.0
      ],
      "L0": [
        0.0
      ],
      "dL": [
        3.09e+19
      ],
      "b": [
        6.0
      ],
      "q": [
        0.0
      ],
      "ts": [
        0.0
      ],
      "geocent_time": [
        0.05585231498754853
      ]
    }
  }
}