{
  "injections": {
    "__dataframe__": true,
    "content": {
      "simulation_id": [
        0
      ],
      "luminosity_distance": [
        4.417202416324472
      ],
      "KNphi": [
        42.255906154712
      ],
      "inclination_EM": [
        0.28997244797592514
      ],
      "timeshift": [
        0.938697524962584
      ],
      "log10_mej_dyn": [
        -1.616687879047105
      ],
      "log10_mej_wind": [
        -0.6164943437699355
      ],
      "geocent_time": [
        -0.08856836619533946
      ]
    }
  }
}