{
  "injections": {
    "__dataframe__": true,
    "content": {
      "simulation_id": [
        0
      ],
      "luminosity_distance": [
        196.0716363277836
      ],
      "timeshift": [
        -0.5136961917927299
      ],
      "supernova_mag_boost": [
        3.0050118559309205
      ],
      "geocent_time": [
        -0.03667714383065139
      ]
    }
  }
}