{
  "injections": {
    "__dataframe__": true,
    "content": {
      "simulation_id": [
        0
      ],
      "luminosity_distance": [
        3.881347502904279
      ],
      "KNphi": [
        30.040473275651898
      ],
      "inclination_EM": [
        0.7732767595144203
      ],
      "timeshift": [
        0.3719720181757209
      ],
      "log10_mej_dyn": [
        -1.8683328970398143
      ],
      "log10_mej_wind": [
        -1.6008565722231545
      ],
      "geocent_time": [
        -0.09707787451304513
      ]
    }
  }
}