{
  "injections": {
    "__dataframe__": true,
    "content": {
      "simulation_id": [
        0
      ],
      "luminosity_distance": [
        3.5153059416434855
      ],
      "KNphi": [
        45.535471710776136
      ],
      "inclination_EM": [
        0.5131871588871367
      ],
      "timeshift": [
        -1.064406403833053
      ],
      "log10_mej_dyn": [
        -1.198995067894442
      ],
      "log10_mej_wind": [
        -1.063183153793477
      ],
      "geocent_time": [
        0.06123674019491929
      ]
    }
  }
}