{
  "injections": {
    "__dataframe__": true,
    "content": {
      "simulation_id": [
        0
      ],
      "luminosity_distance": [
        187.409560345357
      ],
      "timeshift": [
        -0.4263558196803592
      ],
      "supernova_mag_boost": [
        3.659211612643521
      ],
      "geocent_time": [
        -0.08317661142343168
      ]
    }
  }
}