{
  "injections": {
    "__dataframe__": true,
    "content": {
      "simulation_id": [
        0
      ],
      "luminosity_distance": [
        160.1765963004467
      ],
      "timeshift": [
        0.6808690050923379
      ],
      "inclination_EM": [
        0.1760074400338731
      ],
      "log10_E0": [
        53.0
      ],
      "thetaCore": [
        0.05
      ],
      "thetaWing": [
        0.1
      ],
      "log10_n0": [
        2.8582799320453827
      ],
      "p": [
        2.1915506440394106
      ],
      "log10_epsilon_e": [
        -0.4196717747762775
      ],
      "log10_epsilon_B": [
        -2.846041604808649
      ],
      "ksiN": [
        1.0
      ],
      "L0": [
        0.0
      ],
      "dL": [
        3.09e+19
      ],
      "b": [
        6.0
      ],
      "q": [
        0.0
      ],
      "ts": [
        0.0
      ],
      "geocent_time": [
        -0.049270467848023386
      ]
    }
  }
}