{
  "injections": {
    "__dataframe__": true,
    "content": {
      "simulation_id": [
        0
      ],
      "luminosity_distance": [
        175.96502410210888
      ],
      "timeshift": [
        -0.08575274984337923
      ],
      "inclination_EM": [
        0.16952107064335478
      ],
      "log10_E0": [
        53.0
      ],
      "thetaCore": [
        0.05
      ],
      "thetaWing": [
        0.1
      ],
      "log10_n0": [
        -1.36052163898414
      ],
      "p": [
        2.8123092216688184
      ],
      "log10_epsilon_e": [
        -2.116816061739902
      ],
      "log10_epsilon_B": [
        -0.496789601541356
      ],
      "ksiN": [
        1.0
      ],
      "L0": [
        0.0
      ],
      "dL": [
        3.09e+19
      ],
      "b": [
        6.0
      ],
      "q": [
        0.0
      ],
      "ts": [
        0.0
      ],
      "geocent_time": [
        -0.058970760578659645
      ]
    }
  }
}