{
  "injections": {
    "__dataframe__": true,
    "content": {
      "simulation_id": [
        0
      ],
      "luminosity_distance": [
        159.49177780542195
      ],
      "timeshift": [
        0.5019011457853537
      ],
      "inclination_EM": [
        0.0981138927979752
      ],
      "log10_E0": [
        53.0
      ],
      "thetaCore": [
        0.05
      ],
      "thetaWing": [
        0.1
      ],
      "log10_n0": [
        -0.13282360946929384
      ],
      "p": [
        2.3907608923684234
      ],
      "log10_epsilon_e": [
        -1.8149928343809079
      ],
      "log10_epsilon_B": [
        -0.24044744354955494
      ],
      "ksiN": [
        1.0
      ],
      "L0": [
        0.0
      ],
      "dL": [
        3.09e+19
      ],
      "b": [
        6.0
      ],
      "q": [
        0.0
      ],
      "ts": [
        0.0
      ],
      "geocent_time": [
        0.019458907253618804
      ]
    }
  }
}