{
  "injections": {
    "__dataframe__": true,
    "content": {
      "simulation_id": [
        0
      ],
      "luminosity_distance": [
        180.4296812874567
      ],
      "timeshift": [
        0.2608639677557121
      ],
      "inclination_EM": [
        0.11500237215547994
      ],
      "log10_E0": [
        53.0
      ],
      "thetaCore": [
        0.05
      ],
      "thetaWing": [
        0.1
      ],
      "log10_n0": [
        -1.894991372685555
      ],
      "p": [
        2.8947354717419573
      ],
      "log10_epsilon_e": [
        -0.5622750878439771
      ],
      "log10_epsilon_B": [
        -0.7119601091816041
      ],
      "ksiN": [
        1.0
      ],
      "L0": [
        0.0
      ],
      "dL": [
        3.09e+19
      ],
      "b": [
        6.0
      ],
      "q": [
        0.0
      ],
      "ts": [
        0.0
      ],
      "geocent_time": [
        0.09946459043740782
      ]
    }
  }
}