{
  "injections": {
    "__dataframe__": true,
    "content": {
      "simulation_id": [
        0
      ],
      "luminosity_distance": [
        429.30143094131967
      ],
      "timeshift": [
        -0.8663494802009626
      ],
      "log10_Menv": [
        -1.188003377682778
      ],
      "log10_Renv": [
        14.70947268107124
      ],
      "log10_Ee": [
        48.71540694501596
      ],
      "geocent_time": [
        -0.061026117549908346
      ]
    }
  }
}