{
  "injections": {
    "__dataframe__": true,
    "content": {
      "simulation_id": [
        0
      ],
      "luminosity_distance": [
        176.07606048830542
      ],
      "timeshift": [
        0.007336738434937248
      ],
      "inclination_EM": [
        0.09023328554138779
      ],
      "log10_E0": [
        53.0
      ],
      "thetaCore": [
        0.05
      ],
      "thetaWing": [
        0.1
      ],
      "log10_n0": [
        -2.0704173738729033
      ],
      "p": [
        2.3065541450489384
      ],
      "log10_epsilon_e": [
        -0.26235965247723136
      ],
      "log10_epsilon_B": [
        -1.253022828588609
      ],
      "ksiN": [
        1.0
      ],
      "L0": [
        0.0
      ],
      "dL": [
        3.09e+19
      ],
      "b": [
        6.0
      ],
      "q": [
        0.0
      ],
      "ts": [
        0.0
      ],
      "geocent_time": [
        0.04623340398771228
      ]
    }
  }
}