{
  "injections": {
    "__dataframe__": true,
    "content": {
      "simulation_id": [
        0
      ],
      "luminosity_distance": [
        163.91042131780577
      ],
      "timeshift": [
        0.4379988096384133
      ],
      "inclination_EM": [
        0.12759196188130104
      ],
      "log10_E0": [
        53.0
      ],
      "thetaCore": [
        0.05
      ],
      "thetaWing": [
        0.1
      ],
      "log10_n0": [
        -2.416722134159375
      ],
      "p": [
        2.333213016381074
      ],
      "log10_epsilon_e": [
        -1.0400362770453238
      ],
      "log10_epsilon_B": [
        -2.3022572678875806
      ],
      "ksiN": [
        1.0
      ],
      "L0": [
        0.0
      ],
      "dL": [
        3.09e+19
      ],
      "b": [
        6.0
      ],
      "q": [
        0.0
      ],
      "ts": [
        0.0
      ],
      "geocent_time": [
        0.08463230861661378
      ]
    }
  }
}