{
  "injections": {
    "__dataframe__": true,
    "content": {
      "simulation_id": [
        0
      ],
      "luminosity_distance": [
        214.18350590493932
      ],
      "timeshift": [
        0.6512315805788078
      ],
      "supernova_mag_boost": [
        -1.8096250549300494
      ],
      "geocent_time": [
        0.05380206902236215
      ]
    }
  }
}