{
  "injections": {
    "__dataframe__": true,
    "content": {
      "simulation_id": [
        0
      ],
      "luminosity_distance": [
        347.78259465590975
      ],
      "timeshift": [
        -1.4266067114944139
      ],
      "log10_Menv": [
        -0.4874807296113346
      ],
      "log10_Renv": [
        12.804292717515986
      ],
      "log10_Ee": [
        50.51088167917379
      ],
      "geocent_time": [
        -0.0004267182717298673
      ]
    }
  }
}