{
  "injections": {
    "__dataframe__": true,
    "content": {
      "simulation_id": [
        0
      ],
      "luminosity_distance": [
        201.83285055532903
      ],
      "timeshift": [
        -0.7588505126388154
      ],
      "supernova_mag_boost": [
        1.0322164494476285
      ],
      "geocent_time": [
        0.011582553757771688
      ]
    }
  }
}