{
  "injections": {
    "__dataframe__": true,
    "content": {
      "simulation_id": [
        0
      ],
      "luminosity_distance": [
        5.509351972543103
      ],
      "KNphi": [
        37.406899250656224
      ],
      "inclination_EM": [
        0.3369102331526502
      ],
      "timeshift": [
        -0.24696438825754363
      ],
      "log10_mej_dyn": [
        -2.6926460650851096
      ],
      "log10_mej_wind": [
        -1.4928590110416429
      ],
      "geocent_time": [
        -0.025607443588989212
      ]
    }
  }
}