{
  "injections": {
    "__dataframe__": true,
    "content": {
      "simulation_id": [
        0
      ],
      "luminosity_distance": [
        163.2393038184139
      ],
      "timeshift": [
        0.793918999382592
      ],
      "inclination_EM": [
        0.11442210493629977
      ],
      "log10_E0": [
        53.0
      ],
      "thetaCore": [
        0.05
      ],
      "thetaWing": [
        0.1
      ],
      "log10_n0": [
        -1.5318285003518197
      ],
      "p": [
        2.4691999100264312
      ],
      "log10_epsilon_e": [
        -0.492876192045824
      ],
      "log10_epsilon_B": [
        -0.8546589339881403
      ],
      "ksiN": [
        1.0
      ],
      "L0": [
        0.0
      ],
      "dL": [
        3.09e+19
      ],
      "b": [
        6.0
      ],
      "q": [
        0.0
      ],
      "ts": [
        0.0
      ],
      "geocent_time": [
        -0.0505412995765697
      ]
    }
  }
}