{
  "injections": {
    "__dataframe__": true,
    "content": {
      "simulation_id": [
        0
      ],
      "luminosity_distance": [
        159.5207667605703
      ],
      "timeshift": [
        0.2694590614457988
      ],
      "inclination_EM": [
        0.04631161025032622
      ],
      "log10_E0": [
        53.0
      ],
      "thetaCore": [
        0.05
      ],
      "thetaWing": [
        0.1
      ],
      "log10_n0": [
        -2.147167044514038
      ],
      "p": [
        2.565652982016027
      ],
      "log10_epsilon_e": [
        -1.1026528633108892
      ],
      "log10_epsilon_B": [
        -1.5334004956804201
      ],
      "ksiN": [
        1.0
      ],
      "L0": [
        0.0
      ],
      "dL": [
        3.09e+19
      ],
      "b": [
        6.0
      ],
      "q": [
        0.0
      ],
      "ts": [
        0.0
      ],
      "geocent_time": [
        -0.08021241335358831
      ]
    }
  }
}