{
  "injections": {
    "__dataframe__": true,
    "content": {
      "simulation_id": [
        0
      ],
      "luminosity_distance": [
        8.887578860452411
      ],
      "KNphi": [
        35.97701628129377
      ],
      "inclination_EM": [
        0.7739579698040063
      ],
      "timeshift": [
        0.04010486732282148
      ],
      "log10_mej_dyn": [
        -2.3086038128101105
      ],
      "log10_mej_wind": [
        -1.9287252350081303
      ],
      "geocent_time": [
        0.08248489830699438
      ]
    }
  }
}