{
  "injections": {
    "__dataframe__": true,
    "content": {
      "simulation_id": [
        0
      ],
      "luminosity_distance": [
        223.22961254513996
      ],
      "timeshift": [
        -0.10229137787817688
      ],
      "supernova_mag_boost": [
        -0.6181443855294813
      ],
      "geocent_time": [
        0.05078292369979029
      ]
    }
  }
}