{
  "injections": {
    "__dataframe__": true,
    "content": {
      "simulation_id": [
        0
      ],
      "luminosity_distance": [
        152.86036788545044
      ],
      "timeshift": [
        0.5693422274179438
      ],
      "inclination_EM": [
        0.14972513732017023
      ],
      "log10_E0": [
        53.0
      ],
      "thetaCore": [
        0.05
      ],
      "thetaWing": [
        0.1
      ],
      "log10_n0": [
        1.5277724570099531
      ],
      "p": [
        2.1303738444406566
      ],
      "log10_epsilon_e": [
        -1.4996964441812874
      ],
      "log10_epsilon_B": [
        -1.7930009171609675
      ],
      "ksiN": [
        1.0
      ],
      "L0": [
        0.0
      ],
      "dL": [
        3.09e+19
      ],
      "b": [
        6.0
      ],
      "q": [
        0.0
      ],
      "ts": [
        0.0
      ],
      "geocent_time": [
        -0.08668899078454091
      ]
    }
  }
}