{
  "injections": {
    "__dataframe__": true,
    "content": {
      "simulation_id": [
        0
      ],
      "luminosity_distance": [
        82.67679569414032
      ],
      "timeshift": [
        -0.249343843552001
      ],
      "log10_Menv": [
        -1.0648747917627244
      ],
      "log10_Renv": [
        14.06031213646503
      ],
      "log10_Ee": [
        50.40336577912211
      ],
      "geocent_time": [
        0.01909482976844505
      ]
    }
  }
}