{
  "injections": {
    "__dataframe__": true,
    "content": {
      "simulation_id": [
        0
      ],
      "luminosity_distance": [
        3.292739694468848
      ],
      "KNphi": [
        38.96999117250188
      ],
      "inclination_EM": [
        0.7807965034330722
      ],
      "timeshift": [
        -0.7776862839455965
      ],
      "log10_mej_dyn": [
        -2.6918546700875643
      ],
      "log10_mej_wind": [
        -1.8113032791038637
      ],
      "geocent_time": [
        0.03906206391913286
      ]
    }
  }
}