{
  "injections": {
    "__dataframe__": true,
    "content": {
      "simulation_id": [
        0
      ],
      "luminosity_distance": [
        4.014707788969494
      ],
      "KNphi": [
        40.899995373925606
      ],
      "inclination_EM": [
        0.4526635197856722
      ],
      "timeshift": [
        0.2043663159019986
      ],
      "log10_mej_dyn": [
        -2.292492342656139
      ],
      "log10_mej_wind": [
        -2.7047705719011073
      ],
      "geocent_time": [
        0.0591248810691436
      ]
    }
  }
}