{
  "injections": {
    "__dataframe__": true,
    "content": {
      "simulation_id": [
        0
      ],
      "luminosity_distance": [
        196.49513550038617
      ],
      "timeshift": [
        -0.30743864017585376
      ],
      "supernova_mag_boost": [
        0.8080624395165223
      ],
      "geocent_time": [
        -0.03897403249453129
      ]
    }
  }
}