{
  "injections": {
    "__dataframe__": true,
    "content": {
      "simulation_id": [
        0
      ],
      "luminosity_distance": [
        171.95899539923826
      ],
      "timeshift": [
        0.8572404668435414
      ],
      "inclination_EM": [
        0.03511977975854899
      ],
      "log10_E0": [
        53.0
      ],
      "thetaCore": [
        0.05
      ],
      "thetaWing": [
        0.1
      ],
      "log10_n0": [
        -0.5173086860713934
      ],
      "p": [
        2.43541916635089
      ],
      "log10_epsilon_e": [
        -0.10789784574666905
      ],
      "log10_epsilon_B": [
        -2.6236563436245937
      ],
      "ksiN": [
        1.0
      ],
      "L0": [
        0.0
      ],
      "dL": [
        3.09e+19
      ],
      "b": [
        6.0
      ],
      "q": [
        0.0
      ],
      "ts": [
        0.0
      ],
      "geocent_time": [
        0.061230428458675434
      ]
    }
  }
}