{
  "injections": {
    "__dataframe__": true,
    "content": {
      "simulation_id": [
        0
      ],
      "luminosity_distance": [
        419.8400503103664
      ],
      "timeshift": [
        -1.982708504269194
      ],
      "log10_Menv": [
        -0.7709317450715423
      ],
      "log10_Renv": [
        14.608441366032643
      ],
      "log10_Ee": [
        49.623703925651014
      ],
      "geocent_time": [
        0.09283730879149071
      ]
    }
  }
}