{
  "injections": {
    "__dataframe__": true,
    "content": {
      "simulation_id": [
        0
      ],
      "luminosity_distance": [
        7.467558673413269
      ],
      "KNphi": [
        36.76833584261064
      ],
      "inclination_EM": [
        0.503324637982543
      ],
      "timeshift": [
        -1.3735614965719605
      ],
      "log10_mej_dyn": [
        -2.4582361406268287
      ],
      "log10_mej_wind": [
        -1.4521209236192572
      ],
      "geocent_time": [
        0.04456746458040567
      ]
    }
  }
}