{
  "injections": {
    "__dataframe__": true,
    "content": {
      "simulation_id": [
        0
      ],
      "luminosity_distance": [
        185.63386310001445
      ],
      "timeshift": [
        0.17892680536999173
      ],
      "supernova_mag_boost": [
        3.4165910744899985
      ],
      "geocent_time": [
        0.06133320159898378
      ]
    }
  }
}