{
  "injections": {
    "__dataframe__": true,
    "content": {
      "simulation_id": [
        0
      ],
      "luminosity_distance": [
        91.47298795353609
      ],
      "timeshift": [
        -1.2954241181832746
      ],
      "log10_Menv": [
        -1.1888324617360695
      ],
      "log10_Renv": [
        14.748702319653354
      ],
      "log10_Ee": [
        49.09616703050021
      ],
      "geocent_time": [
        -0.04751304262122524
      ]
    }
  }
}