{
  "injections": {
    "__dataframe__": true,
    "content": {
      "simulation_id": [
        0
      ],
      "luminosity_distance": [
        182.54380406437605
      ],
      "timeshift": [
        0.6927018040652133
      ],
      "supernova_mag_boost": [
        3.9591683891713636
      ],
      "geocent_time": [
        0.09394823818656714
      ]
    }
  }
}