{
  "injections": {
    "__dataframe__": true,
    "content": {
      "simulation_id": [
        0
      ],
      "luminosity_distance": [
        432.9204849976429
      ],
      "timeshift": [
        -0.43001021720631183
      ],
      "log10_Menv": [
        -1.0642909237140659
      ],
      "log10_Renv": [
        14.838891900817215
      ],
      "log10_Ee": [
        49.961067703227705
      ],
      "geocent_time": [
        -0.08938104224054542
      ]
    }
  }
}