{
  "injections": {
    "__dataframe__": true,
    "content": {
      "simulation_id": [
        0
      ],
      "luminosity_distance": [
        265.67234078953237
      ],
      "timeshift": [
        -0.9081378990151163
      ],
      "log10_Menv": [
        -0.2169522946369442
      ],
      "log10_Renv": [
        12.532122847253653
      ],
      "log10_Ee": [
        51.17016064707799
      ],
      "geocent_time": [
        -0.00977094607181124
      ]
    }
  }
}