{
  "injections": {
    "__dataframe__": true,
    "content": {
      "simulation_id": [
        0
      ],
      "luminosity_distance": [
        4.156146635392748
      ],
      "KNphi": [
        16.339959137113674
      ],
      "inclination_EM": [
        0.4626538900296618
      ],
      "timeshift": [
        0.4407907240502107
      ],
      "log10_mej_dyn": [
        -1.7451344846434518
      ],
      "log10_mej_wind": [
        -2.642855540898277
      ],
      "geocent_time": [
        0.005520276059448423
      ]
    }
  }
}