{
  "injections": {
    "__dataframe__": true,
    "content": {
      "simulation_id": [
        0
      ],
      "luminosity_distance": [
        56.035470412244656
      ],
      "timeshift": [
        -1.086903995292668
      ],
      "log10_Menv": [
        -0.7682882975541334
      ],
      "log10_Renv": [
        12.626350077582554
      ],
      "log10_Ee": [
        51.38959984526129
      ],
      "geocent_time": [
        -0.06637299443144101
      ]
    }
  }
}