{
  "injections": {
    "__dataframe__": true,
    "content": {
      "simulation_id": [
        0
      ],
      "luminosity_distance": [
        219.18752982593043
      ],
      "timeshift": [
        -0.1893683387750691
      ],
      "supernova_mag_boost": [
        1.8533257985240255
      ],
      "geocent_time": [
        -0.07070565579616923
      ]
    }
  }
}