{
  "injections": {
    "__dataframe__": true,
    "content": {
      "simulation_id": [
        0
      ],
      "luminosity_distance": [
        194.76576399489898
      ],
      "timeshift": [
        -0.13276857042802526
      ],
      "log10_Menv": [
        -0.4010927936735733
      ],
      "log10_Renv": [
        13.589583130785423
      ],
      "log10_Ee": [
        49.757344039661554
      ],
      "geocent_time": [
        0.03075780286086016
      ]
    }
  }
}