{
  "injections": {
    "__dataframe__": true,
    "content": {
      "simulation_id": [
        0
      ],
      "luminosity_distance": [
        180.56292702238252
      ],
      "timeshift": [
        -1.9048639494837023
      ],
      "log10_Menv": [
        -1.312203303052752
      ],
      "log10_Renv": [
        14.167837891837014
      ],
      "log10_Ee": [
        48.219230375023294
      ],
      "geocent_time": [
        0.09640394472928701
      ]
    }
  }
}