{
  "injections": {
    "__dataframe__": true,
    "content": {
      "simulation_id": [
        0
      ],
      "luminosity_distance": [
        8.743343048214921
      ],
      "KNphi": [
        42.470476721778766
      ],
      "inclination_EM": [
        0.45957732500730436
      ],
      "timeshift": [
        0.5870287809468593
      ],
      "log10_mej_dyn": [
        -1.764121139321481
      ],
      "log10_mej_wind": [
        -0.8558837338990068
      ],
      "geocent_time": [
        0.027863396449176375
      ]
    }
  }
}