{
  "injections": {
    "__dataframe__": true,
    "content": {
      "simulation_id": [
        0
      ],
      "luminosity_distance": [
        182.95563301800246
      ],
      "timeshift": [
        0.7244416371908337
      ],
      "inclination_EM": [
        0.15390098878297384
      ],
      "log10_E0": [
        53.0
      ],
      "thetaCore": [
        0.05
      ],
      "thetaWing": [
        0.1
      ],
      "log10_n0": [
        -2.514420138085171
      ],
      "p": [
        2.9117203714267834
      ],
      "log10_epsilon_e": [
        -0.35764294780899286
      ],
      "log10_epsilon_B": [
        -0.7995305135150588
      ],
      "ksiN": [
        1.0
      ],
      "L0": [
        0.0
      ],
      "dL": [
        3.09e+19
      ],
      "b": [
        6.0
      ],
      "q": [
        0.0
      ],
      "ts": [
        0.0
      ],
      "geocent_time": [
        -0.035487041407119446
      ]
    }
  }
}