{
  "injections": {
    "__dataframe__": true,
    "content": {
      "simulation_id": [
        0
      ],
      "luminosity_distance": [
        165.15385563086193
      ],
      "timeshift": [
        0.29761579675066696
      ],
      "inclination_EM": [
        0.0978247206765714
      ],
      "log10_E0": [
        53.0
      ],
      "thetaCore": [
        0.05
      ],
      "thetaWing": [
        0.1
      ],
      "log10_n0": [
        -2.0465076578141774
      ],
      "p": [
        2.6612528022671427
      ],
      "log10_epsilon_e": [
        -1.5885270344504763
      ],
      "log10_epsilon_B": [
        -2.133264110528691
      ],
      "ksiN": [
        1.0
      ],
      "L0": [
        0.0
      ],
      "dL": [
        3.09e+19
      ],
      "b": [
        6.0
      ],
      "q": [
        0.0
      ],
      "ts": [
        0.0
      ],
      "geocent_time": [
        0.014009779238367104
      ]
    }
  }
}