{
  "injections": {
    "__dataframe__": true,
    "content": {
      "simulation_id": [
        0
      ],
      "luminosity_distance": [
        174.4140707791509
      ],
      "timeshift": [
        -0.05055932041042958
      ],
      "inclination_EM": [
        0.0756624575388221
      ],
      "log10_E0": [
        53.0
      ],
      "thetaCore": [
        0.05
      ],
      "thetaWing": [
        0.1
      ],
      "log10_n0": [
        1.6002176292143409
      ],
      "p": [
        2.365878641544625
      ],
      "log10_epsilon_e": [
        -1.2123433736002158
      ],
      "log10_epsilon_B": [
        -1.826549391420277
      ],
      "ksiN": [
        1.0
      ],
      "L0": [
        0.0
      ],
      "dL": [
        3.09e+19
      ],
      "b": [
        6.0
      ],
      "q": [
        0.0
      ],
      "ts": [
        0.0
      ],
      "geocent_time": [
        0.04329776045837744
      ]
    }
  }
}