{
  "injections": {
    "__dataframe__": true,
    "content": {
      "simulation_id": [
        0
      ],
      "luminosity_distance": [
        164.22169529257755
      ],
      "timeshift": [
        0.006248107972216171
      ],
      "inclination_EM": [
        0.1676698871394984
      ],
      "log10_E0": [
        53.0
      ],
      "thetaCore": [
        0.05
      ],
      "thetaWing": [
        0.1
      ],
      "log10_n0": [
        0.13988560599351896
      ],
      "p": [
        2.286530060304309
      ],
      "log10_epsilon_e": [
        -0.8298771900113842
      ],
      "log10_epsilon_B": [
        -2.426095736361365
      ],
      "ksiN": [
        1.0
      ],
      "L0": [
        0.0
      ],
      "dL": [
        3.09e+19
      ],
      "b": [
        6.0
      ],
      "q": [
        0.0
      ],
      "ts": [
        0.0
      ],
      "geocent_time": [
        0.027305748337486002
      ]
    }
  }
}