{
  "injections": {
    "__dataframe__": true,
    "content": {
      "simulation_id": [
        0
      ],
      "luminosity_distance": [
        159.64231868538968
      ],
      "timeshift": [
        0.9617501620608088
      ],
      "inclination_EM": [
        0.09871906832214028
      ],
      "log10_E0": [
        53.0
      ],
      "thetaCore": [
        0.05
      ],
      "thetaWing": [
        0.1
      ],
      "log10_n0": [
        -0.5950169829935561
      ],
      "p": [
        2.6925513443592974
      ],
      "log10_epsilon_e": [
        -0.7488140267281742
      ],
      "log10_epsilon_B": [
        -1.2830989221219675
      ],
      "ksiN": [
        1.0
      ],
      "L0": [
        0.0
      ],
      "dL": [
        3.09e+19
      ],
      "b": [
        6.0
      ],
      "q": [
        0.0
      ],
      "ts": [
        0.0
      ],
      "geocent_time": [
        -0.030172375578425337
      ]
    }
  }
}