{
  "injections": {
    "__dataframe__": true,
    "content": {
      "simulation_id": [
        0
      ],
      "luminosity_distance": [
        805.4067823431692
      ],
      "timeshift": [
        -0.9571576185473119
      ],
      "log10_Menv": [
        -0.06625911807306473
      ],
      "log10_Renv": [
        13.766964160331232
      ],
      "log10_Ee": [
        51.6142220549589
      ],
      "geocent_time": [
        0.07094579991197911
      ]
    }
  }
}