{
  "injections": {
    "__dataframe__": true,
    "content": {
      "simulation_id": [
        0
      ],
      "luminosity_distance": [
        152.64839601593903
      ],
      "timeshift": [
        0.011468785883287341
      ],
      "inclination_EM": [
        0.16544139850485862
      ],
      "log10_E0": [
        53.0
      ],
      "thetaCore": [
        0.05
      ],
      "thetaWing": [
        0.1
      ],
      "log10_n0": [
        0.29587232246412487
      ],
      "p": [
        2.4991793177746913
      ],
      "log10_epsilon_e": [
        -1.8065645606549245
      ],
      "log10_epsilon_B": [
        -2.730295836605839
      ],
      "ksiN": [
        1.0
      ],
      "L0": [
        0.0
      ],
      "dL": [
        3.09e+19
      ],
      "b": [
        6.0
      ],
      "q": [
        0.0
      ],
      "ts": [
        0.0
      ],
      "geocent_time": [
        0.07136475844335363
      ]
    }
  }
}