{
  "injections": {
    "__dataframe__": true,
    "content": {
      "simulation_id": [
        0
      ],
      "luminosity_distance": [
        155.44817272816852
      ],
      "timeshift": [
        -0.4101462561907656
      ],
      "supernova_mag_boost": [
        0.9343772080811661
      ],
      "geocent_time": [
        0.044226292888257135
      ]
    }
  }
}