{
  "injections": {
    "__dataframe__": true,
    "content": {
      "simulation_id": [
        0
      ],
      "luminosity_distance": [
        178.2951407429867
      ],
      "timeshift": [
        0.8259166404665765
      ],
      "inclination_EM": [
        0.11054777547476648
      ],
      "log10_E0": [
        53.0
      ],
      "thetaCore": [
        0.05
      ],
      "thetaWing": [
        0.1
      ],
      "log10_n0": [
        -1.3667643851937752
      ],
      "p": [
        2.2531548137969613
      ],
      "log10_epsilon_e": [
        -1.4293263973098425
      ],
      "log10_epsilon_B": [
        -1.0253973072904432
      ],
      "ksiN": [
        1.0
      ],
      "L0": [
        0.0
      ],
      "dL": [
        3.09e+19
      ],
      "b": [
        6.0
      ],
      "q": [
        0.0
      ],
      "ts": [
        0.0
      ],
      "geocent_time": [
        -0.022940202552834354
      ]
    }
  }
}