{
  "injections": {
    "__dataframe__": true,
    "content": {
      "simulation_id": [
        0
      ],
      "luminosity_distance": [
        653.6296960969056
      ],
      "timeshift": [
        -0.9417787575070222
      ],
      "log10_Menv": [
        -0.5680492143043843
      ],
      "log10_Renv": [
        13.775123890587828
      ],
      "log10_Ee": [
        50.846122943459775
      ],
      "geocent_time": [
        0.06512045810622819
      ]
    }
  }
}