{
  "injections": {
    "__dataframe__": true,
    "content": {
      "simulation_id": [
        0
      ],
      "luminosity_distance": [
        5.149091027329679
      ],
      "KNphi": [
        41.92423649216159
      ],
      "inclination_EM": [
        0.656150456992821
      ],
      "timeshift": [
        -0.3379887772912822
      ],
      "log10_mej_dyn": [
        -1.0124194976080205
      ],
      "log10_mej_wind": [
        -1.9119998656156163
      ],
      "geocent_time": [
        -0.03688138673907755
      ]
    }
  }
}