{
  "injections": {
    "__dataframe__": true,
    "content": {
      "simulation_id": [
        0
      ],
      "luminosity_distance": [
        154.70036171091454
      ],
      "timeshift": [
        0.5434760730189186
      ],
      "inclination_EM": [
        0.08907410980344309
      ],
      "log10_E0": [
        53.0
      ],
      "thetaCore": [
        0.05
      ],
      "thetaWing": [
        0.1
      ],
      "log10_n0": [
        0.7214407769718374
      ],
      "p": [
        2.8080160895449193
      ],
      "log10_epsilon_e": [
        -1.0771222961199474
      ],
      "log10_epsilon_B": [
        -0.9683038247937357
      ],
      "ksiN": [
        1.0
      ],
      "L0": [
        0.0
      ],
      "dL": [
        3.09e+19
      ],
      "b": [
        6.0
      ],
      "q": [
        0.0
      ],
      "ts": [
        0.0
      ],
      "geocent_time": [
        0.098151630114124
      ]
    }
  }
}