{
  "injections": {
    "__dataframe__": true,
    "content": {
      "simulation_id": [
        0
      ],
      "luminosity_distance": [
        150.83438887846862
      ],
      "timeshift": [
        0.12056701936797798
      ],
      "supernova_mag_boost": [
        0.2996893307429094
      ],
      "geocent_time": [
        0.08682461873045763
      ]
    }
  }
}