{
  "injections": {
    "__dataframe__": true,
    "content": {
      "simulation_id": [
        0
      ],
      "luminosity_distance": [
        173.11930497240078
      ],
      "timeshift": [
        0.7976189652067535
      ],
      "inclination_EM": [
        0.03237161533907256
      ],
      "log10_E0": [
        53.0
      ],
      "thetaCore": [
        0.05
      ],
      "thetaWing": [
        0.1
      ],
      "log10_n0": [
        1.2688243970209108
      ],
      "p": [
        2.655452483318575
      ],
      "log10_epsilon_e": [
        -0.2875003712723201
      ],
      "log10_epsilon_B": [
        -1.8651606656116844
      ],
      "ksiN": [
        1.0
      ],
      "L0": [
        0.0
      ],
      "dL": [
        3.09e+19
      ],
      "b": [
        6.0
      ],
      "q": [
        0.0
      ],
      "ts": [
        0.0
      ],
      "geocent_time": [
        0.04713081353568166
      ]
    }
  }
}