{
  "injections": {
    "__dataframe__": true,
    "content": {
      "simulation_id": [
        0
      ],
      "luminosity_distance": [
        2.2594160226939928
      ],
      "KNphi": [
        25.549149683699987
      ],
      "inclination_EM": [
        0.23760500211085456
      ],
      "timeshift": [
        -0.28951640295805503
      ],
      "log10_mej_dyn": [
        -2.532353257441797
      ],
      "log10_mej_wind": [
        -2.3565859054389655
      ],
      "geocent_time": [
        0.03793891828501833
      ]
    }
  }
}