{
  "injections": {
    "__dataframe__": true,
    "content": {
      "simulation_id": [
        0
      ],
      "luminosity_distance": [
        184.40481139914618
      ],
      "timeshift": [
        0.9178131787945402
      ],
      "inclination_EM": [
        0.1616245170084308
      ],
      "log10_E0": [
        53.0
      ],
      "thetaCore": [
        0.05
      ],
      "thetaWing": [
        0.1
      ],
      "log10_n0": [
        -0.887399174330652
      ],
      "p": [
        2.2998142352493094
      ],
      "log10_epsilon_e": [
        -1.0528778651295827
      ],
      "log10_epsilon_B": [
        -0.5123269901866028
      ],
      "ksiN": [
        1.0
      ],
      "L0": [
        0.0
      ],
      "dL": [
        3.09e+19
      ],
      "b": [
        6.0
      ],
      "q": [
        0.0
      ],
      "ts": [
        0.0
      ],
      "geocent_time": [
        0.04671147639360845
      ]
    }
  }
}