{
  "injections": {
    "__dataframe__": true,
    "content": {
      "simulation_id": [
        0
      ],
      "luminosity_distance": [
        155.78188040979106
      ],
      "timeshift": [
        0.9948683168027503
      ],
      "supernova_mag_boost": [
        -2.617217337162784
      ],
      "geocent_time": [
        -0.09257738773656701
      ]
    }
  }
}