{
  "injections": {
    "__dataframe__": true,
    "content": {
      "simulation_id": [
        0
      ],
      "luminosity_distance": [
        171.43263117279352
      ],
      "timeshift": [
        0.257648004133641
      ],
      "inclination_EM": [
        0.1763373170863068
      ],
      "log10_E0": [
        53.0
      ],
      "thetaCore": [
        0.05
      ],
      "thetaWing": [
        0.1
      ],
      "log10_n0": [
        2.9849807739225014
      ],
      "p": [
        2.710492527771443
      ],
      "log10_epsilon_e": [
        -0.440810028625199
      ],
      "log10_epsilon_B": [
        -0.028962171749170817
      ],
      "ksiN": [
        1.0
      ],
      "L0": [
        0.0
      ],
      "dL": [
        3.09e+19
      ],
      "b": [
        6.0
      ],
      "q": [
        0.0
      ],
      "ts": [
        0.0
      ],
      "geocent_time": [
        0.015803664423358205
      ]
    }
  }
}