{
  "injections": {
    "__dataframe__": true,
    "content": {
      "simulation_id": [
        0
      ],
      "luminosity_distance": [
        559.1614289889224
      ],
      "timeshift": [
        -0.46240356010504935
      ],
      "log10_Menv": [
        -0.48746986099977185
      ],
      "log10_Renv": [
        14.962936730356663
      ],
      "log10_Ee": [
        50.93624095233181
      ],
      "geocent_time": [
        -0.08314240825324573
      ]
    }
  }
}