{
  "injections": {
    "__dataframe__": true,
    "content": {
      "simulation_id": [
        0
      ],
      "luminosity_distance": [
        9.206569595882106
      ],
      "KNphi": [
        40.38695043787139
      ],
      "inclination_EM": [
        0.37807910489669105
      ],
      "timeshift": [
        -0.27692417336896913
      ],
      "log10_mej_dyn": [
        -2.6925230217633986
      ],
      "log10_mej_wind": [
        -2.963336515809317
      ],
      "geocent_time": [
        -0.014179339950297853
      ]
    }
  }
}