{
  "injections": {
    "__dataframe__": true,
    "content": {
      "simulation_id": [
        0
      ],
      "luminosity_distance": [
        184.72913709021836
      ],
      "timeshift": [
        0.7833431868901889
      ],
      "inclination_EM": [
        0.1873894512945628
      ],
      "log10_E0": [
        53.0
      ],
      "thetaCore": [
        0.05
      ],
      "thetaWing": [
        0.1
      ],
      "log10_n0": [
        0.58320791591979
      ],
      "p": [
        2.5268716738406334
      ],
      "log10_epsilon_e": [
        -0.22718728599385862
      ],
      "log10_epsilon_B": [
        -2.647489483398781
      ],
      "ksiN": [
        1.0
      ],
      "L0": [
        0.0
      ],
      "dL": [
        3.09e+19
      ],
      "b": [
        6.0
      ],
      "q": [
        0.0
      ],
      "ts": [
        0.0
      ],
      "geocent_time": [
        -0.00043645963990117387
      ]
    }
  }
}