{
    "luminosity_distance": 184.4186872094475,
    "KNtimeshift": -0.0400441708493297,
    "supernova_mag_boost": 0.0801302986022971,
    "Ebv": 0.1453388482312889,
    "log_likelihood": -34.96819412333765,
    "log_prior": -6.355066807365034,
    "Best fit index": 2869,
    "Magnitudes": {
        "ztfg": [
            21.137314823065537,
            19.191936697265827,
            18.565079593219398,
            18.346585886041613,
            18.164781392709376,
            18.009097994274047,
            17.872964063681057,
            17.752013106257284,
            17.64319568671215,
            17.54429780559561,
            17.453661101911155,
            17.370011193356415,
            17.29234758072067,
            17.21987038533113,
            17.151930055218376,
            17.09139366228027,
            17.035917892202104,
            16.983139401165,
            16.93280801775371,
            16.8847068383841,
            16.838646578210433,
            16.794461072427328,
            16.752003657810658,
            16.71114423557891,
            16.671766867202248,
            16.63956118729087,
            16.627273196488904,
            16.615122722049907,
            16.60310672008313,
            16.59122224665622,
            16.57946645346585,
            16.56783658374022,
            16.556329968358728,
            16.54494402217507,
            16.533676240531197,
            16.522524195950258,
            16.542176656719814,
            16.568855634101748,
            16.596206723865546
        ],
        "bestfit_sample_times": [
            0.1,
            0.6,
            1.1,
            1.6,
            2.1,
            2.6,
            3.1,
            3.6,
            4.1,
            4.6,
            5.1,
            5.6,
            6.1,
            6.6,
            7.1,
            7.6,
            8.1,
            8.6,
            9.1,
            9.6,
            10.1,
            10.6,
            11.1,
            11.6,
            12.1,
            12.6,
            13.1,
            13.6,
            14.1,
            14.6,
            15.1,
            15.6,
            16.1,
            16.6,
            17.1,
            17.6,
            18.1,
            18.6,
            19.1
        ]
    }
}