{
    "luminosity_distance": 197.555538667751,
    "KNtimeshift": -0.0353609498013379,
    "supernova_mag_boost": -0.1156913903325209,
    "Ebv": 0.4288887446860888,
    "log_likelihood": -5.544424638001969,
    "log_prior": -7.445580556545656,
    "Best fit index": 2633,
    "Magnitudes": {
        "ztfg": [
            21.091954480585347,
            19.14657635478536,
            18.51823647614495,
            18.300012914830532,
            18.118395304778353,
            17.96284888095004,
            17.826819653921618
        ],
        "bestfit_sample_times": [
            0.1,
            0.6,
            1.1,
            1.6,
            2.1,
            2.6,
            3.1
        ]
    }
}