{
    "luminosity_distance": 161.79515271955285,
    "KNtimeshift": -0.0445316196519887,
    "supernova_mag_boost": 0.3988702320291013,
    "Ebv": 0.4916129646712282,
    "log_likelihood": -27.6157885850894,
    "log_prior": -8.020177524111691,
    "Best fit index": 2578,
    "Magnitudes": {
        "ztfg": [
            21.13894540395317,
            19.193567278149413,
            18.569282038854805,
            18.350319147538453,
            18.168190265796365,
            18.012269206447055,
            17.875953662835446,
            17.75485940480164,
            17.645926030428132,
            17.546932394550876,
            17.456215280635664,
            17.37249689158679,
            17.29477425667181,
            17.222245664306055,
            17.154260174472537,
            17.095464228023094,
            17.041784288681246,
            16.990633775399775,
            16.94178500101877,
            16.895039701850724,
            16.85022417658963,
            16.807185389411554,
            16.765787816501263,
            16.725910872049997,
            16.68744679046328,
            16.65902361300566,
            16.647544679609187,
            16.636185838534775,
            16.624944602971045,
            16.613818562559157,
            16.602805380290757
        ],
        "bestfit_sample_times": [
            0.1,
            0.6,
            1.1,
            1.6,
            2.1,
            2.6,
            3.1,
            3.6,
            4.1,
            4.6,
            5.1,
            5.6,
            6.1,
            6.6,
            7.1,
            7.6,
            8.1,
            8.6,
            9.1,
            9.6,
            10.1,
            10.6,
            11.1,
            11.6,
            12.1,
            12.6,
            13.1,
            13.6,
            14.1,
            14.6,
            15.1
        ]
    }
}