{
    "luminosity_distance": 193.553625516236,
    "KNtimeshift": -0.0461000640163521,
    "supernova_mag_boost": -0.018888047428204,
    "Ebv": 0.4560611958034413,
    "log_likelihood": -31.291696284563557,
    "log_prior": -7.655487363006668,
    "Best fit index": 2509,
    "Magnitudes": {
        "ztfg": [
            21.140888287105906,
            19.195510161305545,
            18.56762116458025,
            18.34931547155571,
            18.167641035566515,
            18.01205295729859,
            17.875991887097175,
            17.755098431761834,
            17.64632754907657,
            17.54746810305419,
            17.456863678978213,
            17.373241263640995,
            17.295601348934458,
            17.223144791323175,
            17.1552225956311,
            17.09414231200098,
            17.038061424670868,
            16.984735530439448,
            16.933906576803427,
            16.885351151554826,
            16.83887454738849,
            16.794306045701912,
            16.751495130886983,
            16.710308423151258,
            16.67062717218374,
            16.636964488927386,
            16.62441116017894,
            16.612001316161514,
            16.599731713842953,
            16.5875992189118,
            16.575600800971205,
            16.563733528995538,
            16.551994567032605,
            16.54038117013575,
            16.528890680511207
        ],
        "bestfit_sample_times": [
            0.1,
            0.6,
            1.1,
            1.6,
            2.1,
            2.6,
            3.1,
            3.6,
            4.1,
            4.6,
            5.1,
            5.6,
            6.1,
            6.6,
            7.1,
            7.6,
            8.1,
            8.6,
            9.1,
            9.6,
            10.1,
            10.6,
            11.1,
            11.6,
            12.1,
            12.6,
            13.1,
            13.6,
            14.1,
            14.6,
            15.1,
            15.6,
            16.1,
            16.6,
            17.1
        ]
    }
}