{
    "luminosity_distance": 175.7864127291943,
    "KNtimeshift": -0.0405587523370621,
    "supernova_mag_boost": 0.1897057182653334,
    "Ebv": 0.2251108913735378,
    "log_likelihood": -23.937720105129006,
    "log_prior": -6.561836423785641,
    "log_bayes_factor": -27.512731131670925,
    "Best fit index": 2267,
    "Magnitudes": {
        "ztfg": [
            21.131340803247724,
            19.18596267744662,
            18.56008413614396,
            18.341411963902953,
            18.15948405397754,
            18.003710220732938,
            17.867507174428095,
            17.746501676631926,
            17.63764012128578,
            17.538705790904192,
            17.44803847734659,
            17.364362499120926,
            17.28667641662175,
            17.214179653716013,
            17.146222130220178,
            17.087903973344407,
            17.03532492483082,
            16.985174946723323,
            16.937239476461254,
            16.89133118190453,
            16.84728553994511,
            16.80495727759499,
            16.764217481217774,
            16.724951228811985,
            16.68705563573298,
            16.65734789485869,
            16.64639095085641
        ],
        "bestfit_sample_times": [
            0.1,
            0.6,
            1.1,
            1.6,
            2.1,
            2.6,
            3.1,
            3.6,
            4.1,
            4.6,
            5.1,
            5.6,
            6.1,
            6.6,
            7.1,
            7.6,
            8.1,
            8.6,
            9.1,
            9.6,
            10.1,
            10.6,
            11.1,
            11.6,
            12.1,
            12.6,
            13.1
        ]
    }
}