{
    "luminosity_distance": 168.55463913380424,
    "KNtimeshift": 0.0642810333400141,
    "supernova_mag_boost": 1.209318897642344,
    "Ebv": 0.547017829164312,
    "log_likelihood": -30.08999408772486,
    "log_prior": -9.177947030963294,
    "Best fit index": 2550,
    "Magnitudes": {
        "ztfg": [
            22.044382899696757,
            20.099004773893665,
            19.47394864813911,
            19.255126422064865,
            19.073094769736702,
            18.91724493193095,
            18.780983806230655,
            18.659932481807953,
            18.551033845201577,
            18.452068893592863,
            18.361375865974477,
            18.277677988771845,
            18.199973031972927,
            18.127459833274767,
            18.05948786859638,
            18.00221364130063,
            17.950792002124313,
            17.901696016843037,
            17.85472439124167,
            17.80970088477645,
            17.766470317997165,
            17.724895344917012,
            17.684853820931675,
            17.646236639101193,
            17.60894593821143,
            17.58074189616463,
            17.570330715722445,
            17.560018421155025,
            17.549803151677086,
            17.539683098537157,
            17.52965650309542,
            17.5197216549895,
            17.509876890383435,
            17.5001205902953,
            17.490451178999297,
            17.480867122498413,
            17.504192753097517,
            17.53013711414113,
            17.556716640940135
        ],
        "bestfit_sample_times": [
            0.1,
            0.6,
            1.1,
            1.6,
            2.1,
            2.6,
            3.1,
            3.6,
            4.1,
            4.6,
            5.1,
            5.6,
            6.1,
            6.6,
            7.1,
            7.6,
            8.1,
            8.6,
            9.1,
            9.6,
            10.1,
            10.6,
            11.1,
            11.6,
            12.1,
            12.6,
            13.1,
            13.6,
            14.1,
            14.6,
            15.1,
            15.6,
            16.1,
            16.6,
            17.1,
            17.6,
            18.1,
            18.6,
            19.1
        ]
    }
}