{
    "luminosity_distance": 160.27084629470806,
    "KNtimeshift": 0.5064755332919972,
    "supernova_mag_boost": 0.2778571555800653,
    "Ebv": 0.206447038229052,
    "log_likelihood": -9.601170306463631,
    "log_prior": -6.509489217522324,
    "log_bayes_factor": -13.021936486735434,
    "Best fit index": 2576,
    "Magnitudes": {
        "ztfg": [
            20.996477416663176,
            19.05109929085934,
            18.426988181625703,
            18.207993497800715,
            18.02584264366677,
            17.869905490845554,
            17.733577651642413,
            17.61247369339926,
            17.50353247088931,
            17.404532354745427,
            17.313809799486123
        ],
        "bestfit_sample_times": [
            0.1,
            0.6,
            1.1,
            1.6,
            2.1,
            2.6,
            3.1,
            3.6,
            4.1,
            4.6,
            5.1
        ]
    }
}