{
    "luminosity_distance": 222.49043496924983,
    "KNtimeshift": 0.2846016720953044,
    "supernova_mag_boost": -0.0389512521324872,
    "Ebv": 0.2565073225508402,
    "log_likelihood": -15.19371752175685,
    "log_prior": -6.656591495338104,
    "Best fit index": 3322,
    "Magnitudes": {
        "ztfg": [
            21.45746655394835,
            19.512088428152094,
            18.880955115800827,
            18.663239722268752,
            18.481973869133345,
            18.326685373589928,
            18.19085337055157,
            18.070140742103366,
            17.961516233003575,
            17.86277769748664,
            17.77227483347861,
            17.688738928848377,
            17.611173589808867,
            17.53878198329046,
            17.470916864365616
        ],
        "bestfit_sample_times": [
            0.1,
            0.6,
            1.1,
            1.6,
            2.1,
            2.6,
            3.1,
            3.6,
            4.1,
            4.6,
            5.1,
            5.6,
            6.1,
            6.6,
            7.1
        ]
    }
}