{
    "luminosity_distance": 167.85122793378628,
    "KNtimeshift": 0.0112467838305181,
    "supernova_mag_boost": 3.912307191069761,
    "Ebv": 0.3940787763067021,
    "log_likelihood": -31.05476928214791,
    "log_prior": -7.228407471514094,
    "Best fit index": 2301,
    "Magnitudes": {
        "ztfg": [
            24.73735042529229,
            22.79197229948908,
            22.16699629615857,
            21.948159453015936,
            21.76611769621209,
            21.61026045625967,
            21.4739936745426,
            21.352937887563836,
            21.244035640168672,
            21.14506770691909,
            21.05437217555023,
            20.970672166119055,
            20.892965371631934,
            20.82045057269836,
            20.752477202007388,
            20.69510011859077,
            20.643511498388907,
            20.594263319560415,
            20.5471524068582,
            20.502000944763513,
            20.458652425094076,
            20.416968373059998,
            20.37682567894286,
            20.33811440574473,
            20.300735974423812,
            20.272541134802434,
            20.26205002402943,
            20.251659316013903,
            20.241367107196144,
            20.231171547643545,
            20.221070839054928,
            20.21106323285689,
            20.201147028387073,
            20.19132057115959,
            20.181582251208358
        ],
        "bestfit_sample_times": [
            0.1,
            0.6,
            1.1,
            1.6,
            2.1,
            2.6,
            3.1,
            3.6,
            4.1,
            4.6,
            5.1,
            5.6,
            6.1,
            6.6,
            7.1,
            7.6,
            8.1,
            8.6,
            9.1,
            9.6,
            10.1,
            10.6,
            11.1,
            11.6,
            12.1,
            12.6,
            13.1,
            13.6,
            14.1,
            14.6,
            15.1,
            15.6,
            16.1,
            16.6,
            17.1
        ]
    }
}