{
    "luminosity_distance": 189.00942337679717,
    "KNtimeshift": 0.1433098146475024,
    "supernova_mag_boost": 3.539183857181868,
    "Ebv": 0.1340260277964846,
    "log_likelihood": -12.358082615506792,
    "log_prior": -6.328921659015204,
    "log_bayes_factor": -15.19580048553961,
    "Best fit index": 2113,
    "Magnitudes": {
        "ztfg": [
            24.647781797143494,
            22.70240367134334,
            22.07502752375344,
            21.856628398428093,
            21.674889326601686,
            21.51925387368854,
            21.383156590062782,
            21.26223455389824,
            21.1534405399819,
            21.054561989349878,
            20.96394152005707,
            20.880305438483973,
            20.80265374395102,
            20.73018692755553,
            20.66225571738638
        ],
        "bestfit_sample_times": [
            0.1,
            0.6,
            1.1,
            1.6,
            2.1,
            2.6,
            3.1,
            3.6,
            4.1,
            4.6,
            5.1,
            5.6,
            6.1,
            6.6,
            7.1
        ]
    }
}