{
    "luminosity_distance": 173.13524218306475,
    "KNtimeshift": 0.0247114042410274,
    "supernova_mag_boost": 3.8319115656542495,
    "Ebv": 0.5583385788007289,
    "log_likelihood": -34.77686351618224,
    "log_prior": -9.768559060609396,
    "Best fit index": 2594,
    "Magnitudes": {
        "ztfg": [
            24.73405812790602,
            22.788680002104055,
            22.163102679154303,
            21.944375545109825,
            21.762409633543538,
            21.60660795778259,
            21.470383634599546,
            21.349361348110794,
            21.24048620762895,
            21.14154065859565,
            21.05086392406241,
            20.967179922498996,
            20.889486924759733,
            20.81698413998176,
            20.749021325366545,
            20.691487867159065,
            20.63989687544891,
            20.590646535449967,
            20.543533645119954,
            20.498380366510847,
            20.4550301725226,
            20.413344572297714,
            20.37320044238309,
            20.33448783397044,
            20.297108157806324,
            20.26822650338146,
            20.257736031401866,
            20.247345950011674,
            20.237054355995586,
            20.226859399752495,
            20.216759283300473,
            20.206752258373644,
            20.196836624605982,
            20.187010727797283,
            20.177272958256903,
            20.167621749221137,
            20.189815316860038,
            20.21578979428487,
            20.242400931097738
        ],
        "bestfit_sample_times": [
            0.1,
            0.6,
            1.1,
            1.6,
            2.1,
            2.6,
            3.1,
            3.6,
            4.1,
            4.6,
            5.1,
            5.6,
            6.1,
            6.6,
            7.1,
            7.6,
            8.1,
            8.6,
            9.1,
            9.6,
            10.1,
            10.6,
            11.1,
            11.6,
            12.1,
            12.6,
            13.1,
            13.6,
            14.1,
            14.6,
            15.1,
            15.6,
            16.1,
            16.6,
            17.1,
            17.6,
            18.1,
            18.6,
            19.1
        ]
    }
}