{
    "luminosity_distance": 170.29045029461005,
    "KNtimeshift": -0.0012315242778729,
    "supernova_mag_boost": 3.879530712300376,
    "Ebv": 0.4731790053195308,
    "log_likelihood": -23.615133862604985,
    "log_prior": -7.814644391090468,
    "Best fit index": 2504,
    "Magnitudes": {
        "ztfg": [
            24.739622129019224,
            22.794244003216473,
            22.16899025654615,
            21.95020408384396,
            21.768197355446464,
            21.61236577645514,
            21.476118602695866,
            21.355078286430892,
            21.246188556971976,
            21.14723096059669,
            21.056544109386262,
            20.972851492137064,
            20.895151068724406,
            20.822641817662767,
            20.754673321507372,
            20.69750821452833,
            20.646306005674003,
            20.597410086485237,
            20.550621617702053,
            20.50576641558254,
            20.4626910368972,
            20.421259611415234,
            20.381351256901016,
            20.342857952618996,
            20.305682777088986,
            20.27736158381234,
            20.267055888794527
        ],
        "bestfit_sample_times": [
            0.1,
            0.6,
            1.1,
            1.6,
            2.1,
            2.6,
            3.1,
            3.6,
            4.1,
            4.6,
            5.1,
            5.6,
            6.1,
            6.6,
            7.1,
            7.6,
            8.1,
            8.6,
            9.1,
            9.6,
            10.1,
            10.6,
            11.1,
            11.6,
            12.1,
            12.6,
            13.1
        ]
    }
}