{
    "luminosity_distance": 172.11470754615914,
    "KNtimeshift": 0.0856774529377577,
    "supernova_mag_boost": 3.804657652366778,
    "Ebv": 0.4150670031254398,
    "log_likelihood": -16.104669602950565,
    "log_prior": -7.353629464506803,
    "log_bayes_factor": -19.067525702175793,
    "Best fit index": 2715,
    "Magnitudes": {
        "ztfg": [
            24.691602699212716,
            22.746224573410444,
            22.12076328665836,
            21.902014980181555,
            21.720034430459208,
            21.564222030267096,
            21.427989511874145,
            21.30696075904583,
            21.198080386209078,
            21.099130516347465,
            21.00845015340297,
            20.924763061751413,
            20.84706740071934,
            20.774562296733855,
            20.706597444361158,
            20.64926991284088,
            20.597920998072475,
            20.54889131087082,
            20.501980372777048
        ],
        "bestfit_sample_times": [
            0.1,
            0.6,
            1.1,
            1.6,
            2.1,
            2.6,
            3.1,
            3.6,
            4.1,
            4.6,
            5.1,
            5.6,
            6.1,
            6.6,
            7.1,
            7.6,
            8.1,
            8.6,
            9.1
        ]
    }
}