{
  "injections": {
    "__dataframe__": true,
    "content": {
      "simulation_id": [
        0
      ],
      "luminosity_distance": [
        197.71746261105906
      ],
      "KNtimeshift": [
        -0.5176465217868436
      ],
      "supernova_mag_boost": [
        -4.590403284159601
      ],
      "geocent_time": [
        -0.07783369061912802
      ]
    }
  }
}