{
    "luminosity_distance": 439.1518930471743,
    "timeshift": -0.4809507269999824,
    "log10_Menv": -0.2831454374859943,
    "log10_Renv": 13.724753374669977,
    "log10_Ee": 50.05736843921645,
    "Ebv": 0.0,
    "log_likelihood": -29.97245252457224,
    "log_prior": -12.42921619684438,
    "log_bayes_factor": -36.40197989845488,
    "log_bayes_factor_err": 0.07197590188052158,
    "Best fit index": 3538,
    "Magnitudes": {
        "ztfg": [
            25.319980548876906,
            23.534158808565074,
            23.002051808785673,
            22.70383954990306,
            22.506450477449448,
            22.364899316804603,
            22.25859049715899,
            22.176412942537567,
            22.11170904564029,
            22.060185601306138,
            22.018919069029074,
            21.985832981693214,
            21.959402179531395,
            21.938475329448963,
            21.922163264180085,
            21.909765930975887,
            21.90072300244106,
            21.894579535291925,
            22.14622904073618,
            22.149506442616847,
            22.16088365386456,
            22.180235536149056,
            22.207506233322114,
            22.242701250871164,
            22.2858816279196,
            22.337159717712765,
            22.396696227300197,
            22.464698261448184,
            22.54141818297809,
            22.627153150384352,
            22.722245229493822,
            22.82708200298105,
            22.942097622436044,
            23.06777426427208,
            23.204643964393696,
            23.35329081817104,
            23.514353542562517,
            23.6885284066607,
            23.876572545812614,
            24.079307682956717,
            24.29762428898703,
            24.532486221776672,
            24.784935890879737
        ],
        "bestfit_sample_times": [
            -0.38095072699998245,
            0.11904927300001755,
            0.6190492730000177,
            1.1190492730000177,
            1.6190492730000177,
            2.1190492730000177,
            2.6190492730000177,
            3.1190492730000177,
            3.619049273000017,
            4.119049273000018,
            4.619049273000018,
            5.119049273000018,
            5.619049273000018,
            6.119049273000018,
            6.619049273000018,
            7.119049273000018,
            7.619049273000018,
            8.119049273000018,
            8.619049273000018,
            9.119049273000018,
            9.619049273000018,
            10.119049273000018,
            10.619049273000018,
            11.119049273000018,
            11.619049273000018,
            12.119049273000018,
            12.619049273000018,
            13.119049273000018,
            13.619049273000018,
            14.119049273000018,
            14.619049273000018,
            15.119049273000018,
            15.61904927300002,
            16.11904927300002,
            16.61904927300002,
            17.11904927300002,
            17.61904927300002,
            18.11904927300002,
            18.61904927300002,
            19.11904927300002,
            19.61904927300002,
            20.11904927300002,
            20.61904927300002
        ]
    },
    "chi2_per_dof": 0.047978798273102384,
    "chi2_per_dof_per_filt": {
        "ztfg": 0.047978798273102384
    }
}