{
  "injections": {
    "__dataframe__": true,
    "content": {
      "simulation_id": [
        0
      ],
      "luminosity_distance": [
        307.6860090592543
      ],
      "timeshift": [
        -0.11992211126517716
      ],
      "log10_Menv": [
        -0.3890590253148183
      ],
      "log10_Renv": [
        10.009553114874311
      ],
      "log10_Ee": [
        51.17689026030144
      ],
      "geocent_time": [
        -0.048002496915571506
      ]
    }
  }
}