{
  "injections": {
    "__dataframe__": true,
    "content": {
      "simulation_id": [
        0
      ],
      "luminosity_distance": [
        963.4391971544885
      ],
      "timeshift": [
        -0.27104644914806353
      ],
      "log10_Menv": [
        -1.3524777068613325
      ],
      "log10_Renv": [
        14.865458163592333
      ],
      "log10_Ee": [
        51.55902261795683
      ],
      "geocent_time": [
        0.02968381132736389
      ]
    }
  }
}