{
  "injections": {
    "__dataframe__": true,
    "content": {
      "simulation_id": [
        0
      ],
      "luminosity_distance": [
        461.2821795333897
      ],
      "timeshift": [
        -1.8421377474654206
      ],
      "log10_Menv": [
        -1.9895782560424093
      ],
      "log10_Renv": [
        13.241030247095715
      ],
      "log10_Ee": [
        51.781740536969
      ],
      "geocent_time": [
        -0.0011997865362644716
      ]
    }
  }
}