{
  "injections": {
    "__dataframe__": true,
    "content": {
      "simulation_id": [
        0
      ],
      "luminosity_distance": [
        736.9127733971144
      ],
      "timeshift": [
        -0.30029521404533055
      ],
      "log10_Menv": [
        -3.365258109323512
      ],
      "log10_Renv": [
        13.932119967991934
      ],
      "log10_Ee": [
        51.85765382225203
      ],
      "geocent_time": [
        -0.008336102772057125
      ]
    }
  }
}