{
  "injections": {
    "__dataframe__": true,
    "content": {
      "simulation_id": [
        0
      ],
      "luminosity_distance": [
        339.10243304667387
      ],
      "timeshift": [
        -0.9024136568366217
      ],
      "log10_Menv": [
        -0.07804483957795405
      ],
      "log10_Renv": [
        14.534794553243367
      ],
      "log10_Ee": [
        47.77731031602464
      ],
      "geocent_time": [
        0.012465995225382207
      ]
    }
  }
}