{
  "injections": {
    "__dataframe__": true,
    "content": {
      "simulation_id": [
        0
      ],
      "luminosity_distance": [
        962.143888785632
      ],
      "timeshift": [
        -1.316804194044167
      ],
      "log10_Menv": [
        -0.4909302677729226
      ],
      "log10_Renv": [
        14.848780715731161
      ],
      "log10_Ee": [
        51.19518620667142
      ],
      "geocent_time": [
        -0.004256727602938742
      ]
    }
  }
}