{
  "injections": {
    "__dataframe__": true,
    "content": {
      "simulation_id": [
        0
      ],
      "luminosity_distance": [
        485.95777805066643
      ],
      "timeshift": [
        -1.8797631349138382
      ],
      "log10_Menv": [
        -2.20262857416706
      ],
      "log10_Renv": [
        13.779007059381088
      ],
      "log10_Ee": [
        49.69903907783488
      ],
      "geocent_time": [
        -0.06425360799295776
      ]
    }
  }
}