{
  "injections": {
    "__dataframe__": true,
    "content": {
      "simulation_id": [
        0
      ],
      "luminosity_distance": [
        947.3488649483074
      ],
      "timeshift": [
        -1.1069679430356651
      ],
      "log10_Menv": [
        -0.616585601268909
      ],
      "log10_Renv": [
        14.310345141225346
      ],
      "log10_Ee": [
        49.38394617768527
      ],
      "geocent_time": [
        0.058528187073852544
      ]
    }
  }
}