{
  "injections": {
    "__dataframe__": true,
    "content": {
      "simulation_id": [
        0
      ],
      "luminosity_distance": [
        256.6329443269043
      ],
      "timeshift": [
        -0.5043764734553549
      ],
      "log10_Menv": [
        -4.634148773663254
      ],
      "log10_Renv": [
        11.483257354216434
      ],
      "log10_Ee": [
        47.688928712524735
      ],
      "geocent_time": [
        0.0438660289309703
      ]
    }
  }
}