{
  "injections": {
    "__dataframe__": true,
    "content": {
      "simulation_id": [
        0
      ],
      "luminosity_distance": [
        307.3333163267099
      ],
      "timeshift": [
        -0.6132370310329394
      ],
      "log10_Menv": [
        -1.893306875294956
      ],
      "log10_Renv": [
        10.310619819508865
      ],
      "log10_Ee": [
        51.55503094127396
      ],
      "geocent_time": [
        0.027812808653113696
      ]
    }
  }
}