{
  "injections": {
    "__dataframe__": true,
    "content": {
      "simulation_id": [
        0
      ],
      "luminosity_distance": [
        717.9051681558365
      ],
      "timeshift": [
        -1.6509775498484198
      ],
      "log10_Menv": [
        -0.6438188743748174
      ],
      "log10_Renv": [
        11.209239756166651
      ],
      "log10_Ee": [
        47.051868101079876
      ],
      "geocent_time": [
        0.05346253193385503
      ]
    }
  }
}