{
  "injections": {
    "__dataframe__": true,
    "content": {
      "simulation_id": [
        0
      ],
      "luminosity_distance": [
        336.5089424010186
      ],
      "timeshift": [
        -1.6711149112498305
      ],
      "log10_Menv": [
        -2.1096770346252214
      ],
      "log10_Renv": [
        14.843754008434075
      ],
      "log10_Ee": [
        51.294384163219874
      ],
      "geocent_time": [
        0.09278292892090761
      ]
    }
  }
}