{
  "injections": {
    "__dataframe__": true,
    "content": {
      "simulation_id": [
        0
      ],
      "luminosity_distance": [
        540.3677264592941
      ],
      "timeshift": [
        -0.07869615826177956
      ],
      "log10_Menv": [
        -2.5446716070997217
      ],
      "log10_Renv": [
        12.73334492764865
      ],
      "log10_Ee": [
        51.35154531141264
      ],
      "geocent_time": [
        0.0478822058089593
      ]
    }
  }
}