{
  "injections": {
    "__dataframe__": true,
    "content": {
      "simulation_id": [
        0
      ],
      "luminosity_distance": [
        646.7846530343085
      ],
      "timeshift": [
        -0.4212024550179345
      ],
      "log10_Menv": [
        -3.3948264954307317
      ],
      "log10_Renv": [
        10.468762243911009
      ],
      "log10_Ee": [
        47.23562202859632
      ],
      "geocent_time": [
        0.09177314097426723
      ]
    }
  }
}