{
  "injections": {
    "__dataframe__": true,
    "content": {
      "simulation_id": [
        0
      ],
      "luminosity_distance": [
        984.5760616516529
      ],
      "timeshift": [
        -0.5653087025663939
      ],
      "log10_Menv": [
        -4.393268575092727
      ],
      "log10_Renv": [
        13.187160316363766
      ],
      "log10_Ee": [
        49.7700280649629
      ],
      "geocent_time": [
        0.0792989288675908
      ]
    }
  }
}