{
  "injections": {
    "__dataframe__": true,
    "content": {
      "simulation_id": [
        0
      ],
      "luminosity_distance": [
        725.8172822732151
      ],
      "timeshift": [
        -0.6794751384300857
      ],
      "log10_Menv": [
        -0.5780985034170278
      ],
      "log10_Renv": [
        13.338659211810244
      ],
      "log10_Ee": [
        50.3045610385102
      ],
      "geocent_time": [
        0.017198022909255067
      ]
    }
  }
}