{
  "injections": {
    "__dataframe__": true,
    "content": {
      "simulation_id": [
        0
      ],
      "luminosity_distance": [
        486.6086362653542
      ],
      "timeshift": [
        -0.6669993408612334
      ],
      "log10_Menv": [
        -4.965969032932228
      ],
      "log10_Renv": [
        10.440052011268545
      ],
      "log10_Ee": [
        51.91595605208433
      ],
      "geocent_time": [
        0.09301078458201092
      ]
    }
  }
}