{
  "injections": {
    "__dataframe__": true,
    "content": {
      "simulation_id": [
        0
      ],
      "luminosity_distance": [
        524.4808532493663
      ],
      "timeshift": [
        -0.9799401419524305
      ],
      "log10_Menv": [
        -4.149386452347519
      ],
      "log10_Renv": [
        11.42149157538504
      ],
      "log10_Ee": [
        48.44112515825729
      ],
      "geocent_time": [
        0.0850088311917711
      ]
    }
  }
}