{
  "injections": {
    "__dataframe__": true,
    "content": {
      "simulation_id": [
        0
      ],
      "luminosity_distance": [
        17.18263548997745
      ],
      "timeshift": [
        -0.4955319866690593
      ],
      "log10_Menv": [
        -3.1608114680462256
      ],
      "log10_Renv": [
        12.857761005818794
      ],
      "log10_Ee": [
        50.58744646610566
      ],
      "geocent_time": [
        -0.07444140229237031
      ]
    }
  }
}