{
  "injections": {
    "__dataframe__": true,
    "content": {
      "simulation_id": [
        0
      ],
      "luminosity_distance": [
        286.56387846786026
      ],
      "timeshift": [
        -0.5089555831662258
      ],
      "log10_Menv": [
        -1.7705958683353513
      ],
      "log10_Renv": [
        10.944579453209915
      ],
      "log10_Ee": [
        48.857822402147235
      ],
      "geocent_time": [
        -0.06778518221997226
      ]
    }
  }
}