{
  "injections": {
    "__dataframe__": true,
    "content": {
      "simulation_id": [
        0
      ],
      "luminosity_distance": [
        501.62889800530417
      ],
      "timeshift": [
        -0.181480860672653
      ],
      "log10_Menv": [
        -2.789317810898004
      ],
      "log10_Renv": [
        10.472513138353863
      ],
      "log10_Ee": [
        50.2088497588281
      ],
      "geocent_time": [
        0.0069804475432713176
      ]
    }
  }
}