{
  "injections": {
    "__dataframe__": true,
    "content": {
      "simulation_id": [
        0
      ],
      "luminosity_distance": [
        19.627844347567482
      ],
      "timeshift": [
        -0.41627235101208293
      ],
      "log10_Menv": [
        -2.2233099191507026
      ],
      "log10_Renv": [
        10.675384419374637
      ],
      "log10_Ee": [
        48.97679894496692
      ],
      "geocent_time": [
        -0.039956260912969666
      ]
    }
  }
}