{
  "injections": {
    "__dataframe__": true,
    "content": {
      "simulation_id": [
        0
      ],
      "luminosity_distance": [
        861.8714974987779
      ],
      "timeshift": [
        -0.4109679733712819
      ],
      "log10_Menv": [
        -4.827234338130133
      ],
      "log10_Renv": [
        13.888758109784991
      ],
      "log10_Ee": [
        47.842348010206535
      ],
      "geocent_time": [
        -0.08646975729538127
      ]
    }
  }
}