{
  "injections": {
    "__dataframe__": true,
    "content": {
      "simulation_id": [
        0
      ],
      "luminosity_distance": [
        301.5702243940755
      ],
      "timeshift": [
        -0.9506743877484647
      ],
      "log10_Menv": [
        -4.817482503621905
      ],
      "log10_Renv": [
        11.273114076587284
      ],
      "log10_Ee": [
        50.808639870806104
      ],
      "geocent_time": [
        0.09613661441518115
      ]
    }
  }
}