{
  "injections": {
    "__dataframe__": true,
    "content": {
      "simulation_id": [
        0
      ],
      "luminosity_distance": [
        478.7926053888316
      ],
      "timeshift": [
        -0.7375107264053531
      ],
      "log10_Menv": [
        -1.4328728489825386
      ],
      "log10_Renv": [
        14.493440856606028
      ],
      "log10_Ee": [
        50.49371192671554
      ],
      "geocent_time": [
        0.0830178654595411
      ]
    }
  }
}