{
  "injections": {
    "__dataframe__": true,
    "content": {
      "simulation_id": [
        0
      ],
      "luminosity_distance": [
        260.6444119264488
      ],
      "timeshift": [
        -1.5582489913848037
      ],
      "log10_Menv": [
        -2.9124674148553393
      ],
      "log10_Renv": [
        13.160297354086758
      ],
      "log10_Ee": [
        47.22922735178951
      ],
      "geocent_time": [
        0.01440682972933316
      ]
    }
  }
}