{
  "injections": {
    "__dataframe__": true,
    "content": {
      "simulation_id": [
        0
      ],
      "luminosity_distance": [
        481.99756755893344
      ],
      "timeshift": [
        -0.7887686043601287
      ],
      "log10_Menv": [
        -1.5633754827456077
      ],
      "log10_Renv": [
        13.134729089068394
      ],
      "log10_Ee": [
        47.24237905455764
      ],
      "geocent_time": [
        -0.09224425519379109
      ]
    }
  }
}