{
  "injections": {
    "__dataframe__": true,
    "content": {
      "simulation_id": [
        0
      ],
      "luminosity_distance": [
        916.8731336255231
      ],
      "timeshift": [
        -0.04038760201753422
      ],
      "log10_Menv": [
        -0.5406236973038077
      ],
      "log10_Renv": [
        13.920396193194641
      ],
      "log10_Ee": [
        47.122814234031246
      ],
      "geocent_time": [
        0.00808436227495761
      ]
    }
  }
}