{
  "injections": {
    "__dataframe__": true,
    "content": {
      "simulation_id": [
        0
      ],
      "luminosity_distance": [
        319.61018216652315
      ],
      "timeshift": [
        -1.5004969335824159
      ],
      "log10_Menv": [
        -2.4143573882770335
      ],
      "log10_Renv": [
        14.256561157378774
      ],
      "log10_Ee": [
        47.32226124343488
      ],
      "geocent_time": [
        -0.06383129311401928
      ]
    }
  }
}