{
  "injections": {
    "__dataframe__": true,
    "content": {
      "simulation_id": [
        0
      ],
      "luminosity_distance": [
        538.5666266899973
      ],
      "timeshift": [
        -1.7542389592172265
      ],
      "log10_Menv": [
        -0.8842157026455215
      ],
      "log10_Renv": [
        13.688383657844657
      ],
      "log10_Ee": [
        51.487332484106474
      ],
      "geocent_time": [
        0.05721235741001232
      ]
    }
  }
}