{
  "injections": {
    "__dataframe__": true,
    "content": {
      "simulation_id": [
        0
      ],
      "luminosity_distance": [
        568.8615666750753
      ],
      "timeshift": [
        -0.9638378912973857
      ],
      "log10_Menv": [
        -4.300930056852865
      ],
      "log10_Renv": [
        12.301945707024025
      ],
      "log10_Ee": [
        48.556540157558686
      ],
      "geocent_time": [
        0.04779623076864187
      ]
    }
  }
}