{
  "injections": {
    "__dataframe__": true,
    "content": {
      "simulation_id": [
        0
      ],
      "luminosity_distance": [
        146.81170870855564
      ],
      "timeshift": [
        -1.2078122311066986
      ],
      "log10_Menv": [
        -2.0996948647647122
      ],
      "log10_Renv": [
        13.562318320436656
      ],
      "log10_Ee": [
        48.510724561881815
      ],
      "geocent_time": [
        -0.0635524652574902
      ]
    }
  }
}