{
  "injections": {
    "__dataframe__": true,
    "content": {
      "simulation_id": [
        0
      ],
      "luminosity_distance": [
        597.1106549309494
      ],
      "timeshift": [
        -0.11788957839951197
      ],
      "log10_Menv": [
        -2.595357118840807
      ],
      "log10_Renv": [
        13.976626251468819
      ],
      "log10_Ee": [
        51.53042210190089
      ],
      "geocent_time": [
        -0.02818239766951379
      ]
    }
  }
}