{
  "injections": {
    "__dataframe__": true,
    "content": {
      "simulation_id": [
        0
      ],
      "luminosity_distance": [
        678.7973817909491
      ],
      "timeshift": [
        -0.9199025844520019
      ],
      "log10_Menv": [
        -1.792331822203681
      ],
      "log10_Renv": [
        13.946426644411487
      ],
      "log10_Ee": [
        47.26971740903932
      ],
      "geocent_time": [
        -0.08621557293959413
      ]
    }
  }
}