{
  "injections": {
    "__dataframe__": true,
    "content": {
      "simulation_id": [
        0
      ],
      "luminosity_distance": [
        559.8956465650693
      ],
      "timeshift": [
        -0.10723470632837429
      ],
      "log10_Menv": [
        -4.662065733347555
      ],
      "log10_Renv": [
        10.00291260028099
      ],
      "log10_Ee": [
        50.61488426525041
      ],
      "geocent_time": [
        -0.09628305761633858
      ]
    }
  }
}