{
  "injections": {
    "__dataframe__": true,
    "content": {
      "simulation_id": [
        0
      ],
      "luminosity_distance": [
        157.8512346441767
      ],
      "timeshift": [
        -1.8488455960919865
      ],
      "log10_Menv": [
        -1.6434989730677598
      ],
      "log10_Renv": [
        13.747114188518713
      ],
      "log10_Ee": [
        49.629227909867346
      ],
      "geocent_time": [
        0.07393071001413029
      ]
    }
  }
}