{
  "injections": {
    "__dataframe__": true,
    "content": {
      "simulation_id": [
        0
      ],
      "luminosity_distance": [
        284.9497368769607
      ],
      "timeshift": [
        -0.743007829388324
      ],
      "log10_Menv": [
        -0.6639593583070225
      ],
      "log10_Renv": [
        12.211872308482038
      ],
      "log10_Ee": [
        48.416755104860925
      ],
      "geocent_time": [
        -0.01898782833310249
      ]
    }
  }
}