{
    "luminosity_distance": 173.61586090504153,
    "KNtimeshift": -0.018739132447392,
    "supernova_mag_boost": 3.70177551687189,
    "Ebv": 0.2679177200555689,
    "log_likelihood": -24.514055964586667,
    "log_prior": -6.693381131398947,
    "log_bayes_factor": -28.09294205239785,
    "Best fit index": 2633,
    "Magnitudes": {
        "ztfg": [
            24.611098818890184,
            22.665720693088367,
            22.04008873973315,
            21.82137157391734,
            21.63941255433324,
            21.483615927969076,
            21.34739546339599,
            21.2263762215309,
            21.11750354468056,
            21.018560030103586,
            20.927885004012225,
            20.84420245742721,
            20.766510713713224,
            20.694009020949842,
            20.626047165829412,
            20.568394241499227,
            20.516657361714174,
            20.46727409034022,
            20.420039572646587,
            20.374774587611,
            20.331321441847876,
            20.289540654129127,
            20.24930825458388,
            20.21051356670111,
            20.17305737213165,
            20.144041804954753,
            20.13348208828522
        ],
        "bestfit_sample_times": [
            0.1,
            0.6,
            1.1,
            1.6,
            2.1,
            2.6,
            3.1,
            3.6,
            4.1,
            4.6,
            5.1,
            5.6,
            6.1,
            6.6,
            7.1,
            7.6,
            8.1,
            8.6,
            9.1,
            9.6,
            10.1,
            10.6,
            11.1,
            11.6,
            12.1,
            12.6,
            13.1
        ]
    }
}