{
    "luminosity_distance": 172.2898247849618,
    "KNtimeshift": 0.0003997495284708,
    "supernova_mag_boost": 3.68383944268102,
    "Ebv": 0.0324830993447903,
    "log_likelihood": -17.01398416955257,
    "log_prior": -6.120578782871952,
    "Best fit index": 2427,
    "Magnitudes": {
        "ztfg": [
            24.573387131225097,
            22.628009005422875,
            22.002527804264865,
            21.7837831314057,
            21.601805093852697,
            21.445994534146955,
            21.309763422174804,
            21.188735779061048,
            21.07985630416576,
            20.980907175812867,
            20.890227435547686,
            20.80654087419132,
            20.728845670210376,
            20.656340964226345,
            20.58837646155461,
            20.531018712472395,
            20.47963545816036,
            20.43057446478798,
            20.38363486896951
        ],
        "bestfit_sample_times": [
            0.1,
            0.6,
            1.1,
            1.6,
            2.1,
            2.6,
            3.1,
            3.6,
            4.1,
            4.6,
            5.1,
            5.6,
            6.1,
            6.6,
            7.1,
            7.6,
            8.1,
            8.6,
            9.1
        ]
    }
}