{
    "luminosity_distance": 168.40288118035636,
    "KNtimeshift": -0.014213920161771,
    "supernova_mag_boost": 3.767929823251548,
    "Ebv": 0.0045884784809822,
    "log_likelihood": -28.232499105498384,
    "log_prior": -6.070204487570444,
    "log_bayes_factor": -31.915391835128418,
    "Best fit index": 2390,
    "Magnitudes": {
        "ztfg": [
            24.600826695088323,
            22.6554485692852,
            22.030409727674602,
            21.811584348386376,
            21.62955051628743,
            21.473699081656108,
            21.33743673580777,
            21.21638444869363,
            21.107485033142282,
            21.008519438311325,
            20.917825870563767,
            20.834127533378897,
            20.756422180137882,
            20.683908636222576,
            20.615936368226215,
            20.558642429359566,
            20.507188022693327,
            20.45806216821162,
            20.411063203453736,
            20.366014579479483,
            20.322760856607303,
            20.281164467734534,
            20.24110307917328,
            20.202467421334546,
            20.16515949232617,
            20.136959024441687,
            20.12653214347462,
            20.116204445437425,
            20.105974061193372,
            20.095839173949678,
            20.085798017321117
        ],
        "bestfit_sample_times": [
            0.1,
            0.6,
            1.1,
            1.6,
            2.1,
            2.6,
            3.1,
            3.6,
            4.1,
            4.6,
            5.1,
            5.6,
            6.1,
            6.6,
            7.1,
            7.6,
            8.1,
            8.6,
            9.1,
            9.6,
            10.1,
            10.6,
            11.1,
            11.6,
            12.1,
            12.6,
            13.1,
            13.6,
            14.1,
            14.6,
            15.1
        ]
    }
}