{
    "luminosity_distance": 206.45289677534703,
    "KNtimeshift": 0.015669561156151,
    "supernova_mag_boost": 3.1884726529986835,
    "Ebv": 0.0434560046685245,
    "log_likelihood": -5.692447720602434,
    "log_prior": -6.141111465597633,
    "Best fit index": 2888,
    "Magnitudes": {
        "ztfg": [
            24.505555379822837,
            22.56017725402458,
            21.930837480084726,
            21.712795921857655,
            21.531304263460257,
            21.37585017794205,
            21.239891547588968
        ],
        "bestfit_sample_times": [
            0.1,
            0.6,
            1.1,
            1.6,
            2.1,
            2.6,
            3.1
        ]
    }
}