{
    "injections": {
        "__dataframe__": true,
        "content": {
            "luminosity_distance": [
                163.589838466843
            ],
            "KNtimeshift": [
                -0.24861486761052531
            ],
            "supernova_mag_boost": [
                0.4947979772964848
            ],
            "geocent_time": [
                -0.029346500576172482
            ],
            "simulation_id": [
                0
            ]
        }
    }
}