{
    "injections": {
        "__dataframe__": true,
        "content": {
            "luminosity_distance": [
                152.34683749754873
            ],
            "KNtimeshift": [
                0.7846264778481664
            ],
            "inclination_EM": [
                0.1790141670212198
            ],
            "log10_E0": [
                53.0
            ],
            "thetaCore": [
                0.05
            ],
            "thetaWing": [
                0.1
            ],
            "log10_n0": [
                0.6353871838901961
            ],
            "p": [
                2.9708296176861815
            ],
            "log10_epsilon_e": [
                -0.22387489624791934
            ],
            "log10_epsilon_B": [
                -1.8717240827406796
            ],
            "ksiN": [
                1.0
            ],
            "L0": [
                0.0
            ],
            "dL": [
                3.09e+19
            ],
            "b": [
                6.0
            ],
            "q": [
                0.0
            ],
            "ts": [
                0.0
            ],
            "geocent_time": [
                -0.04270101780216262
            ],
            "simulation_id": [
                0
            ]
        }
    }
}