{
    "injections": {
        "__dataframe__": true,
        "content": {
            "luminosity_distance": [
                180.98194060954205
            ],
            "KNtimeshift": [
                0.13590716442194584
            ],
            "inclination_EM": [
                0.17365184454284574
            ],
            "log10_E0": [
                53.0
            ],
            "thetaCore": [
                0.05
            ],
            "thetaWing": [
                0.1
            ],
            "log10_n0": [
                -0.039558822538248606
            ],
            "p": [
                2.058410352777089
            ],
            "log10_epsilon_e": [
                -0.6796214448951252
            ],
            "log10_epsilon_B": [
                -0.9328424696793873
            ],
            "ksiN": [
                1.0
            ],
            "L0": [
                0.0
            ],
            "dL": [
                3.09e+19
            ],
            "b": [
                6.0
            ],
            "q": [
                0.0
            ],
            "ts": [
                0.0
            ],
            "geocent_time": [
                0.07876329528278131
            ],
            "simulation_id": [
                0
            ]
        }
    }
}