{
    "injections": {
        "__dataframe__": true,
        "content": {
            "luminosity_distance": [
                215.8444705516476
            ],
            "KNtimeshift": [
                -1.632778815351692
            ],
            "supernova_mag_boost": [
                -2.3023728596970727
            ],
            "geocent_time": [
                -0.06292086126688852
            ],
            "simulation_id": [
                0
            ]
        }
    }
}