{
    "injections": {
        "__dataframe__": true,
        "content": {
            "luminosity_distance": [
                204.22568986563476
            ],
            "KNtimeshift": [
                0.07382410676122841
            ],
            "supernova_mag_boost": [
                1.6347358479328244
            ],
            "geocent_time": [
                0.005585536510746114
            ],
            "simulation_id": [
                0
            ]
        }
    }
}