{
    "injections": {
        "__dataframe__": true,
        "content": {
            "luminosity_distance": [
                212.29347017401574
            ],
            "KNtimeshift": [
                0.5686188485911965
            ],
            "supernova_mag_boost": [
                1.2428025322037852
            ],
            "geocent_time": [
                0.08339463677976319
            ],
            "simulation_id": [
                0
            ]
        }
    }
}