{
    "injections": {
        "__dataframe__": true,
        "content": {
            "luminosity_distance": [
                139.14918395588825
            ],
            "KNtimeshift": [
                -1.8911557331967392
            ],
            "inclination_EM": [
                0.030403107494958302
            ],
            "log10_E0": [
                53.0
            ],
            "thetaCore": [
                0.05
            ],
            "thetaWing": [
                0.1
            ],
            "log10_n0": [
                2.340607837512705
            ],
            "p": [
                2.9300377628199183
            ],
            "log10_epsilon_e": [
                -2.582802126099688
            ],
            "log10_epsilon_B": [
                -1.4975243992801746
            ],
            "ksiN": [
                1.0
            ],
            "L0": [
                0.0
            ],
            "dL": [
                3.09e+19
            ],
            "b": [
                6.0
            ],
            "q": [
                0.0
            ],
            "ts": [
                0.0
            ],
            "geocent_time": [
                -0.07866923325982689
            ],
            "simulation_id": [
                0
            ]
        }
    }
}