{
    "injections": {
        "__dataframe__": true,
        "content": {
            "luminosity_distance": [
                174.18886669726328
            ],
            "KNtimeshift": [
                -0.02588716401889024
            ],
            "supernova_mag_boost": [
                -2.269199658366603
            ],
            "geocent_time": [
                0.08722418850839528
            ],
            "simulation_id": [
                0
            ]
        }
    }
}