{
    "injections": {
        "__dataframe__": true,
        "content": {
            "luminosity_distance": [
                233.178332537609
            ],
            "KNtimeshift": [
                0.050524645639733023
            ],
            "supernova_mag_boost": [
                -3.203173381518524
            ],
            "geocent_time": [
                -0.0036376971026759602
            ],
            "simulation_id": [
                0
            ]
        }
    }
}