{
    "injections": {
        "__dataframe__": true,
        "content": {
            "luminosity_distance": [
                340.65791438934923
            ],
            "KNtimeshift": [
                -0.7537580046360595
            ],
            "supernova_mag_boost": [
                -4.715280409107724
            ],
            "geocent_time": [
                -0.09577215306086828
            ],
            "simulation_id": [
                0
            ]
        }
    }
}