{
    "injections": {
        "__dataframe__": true,
        "content": {
            "luminosity_distance": [
                235.8011131325295
            ],
            "KNtimeshift": [
                -0.20500609644095125
            ],
            "supernova_mag_boost": [
                -3.427910787898587
            ],
            "geocent_time": [
                0.06262162680880631
            ],
            "simulation_id": [
                0
            ]
        }
    }
}