{
    "injections": {
        "__dataframe__": true,
        "content": {
            "luminosity_distance": [
                199.56929958906363
            ],
            "KNtimeshift": [
                -0.6830422551381039
            ],
            "inclination_EM": [
                0.14143069103374886
            ],
            "log10_E0": [
                53.0
            ],
            "thetaCore": [
                0.05
            ],
            "thetaWing": [
                0.1
            ],
            "log10_n0": [
                -2.302592068969062
            ],
            "p": [
                2.3580517517392643
            ],
            "log10_epsilon_e": [
                -1.1873945216235628
            ],
            "log10_epsilon_B": [
                -2.184693050646286
            ],
            "ksiN": [
                1.0
            ],
            "L0": [
                0.0
            ],
            "dL": [
                3.09e+19
            ],
            "b": [
                6.0
            ],
            "q": [
                0.0
            ],
            "ts": [
                0.0
            ],
            "geocent_time": [
                -0.027174456577330336
            ],
            "simulation_id": [
                0
            ]
        }
    }
}