{
    "injections": {
        "__dataframe__": true,
        "content": {
            "luminosity_distance": [
                229.66091988887405
            ],
            "KNtimeshift": [
                0.9959348887270774
            ],
            "supernova_mag_boost": [
                1.4241310533285656
            ],
            "geocent_time": [
                -0.09867447959654324
            ],
            "simulation_id": [
                0
            ]
        }
    }
}