{
  "injections": {
    "__dataframe__": true,
    "content": {
      "simulation_id": [
        0
      ],
      "luminosity_distance": [
        2.349102084568547
      ],
      "KNphi": [
        36.81940314462921
      ],
      "inclination_EM": [
        0.32918212711560857
      ],
      "timeshift": [
        -0.4998522456354513
      ],
      "log10_mej_dyn": [
        -1.8882991988459674
      ],
      "log10_mej_wind": [
        -1.4729663714808896
      ],
      "geocent_time": [
        0.07794277194119145
      ]
    }
  }
}