{
  "injections": {
    "__dataframe__": true,
    "content": {
      "simulation_id": [
        0
      ],
      "luminosity_distance": [
        361.94685361009107
      ],
      "timeshift": [
        -0.38882291474842834
      ],
      "log10_Menv": [
        -1.641975110717921
      ],
      "log10_Renv": [
        14.641772389646722
      ],
      "log10_Ee": [
        51.57677651429842
      ],
      "geocent_time": [
        -0.031491037476427036
      ]
    }
  }
}