{
  "injections": {
    "__dataframe__": true,
    "content": {
      "simulation_id": [
        0
      ],
      "luminosity_distance": [
        19.41852840879099
      ],
      "timeshift": [
        -0.2562156546598908
      ],
      "log10_Menv": [
        -1.7519430011965027
      ],
      "log10_Renv": [
        10.630995761330704
      ],
      "log10_Ee": [
        49.39716322946328
      ],
      "geocent_time": [
        0.021331548638188896
      ]
    }
  }
}