{
  "injections": {
    "__dataframe__": true,
    "content": {
      "simulation_id": [
        0
      ],
      "luminosity_distance": [
        161.50224073018566
      ],
      "timeshift": [
        0.6690935700738554
      ],
      "inclination_EM": [
        0.11393597791871614
      ],
      "log10_E0": [
        53.0
      ],
      "thetaCore": [
        0.05
      ],
      "thetaWing": [
        0.1
      ],
      "log10_n0": [
        -1.9037647416245929
      ],
      "p": [
        2.8960883795239005
      ],
      "log10_epsilon_e": [
        -1.707746136908548
      ],
      "log10_epsilon_B": [
        -2.3765510475795835
      ],
      "ksiN": [
        1.0
      ],
      "L0": [
        0.0
      ],
      "dL": [
        3.09e+19
      ],
      "b": [
        6.0
      ],
      "q": [
        0.0
      ],
      "ts": [
        0.0
      ],
      "geocent_time": [
        -0.0057664799825749985
      ]
    }
  }
}