{
  "injections": {
    "__dataframe__": true,
    "content": {
      "simulation_id": [
        0
      ],
      "luminosity_distance": [
        1.4953708984986922
      ],
      "KNphi": [
        22.011934870902998
      ],
      "inclination_EM": [
        0.5973809344248
      ],
      "timeshift": [
        -1.3562801770156343
      ],
      "log10_mej_dyn": [
        -1.6208775592111169
      ],
      "log10_mej_wind": [
        -2.264885354951813
      ],
      "geocent_time": [
        0.07783908321547522
      ]
    }
  }
}