{
  "injections": {
    "__dataframe__": true,
    "content": {
      "simulation_id": [
        0
      ],
      "luminosity_distance": [
        165.71334381080334
      ],
      "timeshift": [
        0.911590232105853
      ],
      "inclination_EM": [
        0.15212849259768438
      ],
      "log10_E0": [
        53.0
      ],
      "thetaCore": [
        0.05
      ],
      "thetaWing": [
        0.1
      ],
      "log10_n0": [
        -1.9207095377295744
      ],
      "p": [
        2.8465314876089125
      ],
      "log10_epsilon_e": [
        -0.9621189164380968
      ],
      "log10_epsilon_B": [
        -2.0045894734528327
      ],
      "ksiN": [
        1.0
      ],
      "L0": [
        0.0
      ],
      "dL": [
        3.09e+19
      ],
      "b": [
        6.0
      ],
      "q": [
        0.0
      ],
      "ts": [
        0.0
      ],
      "geocent_time": [
        -0.08126596961308977
      ]
    }
  }
}