{
  "injections": {
    "__dataframe__": true,
    "content": {
      "simulation_id": [
        0
      ],
      "luminosity_distance": [
        2.960044274470057
      ],
      "KNphi": [
        35.49723569523983
      ],
      "inclination_EM": [
        0.7266203703837762
      ],
      "timeshift": [
        -1.667916398218773
      ],
      "log10_mej_dyn": [
        -2.1639934433459613
      ],
      "log10_mej_wind": [
        -0.565130879002198
      ],
      "geocent_time": [
        0.06981581467247697
      ]
    }
  }
}