{
  "injections": {
    "__dataframe__": true,
    "content": {
      "simulation_id": [
        0
      ],
      "luminosity_distance": [
        206.43145144725293
      ],
      "timeshift": [
        -0.9411465824882952
      ],
      "supernova_mag_boost": [
        2.646598793692724
      ],
      "geocent_time": [
        -0.069489736215956
      ]
    }
  }
}