{
  "injections": {
    "__dataframe__": true,
    "content": {
      "simulation_id": [
        0
      ],
      "luminosity_distance": [
        174.33127893765936
      ],
      "timeshift": [
        0.41052423058916987
      ],
      "supernova_mag_boost": [
        -2.1004489832044326
      ],
      "geocent_time": [
        -0.006933142123533173
      ]
    }
  }
}