{
  "injections": {
    "__dataframe__": true,
    "content": {
      "simulation_id": [
        0
      ],
      "luminosity_distance": [
        4.607328254442749
      ],
      "KNphi": [
        45.49342905388669
      ],
      "inclination_EM": [
        0.21619372999091938
      ],
      "timeshift": [
        -0.04857786764845606
      ],
      "log10_mej_dyn": [
        -1.354339123203742
      ],
      "log10_mej_wind": [
        -1.4943484065167367
      ],
      "geocent_time": [
        0.07809711477695666
      ]
    }
  }
}