{
  "injections": {
    "__dataframe__": true,
    "content": {
      "simulation_id": [
        0
      ],
      "luminosity_distance": [
        48.066052433707206
      ],
      "timeshift": [
        -0.41042167207381963
      ],
      "log10_Menv": [
        -2.1245156262630487
      ],
      "log10_Renv": [
        12.318242193389318
      ],
      "log10_Ee": [
        50.24591593319567
      ],
      "geocent_time": [
        0.02461595805429251
      ]
    }
  }
}