{
  "injections": {
    "__dataframe__": true,
    "content": {
      "simulation_id": [
        0
      ],
      "luminosity_distance": [
        4.903207587851859
      ],
      "KNphi": [
        18.387035653251306
      ],
      "inclination_EM": [
        0.3734649494100156
      ],
      "timeshift": [
        0.7661812597678046
      ],
      "log10_mej_dyn": [
        -1.6481895826239403
      ],
      "log10_mej_wind": [
        -2.9496719855656095
      ],
      "geocent_time": [
        0.006249253523972917
      ]
    }
  }
}