{
  "injections": {
    "__dataframe__": true,
    "content": {
      "simulation_id": [
        0
      ],
      "luminosity_distance": [
        5.961981451794033
      ],
      "KNphi": [
        20.23160700817487
      ],
      "inclination_EM": [
        0.16760531124304406
      ],
      "timeshift": [
        -1.6982713943338164
      ],
      "log10_mej_dyn": [
        -2.5980754224892126
      ],
      "log10_mej_wind": [
        -2.156185705390837
      ],
      "geocent_time": [
        0.0024833057104932943
      ]
    }
  }
}