{
  "injections": {
    "__dataframe__": true,
    "content": {
      "simulation_id": [
        0
      ],
      "luminosity_distance": [
        4.834070168788465
      ],
      "KNphi": [
        24.288609808680654
      ],
      "inclination_EM": [
        0.7406529205352956
      ],
      "timeshift": [
        -0.9325896328302776
      ],
      "log10_mej_dyn": [
        -2.971070596798497
      ],
      "log10_mej_wind": [
        -2.33711489910787
      ],
      "geocent_time": [
        -0.05174232484282664
      ]
    }
  }
}