{
  "injections": {
    "__dataframe__": true,
    "content": {
      "simulation_id": [
        0
      ],
      "luminosity_distance": [
        185.0727800174521
      ],
      "timeshift": [
        -0.4593192676877702
      ],
      "supernova_mag_boost": [
        1.084143120196389
      ],
      "geocent_time": [
        0.07978473068505987
      ]
    }
  }
}