{
  "injections": {
    "__dataframe__": true,
    "content": {
      "simulation_id": [
        0
      ],
      "luminosity_distance": [
        3.208273769259163
      ],
      "KNphi": [
        41.860775959339975
      ],
      "inclination_EM": [
        0.23808797860905442
      ],
      "timeshift": [
        -1.5955239005627815
      ],
      "log10_mej_dyn": [
        -2.104707031807278
      ],
      "log10_mej_wind": [
        -1.7633353598638126
      ],
      "geocent_time": [
        -0.054917380709198764
      ]
    }
  }
}