{
  "injections": {
    "__dataframe__": true,
    "content": {
      "simulation_id": [
        0
      ],
      "luminosity_distance": [
        63.94786264405472
      ],
      "timeshift": [
        -0.7943553890294885
      ],
      "log10_Menv": [
        -1.6012281342598884
      ],
      "log10_Renv": [
        14.178172738071098
      ],
      "log10_Ee": [
        49.41191862998717
      ],
      "geocent_time": [
        0.07135815830267431
      ]
    }
  }
}