{
  "injections": {
    "__dataframe__": true,
    "content": {
      "simulation_id": [
        0
      ],
      "luminosity_distance": [
        2.3338622126734876
      ],
      "KNphi": [
        36.22398212775852
      ],
      "inclination_EM": [
        0.6579323246488871
      ],
      "timeshift": [
        0.05735273852938061
      ],
      "log10_mej_dyn": [
        -1.8407203019358696
      ],
      "log10_mej_wind": [
        -2.112879829756513
      ],
      "geocent_time": [
        -0.04222688402714352
      ]
    }
  }
}