{
  "injections": {
    "__dataframe__": true,
    "content": {
      "simulation_id": [
        0
      ],
      "luminosity_distance": [
        28.814829380716
      ],
      "timeshift": [
        -1.9641172828880211
      ],
      "log10_Menv": [
        -0.6912483012052437
      ],
      "log10_Renv": [
        10.434861627842276
      ],
      "log10_Ee": [
        50.84429061279624
      ],
      "geocent_time": [
        0.045479237117743015
      ]
    }
  }
}