{
  "injections": {
    "__dataframe__": true,
    "content": {
      "simulation_id": [
        0
      ],
      "luminosity_distance": [
        90.06530940932878
      ],
      "timeshift": [
        -0.872575663061236
      ],
      "log10_Menv": [
        -1.190755800587298
      ],
      "log10_Renv": [
        14.076275457082229
      ],
      "log10_Ee": [
        51.588752760325356
      ],
      "geocent_time": [
        -0.06180575629209706
      ]
    }
  }
}