{
  "injections": {
    "__dataframe__": true,
    "content": {
      "simulation_id": [
        0
      ],
      "luminosity_distance": [
        873.5795809249562
      ],
      "timeshift": [
        -1.133585231136289
      ],
      "log10_Menv": [
        -1.904324572169711
      ],
      "log10_Renv": [
        14.147748233775339
      ],
      "log10_Ee": [
        50.25575139622718
      ],
      "geocent_time": [
        0.07668297925400461
      ]
    }
  }
}