{
  "injections": {
    "__dataframe__": true,
    "content": {
      "simulation_id": [
        0
      ],
      "luminosity_distance": [
        156.20569996998915
      ],
      "timeshift": [
        0.48051744652370476
      ],
      "inclination_EM": [
        0.11398356819815585
      ],
      "log10_E0": [
        53.0
      ],
      "thetaCore": [
        0.05
      ],
      "thetaWing": [
        0.1
      ],
      "log10_n0": [
        0.37448584123462236
      ],
      "p": [
        2.238661687254071
      ],
      "log10_epsilon_e": [
        -1.7628669398259786
      ],
      "log10_epsilon_B": [
        -2.499107942125314
      ],
      "ksiN": [
        1.0
      ],
      "L0": [
        0.0
      ],
      "dL": [
        3.09e+19
      ],
      "b": [
        6.0
      ],
      "q": [
        0.0
      ],
      "ts": [
        0.0
      ],
      "geocent_time": [
        0.09997827248060556
      ]
    }
  }
}