{
  "injections": {
    "__dataframe__": true,
    "content": {
      "simulation_id": [
        0
      ],
      "luminosity_distance": [
        144.0524159517369
      ],
      "timeshift": [
        -0.569478007985101
      ],
      "log10_Menv": [
        -1.470147142497804
      ],
      "log10_Renv": [
        13.423846237152574
      ],
      "log10_Ee": [
        51.261935290007365
      ],
      "geocent_time": [
        -0.08775594426222877
      ]
    }
  }
}