{
  "injections": {
    "__dataframe__": true,
    "content": {
      "simulation_id": [
        0
      ],
      "luminosity_distance": [
        223.49919409633378
      ],
      "timeshift": [
        0.7023575015223518
      ],
      "supernova_mag_boost": [
        -0.9406483725049499
      ],
      "geocent_time": [
        -0.0017079433087913848
      ]
    }
  }
}