{
  "injections": {
    "__dataframe__": true,
    "content": {
      "simulation_id": [
        0
      ],
      "luminosity_distance": [
        165.43789737664684
      ],
      "timeshift": [
        0.3501556218371845
      ],
      "inclination_EM": [
        0.16589280087328245
      ],
      "log10_E0": [
        53.0
      ],
      "thetaCore": [
        0.05
      ],
      "thetaWing": [
        0.1
      ],
      "log10_n0": [
        0.9816160727238348
      ],
      "p": [
        2.655169725492596
      ],
      "log10_epsilon_e": [
        -1.3837342833439839
      ],
      "log10_epsilon_B": [
        -1.9641272413713273
      ],
      "ksiN": [
        1.0
      ],
      "L0": [
        0.0
      ],
      "dL": [
        3.09e+19
      ],
      "b": [
        6.0
      ],
      "q": [
        0.0
      ],
      "ts": [
        0.0
      ],
      "geocent_time": [
        -0.04260998742109112
      ]
    }
  }
}