{
  "injections": {
    "__dataframe__": true,
    "content": {
      "simulation_id": [
        0
      ],
      "luminosity_distance": [
        29.677455236764573
      ],
      "timeshift": [
        -1.6801134293657825
      ],
      "log10_Menv": [
        -1.5527904628705413
      ],
      "log10_Renv": [
        12.762249162653733
      ],
      "log10_Ee": [
        48.40322758914454
      ],
      "geocent_time": [
        0.07392077346292894
      ]
    }
  }
}