{
  "injections": {
    "__dataframe__": true,
    "content": {
      "simulation_id": [
        0
      ],
      "luminosity_distance": [
        208.55159563410453
      ],
      "timeshift": [
        -0.10573429098529097
      ],
      "supernova_mag_boost": [
        -1.91988172837394
      ],
      "geocent_time": [
        -0.05837107417839622
      ]
    }
  }
}