{
  "injections": {
    "__dataframe__": true,
    "content": {
      "simulation_id": [
        0
      ],
      "luminosity_distance": [
        160.26013639486197
      ],
      "timeshift": [
        0.7128120269323238
      ],
      "inclination_EM": [
        0.16283155313094502
      ],
      "log10_E0": [
        53.0
      ],
      "thetaCore": [
        0.05
      ],
      "thetaWing": [
        0.1
      ],
      "log10_n0": [
        2.2217807631743494
      ],
      "p": [
        2.1825164487031716
      ],
      "log10_epsilon_e": [
        -2.852230670615788
      ],
      "log10_epsilon_B": [
        -2.718549390896497
      ],
      "ksiN": [
        1.0
      ],
      "L0": [
        0.0
      ],
      "dL": [
        3.09e+19
      ],
      "b": [
        6.0
      ],
      "q": [
        0.0
      ],
      "ts": [
        0.0
      ],
      "geocent_time": [
        0.027181542169254558
      ]
    }
  }
}