{
  "injections": {
    "__dataframe__": true,
    "content": {
      "simulation_id": [
        0
      ],
      "luminosity_distance": [
        1.2882413560145034
      ],
      "KNphi": [
        23.61811159621831
      ],
      "inclination_EM": [
        0.7840304056035668
      ],
      "timeshift": [
        0.17496948669620238
      ],
      "log10_mej_dyn": [
        -2.480472676569347
      ],
      "log10_mej_wind": [
        -2.180711169697287
      ],
      "geocent_time": [
        0.03962480165304788
      ]
    }
  }
}