{
  "injections": {
    "__dataframe__": true,
    "content": {
      "simulation_id": [
        0
      ],
      "luminosity_distance": [
        1.5380947238166547
      ],
      "KNphi": [
        18.540594214609126
      ],
      "inclination_EM": [
        0.5210948862448892
      ],
      "timeshift": [
        -0.14214964764257276
      ],
      "log10_mej_dyn": [
        -2.153326842433419
      ],
      "log10_mej_wind": [
        -2.153576033554926
      ],
      "geocent_time": [
        0.07518399588980099
      ]
    }
  }
}