{
  "injections": {
    "__dataframe__": true,
    "content": {
      "simulation_id": [
        0
      ],
      "luminosity_distance": [
        165.49101494140385
      ],
      "timeshift": [
        0.667561300613196
      ],
      "supernova_mag_boost": [
        2.899413645551066
      ],
      "geocent_time": [
        -0.04458253091294831
      ]
    }
  }
}