{
  "injections": {
    "__dataframe__": true,
    "content": {
      "simulation_id": [
        0
      ],
      "luminosity_distance": [
        7.862026077436359
      ],
      "KNphi": [
        32.94127372485275
      ],
      "inclination_EM": [
        0.05453668565716075
      ],
      "timeshift": [
        -0.10184992351992772
      ],
      "log10_mej_dyn": [
        -1.4181006690555311
      ],
      "log10_mej_wind": [
        -2.620969881384335
      ],
      "geocent_time": [
        -0.054258830335832856
      ]
    }
  }
}