{
  "injections": {
    "__dataframe__": true,
    "content": {
      "simulation_id": [
        0
      ],
      "luminosity_distance": [
        2.3079726752884313
      ],
      "KNphi": [
        22.81354720584322
      ],
      "inclination_EM": [
        0.7168049530483469
      ],
      "timeshift": [
        -1.6720754613798596
      ],
      "log10_mej_dyn": [
        -1.2813811882058261
      ],
      "log10_mej_wind": [
        -2.6102311682606993
      ],
      "geocent_time": [
        0.08181930594555023
      ]
    }
  }
}