{
  "injections": {
    "__dataframe__": true,
    "content": {
      "simulation_id": [
        0
      ],
      "luminosity_distance": [
        182.0217701625792
      ],
      "timeshift": [
        0.587305868063497
      ],
      "inclination_EM": [
        0.14390582762685833
      ],
      "log10_E0": [
        53.0
      ],
      "thetaCore": [
        0.05
      ],
      "thetaWing": [
        0.1
      ],
      "log10_n0": [
        -0.20838204478076294
      ],
      "p": [
        2.723828865272976
      ],
      "log10_epsilon_e": [
        -2.699225986595051
      ],
      "log10_epsilon_B": [
        -0.4135341526159855
      ],
      "ksiN": [
        1.0
      ],
      "L0": [
        0.0
      ],
      "dL": [
        3.09e+19
      ],
      "b": [
        6.0
      ],
      "q": [
        0.0
      ],
      "ts": [
        0.0
      ],
      "geocent_time": [
        -0.09795899890139281
      ]
    }
  }
}