{
  "injections": {
    "__dataframe__": true,
    "content": {
      "simulation_id": [
        0
      ],
      "luminosity_distance": [
        168.5776992252326
      ],
      "timeshift": [
        0.9645457034836079
      ],
      "inclination_EM": [
        0.09211434214521493
      ],
      "log10_E0": [
        53.0
      ],
      "thetaCore": [
        0.05
      ],
      "thetaWing": [
        0.1
      ],
      "log10_n0": [
        -0.7386333185302263
      ],
      "p": [
        2.2118156792025383
      ],
      "log10_epsilon_e": [
        -1.4987400118244683
      ],
      "log10_epsilon_B": [
        -2.534668902746843
      ],
      "ksiN": [
        1.0
      ],
      "L0": [
        0.0
      ],
      "dL": [
        3.09e+19
      ],
      "b": [
        6.0
      ],
      "q": [
        0.0
      ],
      "ts": [
        0.0
      ],
      "geocent_time": [
        -0.0772491086378019
      ]
    }
  }
}