{
  "injections": {
    "__dataframe__": true,
    "content": {
      "simulation_id": [
        0
      ],
      "luminosity_distance": [
        166.47699206685553
      ],
      "timeshift": [
        0.5440133826875158
      ],
      "supernova_mag_boost": [
        1.4800242485895048
      ],
      "geocent_time": [
        0.07560682458476695
      ]
    }
  }
}