{
  "injections": {
    "__dataframe__": true,
    "content": {
      "simulation_id": [
        0
      ],
      "luminosity_distance": [
        175.92992444110791
      ],
      "timeshift": [
        0.47680399119881434
      ],
      "inclination_EM": [
        0.09120820276696541
      ],
      "log10_E0": [
        53.0
      ],
      "thetaCore": [
        0.05
      ],
      "thetaWing": [
        0.1
      ],
      "log10_n0": [
        -2.8184447102070673
      ],
      "p": [
        2.194476452161111
      ],
      "log10_epsilon_e": [
        -1.1528597684644966
      ],
      "log10_epsilon_B": [
        -0.17490376901830818
      ],
      "ksiN": [
        1.0
      ],
      "L0": [
        0.0
      ],
      "dL": [
        3.09e+19
      ],
      "b": [
        6.0
      ],
      "q": [
        0.0
      ],
      "ts": [
        0.0
      ],
      "geocent_time": [
        0.05395955870669125
      ]
    }
  }
}