{
  "injections": {
    "__dataframe__": true,
    "content": {
      "simulation_id": [
        0
      ],
      "luminosity_distance": [
        202.6096245856683
      ],
      "timeshift": [
        0.554240968237995
      ],
      "supernova_mag_boost": [
        -1.8884406100797002
      ],
      "geocent_time": [
        0.0060597182362671365
      ]
    }
  }
}