{
  "injections": {
    "__dataframe__": true,
    "content": {
      "simulation_id": [
        0
      ],
      "luminosity_distance": [
        164.99734749078607
      ],
      "timeshift": [
        0.17333927107192235
      ],
      "inclination_EM": [
        0.11602812048431457
      ],
      "log10_E0": [
        53.0
      ],
      "thetaCore": [
        0.05
      ],
      "thetaWing": [
        0.1
      ],
      "log10_n0": [
        0.7564274177574628
      ],
      "p": [
        2.631711592247827
      ],
      "log10_epsilon_e": [
        -2.46251647595819
      ],
      "log10_epsilon_B": [
        -2.10241119808885
      ],
      "ksiN": [
        1.0
      ],
      "L0": [
        0.0
      ],
      "dL": [
        3.09e+19
      ],
      "b": [
        6.0
      ],
      "q": [
        0.0
      ],
      "ts": [
        0.0
      ],
      "geocent_time": [
        -0.07607806546886
      ]
    }
  }
}