{
  "injections": {
    "__dataframe__": true,
    "content": {
      "simulation_id": [
        0
      ],
      "luminosity_distance": [
        698.3896036198374
      ],
      "timeshift": [
        -0.08173793983384758
      ],
      "log10_Menv": [
        -1.3612556228129025
      ],
      "log10_Renv": [
        13.33549859480343
      ],
      "log10_Ee": [
        51.83064957516209
      ],
      "geocent_time": [
        0.0564444811673015
      ]
    }
  }
}