{
  "injections": {
    "__dataframe__": true,
    "content": {
      "simulation_id": [
        0
      ],
      "luminosity_distance": [
        45.157505583591885
      ],
      "timeshift": [
        -1.8102753635455828
      ],
      "log10_Menv": [
        -0.10390676147375366
      ],
      "log10_Renv": [
        14.573286223843734
      ],
      "log10_Ee": [
        48.279704266436084
      ],
      "geocent_time": [
        0.04516950896891056
      ]
    }
  }
}