{
  "injections": {
    "__dataframe__": true,
    "content": {
      "simulation_id": [
        0
      ],
      "luminosity_distance": [
        204.73228297657218
      ],
      "timeshift": [
        0.10081992118986305
      ],
      "supernova_mag_boost": [
        2.7507830753856535
      ],
      "geocent_time": [
        -0.008318811557737171
      ]
    }
  }
}