{
  "injections": {
    "__dataframe__": true,
    "content": {
      "simulation_id": [
        0
      ],
      "luminosity_distance": [
        174.63745865221668
      ],
      "timeshift": [
        0.14368199625481892
      ],
      "inclination_EM": [
        0.11864763512772034
      ],
      "log10_E0": [
        53.0
      ],
      "thetaCore": [
        0.05
      ],
      "thetaWing": [
        0.1
      ],
      "log10_n0": [
        -0.22239976811269457
      ],
      "p": [
        2.978005007586857
      ],
      "log10_epsilon_e": [
        -1.819155460757003
      ],
      "log10_epsilon_B": [
        -2.714368329795124
      ],
      "ksiN": [
        1.0
      ],
      "L0": [
        0.0
      ],
      "dL": [
        3.09e+19
      ],
      "b": [
        6.0
      ],
      "q": [
        0.0
      ],
      "ts": [
        0.0
      ],
      "geocent_time": [
        -0.04891952084487479
      ]
    }
  }
}