{
  "injections": {
    "__dataframe__": true,
    "content": {
      "simulation_id": [
        0
      ],
      "luminosity_distance": [
        181.35429089187733
      ],
      "timeshift": [
        -0.16666295958267363
      ],
      "supernova_mag_boost": [
        1.3996373319820208
      ],
      "geocent_time": [
        -0.04706142844577119
      ]
    }
  }
}