{
  "injections": {
    "__dataframe__": true,
    "content": {
      "simulation_id": [
        0
      ],
      "luminosity_distance": [
        168.64843055650587
      ],
      "timeshift": [
        0.8852204935309914
      ],
      "inclination_EM": [
        0.15509734451238313
      ],
      "log10_E0": [
        53.0
      ],
      "thetaCore": [
        0.05
      ],
      "thetaWing": [
        0.1
      ],
      "log10_n0": [
        -1.991978485443179
      ],
      "p": [
        2.626936460420242
      ],
      "log10_epsilon_e": [
        -0.7217688945770795
      ],
      "log10_epsilon_B": [
        -2.47040735051365
      ],
      "ksiN": [
        1.0
      ],
      "L0": [
        0.0
      ],
      "dL": [
        3.09e+19
      ],
      "b": [
        6.0
      ],
      "q": [
        0.0
      ],
      "ts": [
        0.0
      ],
      "geocent_time": [
        0.07939827681543382
      ]
    }
  }
}