{
  "injections": {
    "__dataframe__": true,
    "content": {
      "simulation_id": [
        0
      ],
      "luminosity_distance": [
        9.98291485493542
      ],
      "KNphi": [
        15.418217070668968
      ],
      "inclination_EM": [
        0.6609245953919088
      ],
      "timeshift": [
        -1.4572835280199632
      ],
      "log10_mej_dyn": [
        -2.8748244669369587
      ],
      "log10_mej_wind": [
        -1.6976092146996176
      ],
      "geocent_time": [
        -0.01828000872313222
      ]
    }
  }
}