{
  "injections": {
    "__dataframe__": true,
    "content": {
      "simulation_id": [
        0
      ],
      "luminosity_distance": [
        153.4535399292506
      ],
      "timeshift": [
        0.5854945922878642
      ],
      "inclination_EM": [
        0.1612177310257882
      ],
      "log10_E0": [
        53.0
      ],
      "thetaCore": [
        0.05
      ],
      "thetaWing": [
        0.1
      ],
      "log10_n0": [
        2.4919500956464313
      ],
      "p": [
        2.7115091777362825
      ],
      "log10_epsilon_e": [
        -2.993831371703428
      ],
      "log10_epsilon_B": [
        -1.1558172601890486
      ],
      "ksiN": [
        1.0
      ],
      "L0": [
        0.0
      ],
      "dL": [
        3.09e+19
      ],
      "b": [
        6.0
      ],
      "q": [
        0.0
      ],
      "ts": [
        0.0
      ],
      "geocent_time": [
        -0.07028639698061652
      ]
    }
  }
}