{
  "injections": {
    "__dataframe__": true,
    "content": {
      "simulation_id": [
        0
      ],
      "luminosity_distance": [
        150.1963439832009
      ],
      "timeshift": [
        -0.8906005075467758
      ],
      "supernova_mag_boost": [
        -3.380531936366782
      ],
      "geocent_time": [
        -0.03185977006204879
      ]
    }
  }
}