{
  "injections": {
    "__dataframe__": true,
    "content": {
      "simulation_id": [
        0
      ],
      "luminosity_distance": [
        4.548588346406754
      ],
      "KNphi": [
        37.42262956829383
      ],
      "inclination_EM": [
        0.21730739745674946
      ],
      "timeshift": [
        -1.7917825652681527
      ],
      "log10_mej_dyn": [
        -1.8165638533938435
      ],
      "log10_mej_wind": [
        -2.9857167142308882
      ],
      "geocent_time": [
        0.04397769595283152
      ]
    }
  }
}