{
  "injections": {
    "__dataframe__": true,
    "content": {
      "simulation_id": [
        0
      ],
      "luminosity_distance": [
        155.19272573078922
      ],
      "timeshift": [
        0.7418880801022495
      ],
      "inclination_EM": [
        0.1607962839932927
      ],
      "log10_E0": [
        53.0
      ],
      "thetaCore": [
        0.05
      ],
      "thetaWing": [
        0.1
      ],
      "log10_n0": [
        0.3358487388749225
      ],
      "p": [
        2.8041218100780836
      ],
      "log10_epsilon_e": [
        -1.7666011249805509
      ],
      "log10_epsilon_B": [
        -2.676817189159543
      ],
      "ksiN": [
        1.0
      ],
      "L0": [
        0.0
      ],
      "dL": [
        3.09e+19
      ],
      "b": [
        6.0
      ],
      "q": [
        0.0
      ],
      "ts": [
        0.0
      ],
      "geocent_time": [
        0.049307182294150737
      ]
    }
  }
}