{
  "injections": {
    "__dataframe__": true,
    "content": {
      "simulation_id": [
        0
      ],
      "luminosity_distance": [
        163.93511702521317
      ],
      "timeshift": [
        0.34380963993967373
      ],
      "inclination_EM": [
        0.015108343120080822
      ],
      "log10_E0": [
        53.0
      ],
      "thetaCore": [
        0.05
      ],
      "thetaWing": [
        0.1
      ],
      "log10_n0": [
        0.6818065359321981
      ],
      "p": [
        2.4558275029782752
      ],
      "log10_epsilon_e": [
        -1.5269329088647776
      ],
      "log10_epsilon_B": [
        -1.7438568050093397
      ],
      "ksiN": [
        1.0
      ],
      "L0": [
        0.0
      ],
      "dL": [
        3.09e+19
      ],
      "b": [
        6.0
      ],
      "q": [
        0.0
      ],
      "ts": [
        0.0
      ],
      "geocent_time": [
        0.05326654448047019
      ]
    }
  }
}