{
  "injections": {
    "__dataframe__": true,
    "content": {
      "simulation_id": [
        0
      ],
      "luminosity_distance": [
        198.1149960598732
      ],
      "timeshift": [
        0.6562080419221554
      ],
      "supernova_mag_boost": [
        3.3775481342860356
      ],
      "geocent_time": [
        -0.017756852781459484
      ]
    }
  }
}