{
  "injections": {
    "__dataframe__": true,
    "content": {
      "simulation_id": [
        0
      ],
      "luminosity_distance": [
        166.63338704543315
      ],
      "timeshift": [
        0.2767714955623799
      ],
      "supernova_mag_boost": [
        0.6758069326310139
      ],
      "geocent_time": [
        0.023523009336361936
      ]
    }
  }
}