{
  "injections": {
    "__dataframe__": true,
    "content": {
      "simulation_id": [
        0
      ],
      "luminosity_distance": [
        155.42433599971616
      ],
      "timeshift": [
        0.8856330341413244
      ],
      "inclination_EM": [
        0.14002835955703333
      ],
      "log10_E0": [
        53.0
      ],
      "thetaCore": [
        0.05
      ],
      "thetaWing": [
        0.1
      ],
      "log10_n0": [
        2.844583062665899
      ],
      "p": [
        2.6888853192422744
      ],
      "log10_epsilon_e": [
        -0.4292421701858773
      ],
      "log10_epsilon_B": [
        -0.9833850016157948
      ],
      "ksiN": [
        1.0
      ],
      "L0": [
        0.0
      ],
      "dL": [
        3.09e+19
      ],
      "b": [
        6.0
      ],
      "q": [
        0.0
      ],
      "ts": [
        0.0
      ],
      "geocent_time": [
        0.00914455745111413
      ]
    }
  }
}