{
  "injections": {
    "__dataframe__": true,
    "content": {
      "simulation_id": [
        0
      ],
      "luminosity_distance": [
        111.79867803259746
      ],
      "timeshift": [
        -0.45034908826220876
      ],
      "log10_Menv": [
        -1.7153179781855847
      ],
      "log10_Renv": [
        14.377844088887905
      ],
      "log10_Ee": [
        50.175414523117574
      ],
      "geocent_time": [
        -0.06681559197070608
      ]
    }
  }
}