{
  "injections": {
    "__dataframe__": true,
    "content": {
      "simulation_id": [
        0
      ],
      "luminosity_distance": [
        159.53065337621757
      ],
      "timeshift": [
        0.39965554636016876
      ],
      "supernova_mag_boost": [
        1.6973227050790332
      ],
      "geocent_time": [
        -0.04549409794344919
      ]
    }
  }
}