{
  "injections": {
    "__dataframe__": true,
    "content": {
      "simulation_id": [
        0
      ],
      "luminosity_distance": [
        203.90004244115352
      ],
      "timeshift": [
        0.3239614556765438
      ],
      "supernova_mag_boost": [
        -0.28972509921636735
      ],
      "geocent_time": [
        0.03442200396409187
      ]
    }
  }
}