{
  "injections": {
    "__dataframe__": true,
    "content": {
      "simulation_id": [
        0
      ],
      "luminosity_distance": [
        9.497951288638863
      ],
      "KNphi": [
        44.5817292394625
      ],
      "inclination_EM": [
        0.16290554329975174
      ],
      "timeshift": [
        -0.19725115859889364
      ],
      "log10_mej_dyn": [
        -1.0821791221406771
      ],
      "log10_mej_wind": [
        -1.5443978373208047
      ],
      "geocent_time": [
        0.08357061098430216
      ]
    }
  }
}