{
  "injections": {
    "__dataframe__": true,
    "content": {
      "simulation_id": [
        0
      ],
      "luminosity_distance": [
        4.836579495837055
      ],
      "KNphi": [
        24.10394730409478
      ],
      "inclination_EM": [
        0.5168147788194651
      ],
      "timeshift": [
        -1.9024166399239983
      ],
      "log10_mej_dyn": [
        -1.669047237746458
      ],
      "log10_mej_wind": [
        -1.6090844713652748
      ],
      "geocent_time": [
        0.021750260903644514
      ]
    }
  }
}