{
  "injections": {
    "__dataframe__": true,
    "content": {
      "simulation_id": [
        0
      ],
      "luminosity_distance": [
        164.46265614297806
      ],
      "timeshift": [
        0.857265634541027
      ],
      "supernova_mag_boost": [
        3.5925252216996206
      ],
      "geocent_time": [
        -0.07129615136439614
      ]
    }
  }
}