{
  "injections": {
    "__dataframe__": true,
    "content": {
      "simulation_id": [
        0
      ],
      "luminosity_distance": [
        154.31909596354998
      ],
      "timeshift": [
        0.9858560476696924
      ],
      "inclination_EM": [
        0.1928779926576056
      ],
      "log10_E0": [
        53.0
      ],
      "thetaCore": [
        0.05
      ],
      "thetaWing": [
        0.1
      ],
      "log10_n0": [
        -0.24539863135709172
      ],
      "p": [
        2.1827971137289666
      ],
      "log10_epsilon_e": [
        -2.6287039300626596
      ],
      "log10_epsilon_B": [
        -2.137468330649566
      ],
      "ksiN": [
        1.0
      ],
      "L0": [
        0.0
      ],
      "dL": [
        3.09e+19
      ],
      "b": [
        6.0
      ],
      "q": [
        0.0
      ],
      "ts": [
        0.0
      ],
      "geocent_time": [
        -0.005739606591100177
      ]
    }
  }
}