{
  "injections": {
    "__dataframe__": true,
    "content": {
      "simulation_id": [
        0
      ],
      "luminosity_distance": [
        154.4841463798392
      ],
      "timeshift": [
        0.6186383072321326
      ],
      "supernova_mag_boost": [
        -3.148754314447999
      ],
      "geocent_time": [
        0.09643841179720122
      ]
    }
  }
}