{
  "injections": {
    "__dataframe__": true,
    "content": {
      "simulation_id": [
        0
      ],
      "luminosity_distance": [
        174.55370733472225
      ],
      "timeshift": [
        0.8471159162953334
      ],
      "supernova_mag_boost": [
        2.797561771681684
      ],
      "geocent_time": [
        0.06009505969392284
      ]
    }
  }
}