{
  "injections": {
    "__dataframe__": true,
    "content": {
      "simulation_id": [
        0
      ],
      "luminosity_distance": [
        321.334980002029
      ],
      "timeshift": [
        -0.6258628995909379
      ],
      "log10_Menv": [
        -1.922765983829719
      ],
      "log10_Renv": [
        14.648624312142786
      ],
      "log10_Ee": [
        48.94099943940075
      ],
      "geocent_time": [
        0.0846676175159159
      ]
    }
  }
}