{
  "injections": {
    "__dataframe__": true,
    "content": {
      "simulation_id": [
        0
      ],
      "luminosity_distance": [
        19.126763949947055
      ],
      "timeshift": [
        -1.462738369319716
      ],
      "log10_Menv": [
        -0.14439950200306484
      ],
      "log10_Renv": [
        10.180605024521684
      ],
      "log10_Ee": [
        51.74886117941713
      ],
      "geocent_time": [
        -0.012341589010378587
      ]
    }
  }
}