{
  "injections": {
    "__dataframe__": true,
    "content": {
      "simulation_id": [
        0
      ],
      "luminosity_distance": [
        527.625094216104
      ],
      "timeshift": [
        -0.5503371381296631
      ],
      "log10_Menv": [
        -0.8527211960258176
      ],
      "log10_Renv": [
        14.16451240151483
      ],
      "log10_Ee": [
        51.923851860424875
      ],
      "geocent_time": [
        0.014366290644032026
      ]
    }
  }
}