{
  "injections": {
    "__dataframe__": true,
    "content": {
      "simulation_id": [
        0
      ],
      "luminosity_distance": [
        178.40271135708053
      ],
      "timeshift": [
        0.21320734897470792
      ],
      "inclination_EM": [
        0.06214383726355354
      ],
      "log10_E0": [
        53.0
      ],
      "thetaCore": [
        0.05
      ],
      "thetaWing": [
        0.1
      ],
      "log10_n0": [
        1.1565782152446777
      ],
      "p": [
        2.1449250664962323
      ],
      "log10_epsilon_e": [
        -0.35557451629960823
      ],
      "log10_epsilon_B": [
        -0.8167989120571582
      ],
      "ksiN": [
        1.0
      ],
      "L0": [
        0.0
      ],
      "dL": [
        3.09e+19
      ],
      "b": [
        6.0
      ],
      "q": [
        0.0
      ],
      "ts": [
        0.0
      ],
      "geocent_time": [
        0.06092525245022251
      ]
    }
  }
}