{
  "injections": {
    "__dataframe__": true,
    "content": {
      "simulation_id": [
        0
      ],
      "luminosity_distance": [
        9.975619601536014
      ],
      "KNphi": [
        40.824402649167524
      ],
      "inclination_EM": [
        0.4092323050145032
      ],
      "timeshift": [
        -1.69361285927965
      ],
      "log10_mej_dyn": [
        -2.483174022858302
      ],
      "log10_mej_wind": [
        -1.3300657465175199
      ],
      "geocent_time": [
        0.013300341432314622
      ]
    }
  }
}