{
  "injections": {
    "__dataframe__": true,
    "content": {
      "simulation_id": [
        0
      ],
      "luminosity_distance": [
        2.8288506112661107
      ],
      "KNphi": [
        47.83078388251005
      ],
      "inclination_EM": [
        0.7250615834154208
      ],
      "timeshift": [
        -1.900813145069708
      ],
      "log10_mej_dyn": [
        -2.859482456676171
      ],
      "log10_mej_wind": [
        -2.0296423896597
      ],
      "geocent_time": [
        0.004979933463090044
      ]
    }
  }
}