{
  "injections": {
    "__dataframe__": true,
    "content": {
      "simulation_id": [
        0
      ],
      "luminosity_distance": [
        716.8902434571721
      ],
      "timeshift": [
        -1.459355049737886
      ],
      "log10_Menv": [
        -1.0367259167115437
      ],
      "log10_Renv": [
        14.4828396265262
      ],
      "log10_Ee": [
        50.17442063455288
      ],
      "geocent_time": [
        -0.019236888969178897
      ]
    }
  }
}