{
  "injections": {
    "__dataframe__": true,
    "content": {
      "simulation_id": [
        0
      ],
      "luminosity_distance": [
        164.18910041550194
      ],
      "timeshift": [
        0.31859335065812344
      ],
      "inclination_EM": [
        0.11437450153350831
      ],
      "log10_E0": [
        53.0
      ],
      "thetaCore": [
        0.05
      ],
      "thetaWing": [
        0.1
      ],
      "log10_n0": [
        0.2302689649598486
      ],
      "p": [
        2.363822778857012
      ],
      "log10_epsilon_e": [
        -1.683839460188191
      ],
      "log10_epsilon_B": [
        -1.0982442441316893
      ],
      "ksiN": [
        1.0
      ],
      "L0": [
        0.0
      ],
      "dL": [
        3.09e+19
      ],
      "b": [
        6.0
      ],
      "q": [
        0.0
      ],
      "ts": [
        0.0
      ],
      "geocent_time": [
        0.07960554375943332
      ]
    }
  }
}