{
  "injections": {
    "__dataframe__": true,
    "content": {
      "simulation_id": [
        0
      ],
      "luminosity_distance": [
        158.0518903958409
      ],
      "timeshift": [
        0.06599150497394293
      ],
      "inclination_EM": [
        0.15008696320500992
      ],
      "log10_E0": [
        53.0
      ],
      "thetaCore": [
        0.05
      ],
      "thetaWing": [
        0.1
      ],
      "log10_n0": [
        2.8966137871493842
      ],
      "p": [
        2.878553928148461
      ],
      "log10_epsilon_e": [
        -1.2880705492613775
      ],
      "log10_epsilon_B": [
        -0.4331454144168916
      ],
      "ksiN": [
        1.0
      ],
      "L0": [
        0.0
      ],
      "dL": [
        3.09e+19
      ],
      "b": [
        6.0
      ],
      "q": [
        0.0
      ],
      "ts": [
        0.0
      ],
      "geocent_time": [
        0.09600033722863108
      ]
    }
  }
}