{
  "injections": {
    "__dataframe__": true,
    "content": {
      "simulation_id": [
        0
      ],
      "luminosity_distance": [
        154.83306622271078
      ],
      "timeshift": [
        0.1392176433546587
      ],
      "inclination_EM": [
        0.0110809560264066
      ],
      "log10_E0": [
        53.0
      ],
      "thetaCore": [
        0.05
      ],
      "thetaWing": [
        0.1
      ],
      "log10_n0": [
        -1.1509987902151542
      ],
      "p": [
        2.844992293488655
      ],
      "log10_epsilon_e": [
        -2.8870209892129703
      ],
      "log10_epsilon_B": [
        -1.4802358648778569
      ],
      "ksiN": [
        1.0
      ],
      "L0": [
        0.0
      ],
      "dL": [
        3.09e+19
      ],
      "b": [
        6.0
      ],
      "q": [
        0.0
      ],
      "ts": [
        0.0
      ],
      "geocent_time": [
        -0.08554942494336633
      ]
    }
  }
}