{
  "injections": {
    "__dataframe__": true,
    "content": {
      "simulation_id": [
        0
      ],
      "luminosity_distance": [
        155.63431957445698
      ],
      "timeshift": [
        0.09299533230683418
      ],
      "inclination_EM": [
        0.15248800525853082
      ],
      "log10_E0": [
        53.0
      ],
      "thetaCore": [
        0.05
      ],
      "thetaWing": [
        0.1
      ],
      "log10_n0": [
        1.5010129851170717
      ],
      "p": [
        2.3336710342159668
      ],
      "log10_epsilon_e": [
        -2.8630235030263114
      ],
      "log10_epsilon_B": [
        -1.3673580895567747
      ],
      "ksiN": [
        1.0
      ],
      "L0": [
        0.0
      ],
      "dL": [
        3.09e+19
      ],
      "b": [
        6.0
      ],
      "q": [
        0.0
      ],
      "ts": [
        0.0
      ],
      "geocent_time": [
        0.09970706946334093
      ]
    }
  }
}