{
  "injections": {
    "__dataframe__": true,
    "content": {
      "simulation_id": [
        0
      ],
      "luminosity_distance": [
        6.255475688361586
      ],
      "KNphi": [
        48.88491655529247
      ],
      "inclination_EM": [
        0.6896638629293618
      ],
      "timeshift": [
        0.12737562303549632
      ],
      "log10_mej_dyn": [
        -1.2939933981492389
      ],
      "log10_mej_wind": [
        -1.911495252547855
      ],
      "geocent_time": [
        0.0583180937637639
      ]
    }
  }
}