{
  "injections": {
    "__dataframe__": true,
    "content": {
      "simulation_id": [
        0
      ],
      "luminosity_distance": [
        172.86157532728234
      ],
      "timeshift": [
        0.031284959180986976
      ],
      "inclination_EM": [
        0.08172545558857146
      ],
      "log10_E0": [
        53.0
      ],
      "thetaCore": [
        0.05
      ],
      "thetaWing": [
        0.1
      ],
      "log10_n0": [
        -1.290889267247058
      ],
      "p": [
        2.5070990698593647
      ],
      "log10_epsilon_e": [
        -1.5220773414198638
      ],
      "log10_epsilon_B": [
        -1.1552402717941288
      ],
      "ksiN": [
        1.0
      ],
      "L0": [
        0.0
      ],
      "dL": [
        3.09e+19
      ],
      "b": [
        6.0
      ],
      "q": [
        0.0
      ],
      "ts": [
        0.0
      ],
      "geocent_time": [
        -0.05689153520119888
      ]
    }
  }
}