{
  "injections": {
    "__dataframe__": true,
    "content": {
      "simulation_id": [
        0
      ],
      "luminosity_distance": [
        210.5010795508149
      ],
      "timeshift": [
        0.029308076412316808
      ],
      "supernova_mag_boost": [
        -3.3294521034864157
      ],
      "geocent_time": [
        0.0618305167953557
      ]
    }
  }
}