{
  "injections": {
    "__dataframe__": true,
    "content": {
      "simulation_id": [
        0
      ],
      "luminosity_distance": [
        1.4303170211678196
      ],
      "KNphi": [
        16.226194012971153
      ],
      "inclination_EM": [
        0.4949405290212875
      ],
      "timeshift": [
        -1.2220666464033945
      ],
      "log10_mej_dyn": [
        -2.350389718387279
      ],
      "log10_mej_wind": [
        -2.822997652867709
      ],
      "geocent_time": [
        0.03495830292698049
      ]
    }
  }
}