{
  "injections": {
    "__dataframe__": true,
    "content": {
      "simulation_id": [
        0
      ],
      "luminosity_distance": [
        163.89645833172852
      ],
      "timeshift": [
        0.5250439830695408
      ],
      "supernova_mag_boost": [
        2.207531393103986
      ],
      "geocent_time": [
        0.008982552084784184
      ]
    }
  }
}