{
  "injections": {
    "__dataframe__": true,
    "content": {
      "simulation_id": [
        0
      ],
      "luminosity_distance": [
        172.18735599560952
      ],
      "timeshift": [
        -0.1804672095781119
      ],
      "log10_Menv": [
        -1.5834173152862348
      ],
      "log10_Renv": [
        12.142250480419683
      ],
      "log10_Ee": [
        50.91080460595523
      ],
      "geocent_time": [
        0.09074223637426804
      ]
    }
  }
}