{
  "injections": {
    "__dataframe__": true,
    "content": {
      "simulation_id": [
        0
      ],
      "luminosity_distance": [
        204.36152160355428
      ],
      "timeshift": [
        0.17682316928651876
      ],
      "supernova_mag_boost": [
        -2.1182464998525132
      ],
      "geocent_time": [
        -0.07667973572089959
      ]
    }
  }
}