{
  "injections": {
    "__dataframe__": true,
    "content": {
      "simulation_id": [
        0
      ],
      "luminosity_distance": [
        153.46819762252397
      ],
      "timeshift": [
        0.7520342968623885
      ],
      "inclination_EM": [
        0.15021743795106987
      ],
      "log10_E0": [
        53.0
      ],
      "thetaCore": [
        0.05
      ],
      "thetaWing": [
        0.1
      ],
      "log10_n0": [
        -0.10269984201322924
      ],
      "p": [
        2.171086283514113
      ],
      "log10_epsilon_e": [
        -0.5883975202291878
      ],
      "log10_epsilon_B": [
        -0.3962769357655067
      ],
      "ksiN": [
        1.0
      ],
      "L0": [
        0.0
      ],
      "dL": [
        3.09e+19
      ],
      "b": [
        6.0
      ],
      "q": [
        0.0
      ],
      "ts": [
        0.0
      ],
      "geocent_time": [
        -0.028539051328855994
      ]
    }
  }
}