{
  "injections": {
    "__dataframe__": true,
    "content": {
      "simulation_id": [
        0
      ],
      "luminosity_distance": [
        205.42096984578194
      ],
      "timeshift": [
        0.8708855903587636
      ],
      "supernova_mag_boost": [
        -3.938085474608637
      ],
      "geocent_time": [
        -0.09925576226536346
      ]
    }
  }
}