{
  "injections": {
    "__dataframe__": true,
    "content": {
      "simulation_id": [
        0
      ],
      "luminosity_distance": [
        173.4106671615085
      ],
      "timeshift": [
        0.9250989726260727
      ],
      "inclination_EM": [
        0.18148055215461212
      ],
      "log10_E0": [
        53.0
      ],
      "thetaCore": [
        0.05
      ],
      "thetaWing": [
        0.1
      ],
      "log10_n0": [
        1.0214396594347432
      ],
      "p": [
        2.1407940593314985
      ],
      "log10_epsilon_e": [
        -2.1127208748016306
      ],
      "log10_epsilon_B": [
        -0.7768736986461886
      ],
      "ksiN": [
        1.0
      ],
      "L0": [
        0.0
      ],
      "dL": [
        3.09e+19
      ],
      "b": [
        6.0
      ],
      "q": [
        0.0
      ],
      "ts": [
        0.0
      ],
      "geocent_time": [
        0.0620300116060086
      ]
    }
  }
}