{
  "injections": {
    "__dataframe__": true,
    "content": {
      "simulation_id": [
        0
      ],
      "luminosity_distance": [
        207.07433978123458
      ],
      "timeshift": [
        0.4434771653544991
      ],
      "supernova_mag_boost": [
        1.774355050641664
      ],
      "geocent_time": [
        -0.020895912830728336
      ]
    }
  }
}