{
  "injections": {
    "__dataframe__": true,
    "content": {
      "simulation_id": [
        0
      ],
      "luminosity_distance": [
        166.31535587542055
      ],
      "timeshift": [
        0.6895200090811107
      ],
      "supernova_mag_boost": [
        -3.357396126625989
      ],
      "geocent_time": [
        -0.08370521702226513
      ]
    }
  }
}