{
  "injections": {
    "__dataframe__": true,
    "content": {
      "simulation_id": [
        0
      ],
      "luminosity_distance": [
        661.3353203081749
      ],
      "timeshift": [
        -0.48576895058252734
      ],
      "log10_Menv": [
        -1.0636808378351152
      ],
      "log10_Renv": [
        14.934519698154853
      ],
      "log10_Ee": [
        49.25768736590536
      ],
      "geocent_time": [
        0.08861664776156894
      ]
    }
  }
}