{
  "injections": {
    "__dataframe__": true,
    "content": {
      "simulation_id": [
        0
      ],
      "luminosity_distance": [
        2.8326721489123896
      ],
      "KNphi": [
        33.753492422892776
      ],
      "inclination_EM": [
        0.2278415066677076
      ],
      "timeshift": [
        0.3039905205218556
      ],
      "log10_mej_dyn": [
        -2.46281975001418
      ],
      "log10_mej_wind": [
        -2.880788005541799
      ],
      "geocent_time": [
        0.08399966650023857
      ]
    }
  }
}