{
  "injections": {
    "__dataframe__": true,
    "content": {
      "simulation_id": [
        0
      ],
      "luminosity_distance": [
        153.56866951218504
      ],
      "timeshift": [
        0.1828443439560005
      ],
      "inclination_EM": [
        0.12993728535508717
      ],
      "log10_E0": [
        53.0
      ],
      "thetaCore": [
        0.05
      ],
      "thetaWing": [
        0.1
      ],
      "log10_n0": [
        -2.0246446065027017
      ],
      "p": [
        2.4392661255918258
      ],
      "log10_epsilon_e": [
        -1.2155992070264465
      ],
      "log10_epsilon_B": [
        -2.7425784793878156
      ],
      "ksiN": [
        1.0
      ],
      "L0": [
        0.0
      ],
      "dL": [
        3.09e+19
      ],
      "b": [
        6.0
      ],
      "q": [
        0.0
      ],
      "ts": [
        0.0
      ],
      "geocent_time": [
        -0.05618524525884614
      ]
    }
  }
}