{
  "injections": {
    "__dataframe__": true,
    "content": {
      "simulation_id": [
        0
      ],
      "luminosity_distance": [
        160.59779461997346
      ],
      "timeshift": [
        -0.7323259142387952
      ],
      "supernova_mag_boost": [
        4.1914213251006025
      ],
      "geocent_time": [
        0.06940983874097398
      ]
    }
  }
}