{
  "injections": {
    "__dataframe__": true,
    "content": {
      "simulation_id": [
        0
      ],
      "luminosity_distance": [
        154.7824287477257
      ],
      "timeshift": [
        0.13620084646861264
      ],
      "inclination_EM": [
        0.11928409914160863
      ],
      "log10_E0": [
        53.0
      ],
      "thetaCore": [
        0.05
      ],
      "thetaWing": [
        0.1
      ],
      "log10_n0": [
        -2.2216648445572
      ],
      "p": [
        2.5548343167426966
      ],
      "log10_epsilon_e": [
        -1.7452761367169027
      ],
      "log10_epsilon_B": [
        -0.814941385043646
      ],
      "ksiN": [
        1.0
      ],
      "L0": [
        0.0
      ],
      "dL": [
        3.09e+19
      ],
      "b": [
        6.0
      ],
      "q": [
        0.0
      ],
      "ts": [
        0.0
      ],
      "geocent_time": [
        -0.09882887445210167
      ]
    }
  }
}