{
  "injections": {
    "__dataframe__": true,
    "content": {
      "simulation_id": [
        0
      ],
      "luminosity_distance": [
        7.197161464283889
      ],
      "KNphi": [
        45.397880518859125
      ],
      "inclination_EM": [
        0.6580440476667341
      ],
      "timeshift": [
        -1.7058644361986803
      ],
      "log10_mej_dyn": [
        -1.3555045935545778
      ],
      "log10_mej_wind": [
        -1.3361516599642278
      ],
      "geocent_time": [
        -0.060822694211095124
      ]
    }
  }
}