{
  "injections": {
    "__dataframe__": true,
    "content": {
      "simulation_id": [
        0
      ],
      "luminosity_distance": [
        151.8359848794713
      ],
      "timeshift": [
        0.40117780518448964
      ],
      "inclination_EM": [
        0.17222273574093055
      ],
      "log10_E0": [
        53.0
      ],
      "thetaCore": [
        0.05
      ],
      "thetaWing": [
        0.1
      ],
      "log10_n0": [
        -0.36573623298375146
      ],
      "p": [
        2.323735074400295
      ],
      "log10_epsilon_e": [
        -1.107660328224365
      ],
      "log10_epsilon_B": [
        -1.570878558297883
      ],
      "ksiN": [
        1.0
      ],
      "L0": [
        0.0
      ],
      "dL": [
        3.09e+19
      ],
      "b": [
        6.0
      ],
      "q": [
        0.0
      ],
      "ts": [
        0.0
      ],
      "geocent_time": [
        -0.0752240312586064
      ]
    }
  }
}