{
  "injections": {
    "__dataframe__": true,
    "content": {
      "simulation_id": [
        0
      ],
      "luminosity_distance": [
        168.25517711980265
      ],
      "timeshift": [
        0.4766715737196584
      ],
      "inclination_EM": [
        0.19317890397615092
      ],
      "log10_E0": [
        53.0
      ],
      "thetaCore": [
        0.05
      ],
      "thetaWing": [
        0.1
      ],
      "log10_n0": [
        2.7445956525648016
      ],
      "p": [
        2.612828328486242
      ],
      "log10_epsilon_e": [
        -1.9034733186265902
      ],
      "log10_epsilon_B": [
        -1.183727692316888
      ],
      "ksiN": [
        1.0
      ],
      "L0": [
        0.0
      ],
      "dL": [
        3.09e+19
      ],
      "b": [
        6.0
      ],
      "q": [
        0.0
      ],
      "ts": [
        0.0
      ],
      "geocent_time": [
        0.08170212218997883
      ]
    }
  }
}