{
  "injections": {
    "__dataframe__": true,
    "content": {
      "simulation_id": [
        0
      ],
      "luminosity_distance": [
        156.13995435465168
      ],
      "timeshift": [
        0.8213041223265056
      ],
      "inclination_EM": [
        0.15993787630743428
      ],
      "log10_E0": [
        53.0
      ],
      "thetaCore": [
        0.05
      ],
      "thetaWing": [
        0.1
      ],
      "log10_n0": [
        -1.318574018215748
      ],
      "p": [
        2.347994992981744
      ],
      "log10_epsilon_e": [
        -1.0892073378974796
      ],
      "log10_epsilon_B": [
        -0.1687682359340661
      ],
      "ksiN": [
        1.0
      ],
      "L0": [
        0.0
      ],
      "dL": [
        3.09e+19
      ],
      "b": [
        6.0
      ],
      "q": [
        0.0
      ],
      "ts": [
        0.0
      ],
      "geocent_time": [
        0.07637118598727438
      ]
    }
  }
}