{
  "injections": {
    "__dataframe__": true,
    "content": {
      "simulation_id": [
        0
      ],
      "luminosity_distance": [
        163.54788771409437
      ],
      "timeshift": [
        0.9249450839301901
      ],
      "inclination_EM": [
        0.07978898178753131
      ],
      "log10_E0": [
        53.0
      ],
      "thetaCore": [
        0.05
      ],
      "thetaWing": [
        0.1
      ],
      "log10_n0": [
        -1.939247209074055
      ],
      "p": [
        2.0747969758778315
      ],
      "log10_epsilon_e": [
        -2.0473269311080617
      ],
      "log10_epsilon_B": [
        -0.9059971676117717
      ],
      "ksiN": [
        1.0
      ],
      "L0": [
        0.0
      ],
      "dL": [
        3.09e+19
      ],
      "b": [
        6.0
      ],
      "q": [
        0.0
      ],
      "ts": [
        0.0
      ],
      "geocent_time": [
        -0.07496699662286746
      ]
    }
  }
}