{
  "injections": {
    "__dataframe__": true,
    "content": {
      "simulation_id": [
        0
      ],
      "luminosity_distance": [
        156.84326434742485
      ],
      "timeshift": [
        0.1312095897944973
      ],
      "inclination_EM": [
        0.12011061770036298
      ],
      "log10_E0": [
        53.0
      ],
      "thetaCore": [
        0.05
      ],
      "thetaWing": [
        0.1
      ],
      "log10_n0": [
        0.29067436522089274
      ],
      "p": [
        2.4470697545818263
      ],
      "log10_epsilon_e": [
        -0.5114107364395339
      ],
      "log10_epsilon_B": [
        -1.8353411633364165
      ],
      "ksiN": [
        1.0
      ],
      "L0": [
        0.0
      ],
      "dL": [
        3.09e+19
      ],
      "b": [
        6.0
      ],
      "q": [
        0.0
      ],
      "ts": [
        0.0
      ],
      "geocent_time": [
        -0.03723697469606105
      ]
    }
  }
}