{
  "injections": {
    "__dataframe__": true,
    "content": {
      "simulation_id": [
        0
      ],
      "luminosity_distance": [
        965.3811065157716
      ],
      "timeshift": [
        -1.4362843435139527
      ],
      "log10_Menv": [
        -0.1298673022378889
      ],
      "log10_Renv": [
        14.436937669047465
      ],
      "log10_Ee": [
        51.04487383273069
      ],
      "geocent_time": [
        -0.08748429188114813
      ]
    }
  }
}