{
  "injections": {
    "__dataframe__": true,
    "content": {
      "simulation_id": [
        0
      ],
      "luminosity_distance": [
        63.459940407263545
      ],
      "timeshift": [
        -1.8672238992123524
      ],
      "log10_Menv": [
        -1.8703778864625908
      ],
      "log10_Renv": [
        11.490098703417342
      ],
      "log10_Ee": [
        49.7626544051271
      ],
      "geocent_time": [
        0.014223648643552605
      ]
    }
  }
}