{
  "injections": {
    "__dataframe__": true,
    "content": {
      "simulation_id": [
        0
      ],
      "luminosity_distance": [
        4.977740069598544
      ],
      "KNphi": [
        41.04373925048914
      ],
      "inclination_EM": [
        0.5856476076456516
      ],
      "timeshift": [
        -1.1217395459193047
      ],
      "log10_mej_dyn": [
        -1.0416052449316506
      ],
      "log10_mej_wind": [
        -1.36870427280919
      ],
      "geocent_time": [
        0.04036977090258484
      ]
    }
  }
}