{
  "injections": {
    "__dataframe__": true,
    "content": {
      "simulation_id": [
        0
      ],
      "luminosity_distance": [
        169.99314815568152
      ],
      "timeshift": [
        0.3502995052060104
      ],
      "inclination_EM": [
        0.18788769208401981
      ],
      "log10_E0": [
        53.0
      ],
      "thetaCore": [
        0.05
      ],
      "thetaWing": [
        0.1
      ],
      "log10_n0": [
        -0.15862750248849844
      ],
      "p": [
        2.717977554281756
      ],
      "log10_epsilon_e": [
        -0.12145392682006939
      ],
      "log10_epsilon_B": [
        -1.5544102167031282
      ],
      "ksiN": [
        1.0
      ],
      "L0": [
        0.0
      ],
      "dL": [
        3.09e+19
      ],
      "b": [
        6.0
      ],
      "q": [
        0.0
      ],
      "ts": [
        0.0
      ],
      "geocent_time": [
        0.0025027525198356992
      ]
    }
  }
}