{
  "injections": {
    "__dataframe__": true,
    "content": {
      "simulation_id": [
        0
      ],
      "luminosity_distance": [
        181.459481707108
      ],
      "timeshift": [
        0.8906348677410715
      ],
      "inclination_EM": [
        0.11147492567051133
      ],
      "log10_E0": [
        53.0
      ],
      "thetaCore": [
        0.05
      ],
      "thetaWing": [
        0.1
      ],
      "log10_n0": [
        -2.985982785051431
      ],
      "p": [
        2.0855491372802653
      ],
      "log10_epsilon_e": [
        -0.6941260457528915
      ],
      "log10_epsilon_B": [
        -0.41746973174867374
      ],
      "ksiN": [
        1.0
      ],
      "L0": [
        0.0
      ],
      "dL": [
        3.09e+19
      ],
      "b": [
        6.0
      ],
      "q": [
        0.0
      ],
      "ts": [
        0.0
      ],
      "geocent_time": [
        0.09003991310842388
      ]
    }
  }
}