{
    "luminosity_distance": 0.8213814295920951,
    "timeshift": -0.8238384968121908,
    "log10_Menv": -0.2864080432122549,
    "log10_Renv": 11.06156627282712,
    "log10_Ee": 50.48309162141051,
    "Ebv": 0.0,
    "log_likelihood": -11.961523819996415,
    "log_prior": -12.42921619684438,
    "log_bayes_factor": -23.165397988862786,
    "log_bayes_factor_err": 0.09256029545259406,
    "Best fit index": 4817,
    "Magnitudes": {
        "ztfg": [
            13.224258202697456,
            12.471843209075395,
            12.659932536604039,
            12.969024040615416,
            13.311002258363146,
            13.661071515505405,
            14.010082805527773,
            14.35426800693287,
            14.692057408219753,
            15.022874728067563,
            15.34661905402956,
            15.66342206302059,
            15.973527268520478
        ],
        "bestfit_sample_times": [
            -0.7238384968121908,
            -0.2238384968121908,
            0.2761615031878093,
            0.7761615031878093,
            1.2761615031878093,
            1.7761615031878093,
            2.2761615031878093,
            2.7761615031878093,
            3.276161503187809,
            3.776161503187809,
            4.276161503187809,
            4.776161503187809,
            5.276161503187809
        ]
    }
}