{
    "luminosity_distance": 1.0497818287146106,
    "timeshift": -0.0149146212257327,
    "log10_Menv": -0.1835083255461107,
    "log10_Renv": 10.91971441724219,
    "log10_Ee": 50.7678765248612,
    "Ebv": 0.0,
    "log_likelihood": -15.345492261478052,
    "log_prior": -12.42921619684438,
    "log_bayes_factor": -29.579623356827422,
    "log_bayes_factor_err": 0.10267109374490599,
    "Best fit index": 6909,
    "Magnitudes": {
        "ztfg": [
            13.477330879847422,
            12.83732381665488,
            13.103818807041215,
            13.477765050702267,
            13.876279203596681,
            14.277074637312708,
            14.672463515636302,
            15.059620208699108,
            15.437624276668515,
            15.806368329775971,
            16.16610252982931,
            16.517229090074416,
            16.860204976596016,
            16.325681894063145,
            16.779000816538698,
            17.26807646853971,
            17.795601333107243
        ],
        "bestfit_sample_times": [
            0.0850853787742673,
            0.5850853787742673,
            1.0850853787742674,
            1.5850853787742674,
            2.0850853787742674,
            2.5850853787742674,
            3.0850853787742674,
            3.5850853787742674,
            4.085085378774267,
            4.585085378774267,
            5.085085378774267,
            5.585085378774267,
            6.085085378774267,
            6.585085378774267,
            7.085085378774267,
            7.585085378774267,
            8.085085378774266
        ]
    }
}