{
    "luminosity_distance": 8.066491983932469,
    "timeshift": -1.9445326338206697,
    "log10_Menv": -0.4762715225559946,
    "log10_Renv": 12.202264258527103,
    "log10_Ee": 51.35738245475226,
    "Ebv": 0.0,
    "log_likelihood": -9.700355374568169,
    "log_prior": -12.42921619684438,
    "log_bayes_factor": -19.710073106259596,
    "log_bayes_factor_err": 0.09008131803536554,
    "Best fit index": 4144,
    "Magnitudes": {
        "ztfg": [
            15.070852506454976,
            13.596664505547658,
            13.277248550366856,
            13.159041062347065,
            13.12292652034057,
            13.129825859364217,
            13.284292751632428,
            13.462733387109864,
            13.73913482970297,
            14.122889398417726,
            14.628965569965715
        ],
        "bestfit_sample_times": [
            -1.8445326338206696,
            -1.3445326338206698,
            -0.8445326338206696,
            -0.34453263382066956,
            0.15546736617933044,
            0.6554673661793304,
            1.1554673661793304,
            1.6554673661793304,
            2.15546736617933,
            2.65546736617933,
            3.15546736617933
        ]
    }
}