{
    "luminosity_distance": 191.5431439329706,
    "beta": 1.1363881004789689,
    "log10_kappa_r": -0.6233760597338698,
    "KNtimeshift": 0.2896409531403598,
    "log10_vej": -1.6785822314275984,
    "log10_mej": -2.896385110986893,
    "Ebv": 0.4818576643935625,
    "log_likelihood": -11.69354681836854,
    "log_prior": -10.79654824272967,
    "Best fit index": 3776,
    "Magnitudes": {
        "ztfg": [
            25.818480715796753,
            24.17894841908428,
            23.49426032500468,
            22.96956898404374,
            22.581292592169362,
            22.299063899474156,
            22.087225242497205,
            21.96562448976156,
            21.875632261024023,
            21.765357071230888,
            21.721996779676843,
            21.745568817110737,
            21.840669030228128,
            22.015656673884216,
            Infinity
        ],
        "bestfit_sample_times": [
            0.1,
            0.6,
            1.1,
            1.6,
            2.1,
            2.6,
            3.1,
            3.6,
            4.1,
            4.6,
            5.1,
            5.6,
            6.1,
            6.6,
            7.1
        ]
    }
}