{
    "luminosity_distance": 189.809847781156,
    "beta": 1.025449169220685,
    "log10_kappa_r": -0.805535907784544,
    "KNtimeshift": 0.3123784147082409,
    "log10_vej": -1.9904239286214191,
    "log10_mej": -2.882057117602573,
    "Ebv": 0.5614505828749751,
    "log_likelihood": -39.80100587870152,
    "log_prior": -12.909079556554596,
    "Best fit index": 1757,
    "Magnitudes": {
        "ztfg": [
            26.519114790110727,
            24.824592789309932,
            24.0431931191738,
            23.388655826092567,
            22.902091814008074,
            22.509528554314905,
            22.168623680168267,
            21.851480858838798,
            21.655258048240363,
            21.453889044059203,
            21.237914037010725,
            21.117885246774136,
            20.972182181130968,
            20.914719467204122,
            20.765896297166286,
            20.641424949204186,
            20.539649606677102,
            20.459259958276654,
            20.399243160218454,
            20.35884648347939,
            20.33756337024134,
            20.335125523812636,
            20.351516855765354,
            20.386993216605326,
            20.442130427161104,
            20.517881701688246,
            20.615681758714956,
            20.737569114057564,
            20.886398417803377,
            21.066086206693903,
            21.2820502540592,
            21.541691432169017,
            21.855332288951175,
            22.237085473002715,
            Infinity
        ],
        "bestfit_sample_times": [
            0.1,
            0.6,
            1.1,
            1.6,
            2.1,
            2.6,
            3.1,
            3.6,
            4.1,
            4.6,
            5.1,
            5.6,
            6.1,
            6.6,
            7.1,
            7.6,
            8.1,
            8.6,
            9.1,
            9.6,
            10.1,
            10.6,
            11.1,
            11.6,
            12.1,
            12.6,
            13.1,
            13.6,
            14.1,
            14.6,
            15.1,
            15.6,
            16.1,
            16.6,
            17.1
        ]
    }
}