{
    "luminosity_distance": 194.5553522841879,
    "beta": 1.0739988920248629,
    "log10_kappa_r": -0.776683817939241,
    "KNtimeshift": 0.0423370540307344,
    "log10_vej": -1.887844720370632,
    "log10_mej": -2.7679096792225675,
    "Ebv": 0.5720177003598534,
    "log_likelihood": -15.607327546042292,
    "log_prior": -16.26391636037475,
    "Best fit index": 3459,
    "Magnitudes": {
        "ztfg": [
            26.303074865101415,
            24.6091259064252,
            23.926405712465524,
            23.324871964640344,
            22.89275877127904,
            22.557115229278793,
            22.278457824078515,
            22.029786111634465,
            21.90147350775358,
            21.775582126628088,
            21.643826332303135,
            21.608391980471218,
            21.611333532090278,
            21.543053538977887,
            21.510284888482182,
            21.512714938102597,
            21.551138270863646,
            21.627442368265946,
            Infinity
        ],
        "bestfit_sample_times": [
            0.1,
            0.6,
            1.1,
            1.6,
            2.1,
            2.6,
            3.1,
            3.6,
            4.1,
            4.6,
            5.1,
            5.6,
            6.1,
            6.6,
            7.1,
            7.6,
            8.1,
            8.6,
            9.1
        ]
    }
}