{
    "luminosity_distance": 189.06315744605712,
    "beta": 1.0507127751534715,
    "log10_kappa_r": -0.5879616222374686,
    "KNtimeshift": -0.0380767193764404,
    "log10_vej": -1.9577755977172369,
    "log10_mej": -2.947639318489138,
    "Ebv": 0.5292991575053894,
    "log_likelihood": -19.95231300727886,
    "log_prior": -11.53882323645156,
    "Best fit index": 2502,
    "Magnitudes": {
        "ztfg": [
            26.338474082452322,
            24.726700407828922,
            23.973297788780215,
            23.384706422304475,
            22.92477174078885,
            22.51371174232463,
            22.262500393197122,
            21.99216595191779,
            21.84101592996278,
            21.69276060650713,
            21.538528284587855,
            21.478847564124436,
            21.45628760263206,
            21.41443846464417,
            21.404550875259943,
            21.425210015566634,
            21.424335952597332,
            21.455129892718887,
            21.51903103766245,
            21.618508847619545,
            21.757536757988227,
            21.941851636036525,
            Infinity
        ],
        "bestfit_sample_times": [
            0.1,
            0.6,
            1.1,
            1.6,
            2.1,
            2.6,
            3.1,
            3.6,
            4.1,
            4.6,
            5.1,
            5.6,
            6.1,
            6.6,
            7.1,
            7.6,
            8.1,
            8.6,
            9.1,
            9.6,
            10.1,
            10.6,
            11.1
        ]
    }
}