{
    "luminosity_distance": 168.98094504761522,
    "beta": 3.747673811335215,
    "log10_kappa_r": 1.5617650203948976,
    "KNtimeshift": -0.1651029984400409,
    "log10_vej": -1.6945108164693778,
    "log10_mej": -2.642560287521496,
    "Ebv": 0.0381379408737372,
    "log_likelihood": -3.741180312688072,
    "log_prior": -9.02147931479846,
    "Best fit index": 2993,
    "Magnitudes": {
        "ztfg": [
            26.15650914416303,
            24.150971058660097,
            23.974479993329638,
            23.122089984660704,
            22.790392151034,
            22.620731569591804,
            Infinity
        ],
        "bestfit_sample_times": [
            0.1,
            0.6,
            1.1,
            1.6,
            2.1,
            2.6,
            3.1
        ]
    }
}