{
    "luminosity_distance": 199.1021739388022,
    "beta": 1.0620026961933855,
    "log10_kappa_r": -0.7684969058982021,
    "KNtimeshift": 0.2083405773876645,
    "log10_vej": -1.998523018214176,
    "log10_mej": -2.848924624208686,
    "Ebv": 0.565135779011841,
    "log_likelihood": -31.16212653066661,
    "log_prior": -13.319404717594011,
    "Best fit index": 1833,
    "Magnitudes": {
        "ztfg": [
            26.684781253437187,
            24.889470904670027,
            24.148999037192283,
            23.489778238735987,
            23.000750341339483,
            22.607999064238584,
            22.269624341364292,
            21.9577739700183,
            21.765710809938142,
            21.571298568286657,
            21.36515579487328,
            21.253760845318823,
            21.176385356231243,
            21.072527845759126,
            20.996127200392976,
            20.945033689195505,
            20.860912237657658,
            20.799452086159754,
            20.759812791878225,
            20.74146229852188,
            20.74418307505325,
            20.768081386262303,
            20.813637524915556,
            20.881760767347522,
            20.973907942809348,
            21.092212891121974,
            21.239736684473215,
            21.420737363735242,
            21.6412029013835,
            21.909386224410852,
            Infinity
        ],
        "bestfit_sample_times": [
            0.1,
            0.6,
            1.1,
            1.6,
            2.1,
            2.6,
            3.1,
            3.6,
            4.1,
            4.6,
            5.1,
            5.6,
            6.1,
            6.6,
            7.1,
            7.6,
            8.1,
            8.6,
            9.1,
            9.6,
            10.1,
            10.6,
            11.1,
            11.6,
            12.1,
            12.6,
            13.1,
            13.6,
            14.1,
            14.6,
            15.1
        ]
    }
}