{
    "luminosity_distance": 199.66424929052704,
    "beta": 1.0325508875679077,
    "log10_kappa_r": -0.928665246077204,
    "KNtimeshift": -0.2397561439303479,
    "log10_vej": -1.9682643304802192,
    "log10_mej": -2.6644075306578108,
    "Ebv": 0.5484742132219522,
    "log_likelihood": -25.289217057605043,
    "log_prior": -12.127408958825802,
    "Best fit index": 2422,
    "Magnitudes": {
        "ztfg": [
            26.20451246815346,
            24.57555477636989,
            23.86109891294575,
            23.26045463267915,
            22.824600695514228,
            22.422414536298888,
            22.125603114038476,
            21.909871562503973,
            21.70039474658043,
            21.54388153109474,
            21.432467343710492,
            21.300639903900823,
            21.26302806214533,
            21.197112868468594,
            21.160008130707773,
            21.09067462401046,
            21.047603197026362,
            21.030135671963073,
            21.03811714956212,
            21.071891920437388,
            21.1324236789589,
            21.221367883681154,
            21.341344493965465,
            21.496129139599773,
            21.691251277894317,
            21.934382338435206,
            Infinity
        ],
        "bestfit_sample_times": [
            0.1,
            0.6,
            1.1,
            1.6,
            2.1,
            2.6,
            3.1,
            3.6,
            4.1,
            4.6,
            5.1,
            5.6,
            6.1,
            6.6,
            7.1,
            7.6,
            8.1,
            8.6,
            9.1,
            9.6,
            10.1,
            10.6,
            11.1,
            11.6,
            12.1,
            12.6,
            13.1
        ]
    }
}