{
    "luminosity_distance": 198.5517030481214,
    "beta": 4.380998376157056,
    "log10_kappa_r": 1.8148465574184056,
    "KNtimeshift": -1.1684680358785513,
    "log10_vej": -1.8674375475343088,
    "log10_mej": -2.88729016841314,
    "Ebv": 0.4728377599509773,
    "log_likelihood": -7.681882137731296,
    "log_prior": -10.70158280407472,
    "Best fit index": 4085,
    "Magnitudes": {
        "ztfg": [
            29.351280616249362,
            26.852200106858703,
            26.1442572977898,
            24.879117932166857,
            23.988356441573828,
            23.315784121416776,
            22.838201958752606,
            22.508493252477237,
            22.319223977662254,
            22.249029309559425,
            Infinity
        ],
        "bestfit_sample_times": [
            0.1,
            0.6,
            1.1,
            1.6,
            2.1,
            2.6,
            3.1,
            3.6,
            4.1,
            4.6,
            5.1
        ]
    }
}