{
    "injections": {
        "__dataframe__": true,
        "content": {
            "luminosity_distance": [
                215.82497348535549
            ],
            "KNtimeshift": [
                0.8696446614816793
            ],
            "supernova_mag_boost": [
                -3.7103060244006656
            ],
            "geocent_time": [
                -0.08560737995433282
            ],
            "simulation_id": [
                0
            ]
        }
    }
}