{
    "injections": {
        "__dataframe__": true,
        "content": {
            "luminosity_distance": [
                291.0001771658758
            ],
            "KNtimeshift": [
                -1.692776781258854
            ],
            "supernova_mag_boost": [
                0.14213323956409862
            ],
            "geocent_time": [
                -0.06833602350820041
            ],
            "simulation_id": [
                0
            ]
        }
    }
}