{
  "injections": {
    "__dataframe__": true,
    "content": {
      "simulation_id": [
        0
      ],
      "luminosity_distance": [
        188.01094647298896
      ],
      "KNtimeshift": [
        0.018875069232866082
      ],
      "supernova_mag_boost": [
        -0.8205807631142061
      ],
      "geocent_time": [
        -0.09296365007159697
      ]
    }
  }
}