{
  "injections": {
    "__dataframe__": true,
    "content": {
      "simulation_id": [
        0
      ],
      "luminosity_distance": [
        173.67763048339373
      ],
      "KNtimeshift": [
        0.35990426420039867
      ],
      "inclination_EM": [
        0.08491051021136013
      ],
      "log10_E0": [
        53.0
      ],
      "thetaCore": [
        0.05
      ],
      "thetaWing": [
        0.1
      ],
      "log10_n0": [
        -1.8580367659582504
      ],
      "p": [
        2.18370280321341
      ],
      "log10_epsilon_e": [
        -1.8080918778535584
      ],
      "log10_epsilon_B": [
        -2.946946610369669
      ],
      "ksiN": [
        1.0
      ],
      "L0": [
        0.0
      ],
      "dL": [
        3.09e+19
      ],
      "b": [
        6.0
      ],
      "q": [
        0.0
      ],
      "ts": [
        0.0
      ],
      "geocent_time": [
        0.007195176462213015
      ]
    }
  }
}