{
  "injections": {
    "__dataframe__": true,
    "content": {
      "simulation_id": [
        0
      ],
      "luminosity_distance": [
        189.20263490878966
      ],
      "KNtimeshift": [
        0.597119375320013
      ],
      "supernova_mag_boost": [
        -0.704500339194988
      ],
      "geocent_time": [
        0.0056292973746088215
      ]
    }
  }
}