{
    "injections": {
        "__dataframe__": true,
        "content": {
            "luminosity_distance": [
                454.98608811387487
            ],
            "KNtimeshift": [
                -1.2110269682050236
            ],
            "supernova_mag_boost": [
                -1.3466517255443913
            ],
            "geocent_time": [
                -0.00815527060744678
            ],
            "simulation_id": [
                0
            ]
        }
    }
}