{
    "injections": {
        "__dataframe__": true,
        "content": {
            "luminosity_distance": [
                224.6666044189132
            ],
            "KNtimeshift": [
                -1.6746665363787205
            ],
            "supernova_mag_boost": [
                -0.43391775212526973
            ],
            "geocent_time": [
                -0.08082418233601547
            ],
            "simulation_id": [
                0
            ]
        }
    }
}