{
    "injections": {
        "__dataframe__": true,
        "content": {
            "luminosity_distance": [
                2188.970897271682
            ],
            "KNtimeshift": [
                -1.0384482606146475
            ],
            "supernova_mag_boost": [
                1.7735998934749322
            ],
            "geocent_time": [
                -0.022343492524618674
            ],
            "simulation_id": [
                0
            ]
        }
    }
}