{
    "injections": {
        "__dataframe__": true,
        "content": {
            "luminosity_distance": [
                151.71425535360652
            ],
            "KNtimeshift": [
                -0.5190987219786665
            ],
            "supernova_mag_boost": [
                0.6955923151560119
            ],
            "geocent_time": [
                0.09326354334895287
            ],
            "simulation_id": [
                0
            ]
        }
    }
}