{
    "injections": {
        "__dataframe__": true,
        "content": {
            "luminosity_distance": [
                5142.610797101733
            ],
            "KNtimeshift": [
                0.2591339021793724
            ],
            "supernova_mag_boost": [
                -3.992350498576971
            ],
            "geocent_time": [
                0.046956960382002366
            ],
            "simulation_id": [
                0
            ]
        }
    }
}