{
    "injections": {
        "__dataframe__": true,
        "content": {
            "luminosity_distance": [
                208.74279030014543
            ],
            "KNtimeshift": [
                -0.3445179333092252
            ],
            "supernova_mag_boost": [
                -3.078519924656191
            ],
            "geocent_time": [
                -0.0745099103735744
            ],
            "simulation_id": [
                0
            ]
        }
    }
}