{
    "injections": {
        "__dataframe__": true,
        "content": {
            "luminosity_distance": [
                165.72373389442112
            ],
            "KNtimeshift": [
                -1.988207059262359
            ],
            "inclination_EM": [
                0.036068576569807706
            ],
            "log10_E0": [
                53.0
            ],
            "thetaCore": [
                0.05
            ],
            "thetaWing": [
                0.1
            ],
            "log10_n0": [
                -1.9651827470545151
            ],
            "p": [
                2.272900981626223
            ],
            "log10_epsilon_e": [
                -1.1067394702642677
            ],
            "log10_epsilon_B": [
                -0.5423823869979225
            ],
            "ksiN": [
                1.0
            ],
            "L0": [
                0.0
            ],
            "dL": [
                3.09e+19
            ],
            "b": [
                6.0
            ],
            "q": [
                0.0
            ],
            "ts": [
                0.0
            ],
            "geocent_time": [
                0.08657810259039508
            ],
            "simulation_id": [
                0
            ]
        }
    }
}