{
    "injections": {
        "__dataframe__": true,
        "content": {
            "luminosity_distance": [
                1107.2353131530856
            ],
            "KNtimeshift": [
                -0.5939489657014085
            ],
            "supernova_mag_boost": [
                0.3473422338554224
            ],
            "geocent_time": [
                0.07129519334947984
            ],
            "simulation_id": [
                0
            ]
        }
    }
}