{
    "injections": {
        "__dataframe__": true,
        "content": {
            "luminosity_distance": [
                469.9742125610491
            ],
            "KNtimeshift": [
                -0.06583352678320642
            ],
            "supernova_mag_boost": [
                -0.8084322475412691
            ],
            "geocent_time": [
                0.05750483393638403
            ],
            "simulation_id": [
                0
            ]
        }
    }
}