{
    "injections": {
        "__dataframe__": true,
        "content": {
            "luminosity_distance": [
                64.02924174230338
            ],
            "KNtimeshift": [
                -1.6071691987073828
            ],
            "inclination_EM": [
                1.1293007690113523
            ],
            "log10_E0": [
                44.893616761430934
            ],
            "thetaCore": [
                0.14665971940019715
            ],
            "thetaWing": [
                0.6578197326479952
            ],
            "log10_n0": [
                13.121662229527894
            ],
            "p": [
                5.308798580664726
            ],
            "log10_epsilon_e": [
                -7.846741220837483
            ],
            "log10_epsilon_B": [
                -11.258283309720456
            ],
            "ksiN": [
                1.0
            ],
            "L0": [
                0.0
            ],
            "dL": [
                3.09e+19
            ],
            "b": [
                6.0
            ],
            "q": [
                0.0
            ],
            "ts": [
                0.0
            ],
            "geocent_time": [
                -0.0759227184944656
            ],
            "simulation_id": [
                0
            ]
        }
    }
}