{
    "injections": {
        "__dataframe__": true,
        "content": {
            "luminosity_distance": [
                396.62429768878036
            ],
            "KNtimeshift": [
                -1.6719399571451072
            ],
            "supernova_mag_boost": [
                -0.6328513803943459
            ],
            "geocent_time": [
                0.07473206568461174
            ],
            "simulation_id": [
                0
            ]
        }
    }
}