{
    "injections": {
        "__dataframe__": true,
        "content": {
            "luminosity_distance": [
                5603.051352778047
            ],
            "KNtimeshift": [
                -0.6181065818699221
            ],
            "supernova_mag_boost": [
                1.9437959259126227
            ],
            "geocent_time": [
                -0.009863021845632175
            ],
            "simulation_id": [
                0
            ]
        }
    }
}