{
    "injections": {
        "__dataframe__": true,
        "content": {
            "luminosity_distance": [
                38.268292266191544
            ],
            "KNphi": [
                44.89663552139679
            ],
            "inclination_EM": [
                1.3113932138760236
            ],
            "KNtimeshift": [
                0.17130622368604254
            ],
            "log10_mej_dyn": [
                -1.0693026880562342
            ],
            "log10_mej_wind": [
                -2.2834339632583385
            ],
            "geocent_time": [
                -0.07824501111033047
            ],
            "simulation_id": [
                0
            ]
        }
    }
}