{
    "injections": {
        "__dataframe__": true,
        "content": {
            "luminosity_distance": [
                124.68635144474946
            ],
            "KNtimeshift": [
                -1.3439329723226843
            ],
            "supernova_mag_boost": [
                1.2311809341992195
            ],
            "geocent_time": [
                -0.05205544414032657
            ],
            "simulation_id": [
                0
            ]
        }
    }
}