{
    "injections": {
        "__dataframe__": true,
        "content": {
            "luminosity_distance": [
                120.9338193522465
            ],
            "KNtimeshift": [
                -1.0557096129935868
            ],
            "supernova_mag_boost": [
                -2.3104751882720964
            ],
            "geocent_time": [
                0.09428503992578455
            ],
            "simulation_id": [
                0
            ]
        }
    }
}