{
    "injections": {
        "__dataframe__": true,
        "content": {
            "luminosity_distance": [
                40.025279154242185
            ],
            "KNtimeshift": [
                -1.3020147891905949
            ],
            "supernova_mag_boost": [
                -4.3683732369314585
            ],
            "geocent_time": [
                -0.009380366587006764
            ],
            "simulation_id": [
                0
            ]
        }
    }
}