{
    "injections": {
        "__dataframe__": true,
        "content": {
            "luminosity_distance": [
                984.0503268153086
            ],
            "KNtimeshift": [
                -0.1930347792450826
            ],
            "inclination_EM": [
                0.6072175559511109
            ],
            "log10_E0": [
                96.86677412941384
            ],
            "thetaCore": [
                0.5337887050743662
            ],
            "thetaWing": [
                1.1795616532370858
            ],
            "log10_n0": [
                5.126542600933524
            ],
            "p": [
                6.147510027807646
            ],
            "log10_epsilon_e": [
                -2.552336284310776
            ],
            "log10_epsilon_B": [
                -7.0374680588875025
            ],
            "ksiN": [
                1.0
            ],
            "L0": [
                0.0
            ],
            "dL": [
                3.09e+19
            ],
            "b": [
                6.0
            ],
            "q": [
                0.0
            ],
            "ts": [
                0.0
            ],
            "geocent_time": [
                -0.014442872470851117
            ],
            "simulation_id": [
                0
            ]
        }
    }
}