{
    "injections": {
        "__dataframe__": true,
        "content": {
            "luminosity_distance": [
                23.655748957165258
            ],
            "KNtimeshift": [
                -0.573412309871324
            ],
            "supernova_mag_boost": [
                2.918407414194938
            ],
            "geocent_time": [
                -0.06614038145952975
            ],
            "simulation_id": [
                0
            ]
        }
    }
}