{
    "injections": {
        "__dataframe__": true,
        "content": {
            "luminosity_distance": [
                6217.256989112284
            ],
            "KNtimeshift": [
                -0.6365165474824173
            ],
            "supernova_mag_boost": [
                1.0118856563631926
            ],
            "geocent_time": [
                0.041118339532425885
            ],
            "simulation_id": [
                0
            ]
        }
    }
}