{
    "injections": {
        "__dataframe__": true,
        "content": {
            "luminosity_distance": [
                3254.4379071859944
            ],
            "KNtimeshift": [
                -1.9739540816973737
            ],
            "supernova_mag_boost": [
                3.1426850617230553
            ],
            "geocent_time": [
                -0.02693195113416516
            ],
            "simulation_id": [
                0
            ]
        }
    }
}