{
    "injections": {
        "__dataframe__": true,
        "content": {
            "luminosity_distance": [
                66.06084262561008
            ],
            "KNtimeshift": [
                -1.7584309947026884
            ],
            "supernova_mag_boost": [
                3.8163566879044204
            ],
            "geocent_time": [
                -0.0668103413746916
            ],
            "simulation_id": [
                0
            ]
        }
    }
}