{
    "injections": {
        "__dataframe__": true,
        "content": {
            "luminosity_distance": [
                256.8307577813996
            ],
            "KNtimeshift": [
                -0.847808137780047
            ],
            "supernova_mag_boost": [
                0.7446842034227146
            ],
            "geocent_time": [
                -0.0865439752703095
            ],
            "simulation_id": [
                0
            ]
        }
    }
}