{
    "injections": {
        "__dataframe__": true,
        "content": {
            "luminosity_distance": [
                241.86691694788865
            ],
            "KNtimeshift": [
                -0.13904830324873751
            ],
            "supernova_mag_boost": [
                -0.07449020065558276
            ],
            "geocent_time": [
                0.03057295227967563
            ],
            "simulation_id": [
                0
            ]
        }
    }
}