{
    "injections": {
        "__dataframe__": true,
        "content": {
            "luminosity_distance": [
                66.82510651353354
            ],
            "KNtimeshift": [
                -1.0898575696537267
            ],
            "supernova_mag_boost": [
                4.866188239257712
            ],
            "geocent_time": [
                0.07533744533771386
            ],
            "simulation_id": [
                0
            ]
        }
    }
}