{
    "injections": {
        "__dataframe__": true,
        "content": {
            "luminosity_distance": [
                3799.6682985268612
            ],
            "KNtimeshift": [
                -0.5636490945073089
            ],
            "supernova_mag_boost": [
                0.5543561986876444
            ],
            "geocent_time": [
                -0.07679713426231068
            ],
            "simulation_id": [
                0
            ]
        }
    }
}