{
    "injections": {
        "__dataframe__": true,
        "content": {
            "luminosity_distance": [
                4716.897111222475
            ],
            "KNtimeshift": [
                -1.9560590219510914
            ],
            "supernova_mag_boost": [
                -0.5173250570464312
            ],
            "geocent_time": [
                0.022717627538001925
            ],
            "simulation_id": [
                0
            ]
        }
    }
}