{
    "injections": {
        "__dataframe__": true,
        "content": {
            "luminosity_distance": [
                61.917627036302605
            ],
            "KNtimeshift": [
                -0.9422519273812866
            ],
            "inclination_EM": [
                0.7183270286486705
            ],
            "log10_E0": [
                2.406145598630512
            ],
            "thetaCore": [
                0.7538983200487634
            ],
            "thetaWing": [
                0.8856753445885938
            ],
            "log10_n0": [
                14.554833318349633
            ],
            "p": [
                9.109333933813236
            ],
            "log10_epsilon_e": [
                -5.2701952935151315
            ],
            "log10_epsilon_B": [
                -0.4518349818078189
            ],
            "ksiN": [
                1.0
            ],
            "L0": [
                0.0
            ],
            "dL": [
                3.09e+19
            ],
            "b": [
                6.0
            ],
            "q": [
                0.0
            ],
            "ts": [
                0.0
            ],
            "geocent_time": [
                0.06968346669926004
            ],
            "simulation_id": [
                0
            ]
        }
    }
}