{
    "injections": {
        "__dataframe__": true,
        "content": {
            "luminosity_distance": [
                1250.2232945032752
            ],
            "KNtimeshift": [
                0.7990414062147835
            ],
            "supernova_mag_boost": [
                2.549454280300303
            ],
            "geocent_time": [
                -0.06007352687463217
            ],
            "simulation_id": [
                0
            ]
        }
    }
}