{
    "injections": {
        "__dataframe__": true,
        "content": {
            "luminosity_distance": [
                0.299650615986069
            ],
            "KNphi": [
                32.13134370366629
            ],
            "inclination_EM": [
                1.1725195153518475
            ],
            "KNtimeshift": [
                -0.9771712523596849
            ],
            "log10_mej_dyn": [
                -1.3651366609519222
            ],
            "log10_mej_wind": [
                -1.8718389523615424
            ],
            "geocent_time": [
                0.09574579371333411
            ],
            "simulation_id": [
                0
            ]
        }
    }
}