{
    "injections": {
        "__dataframe__": true,
        "content": {
            "luminosity_distance": [
                339.19811140820445
            ],
            "KNtimeshift": [
                0.787993613301329
            ],
            "supernova_mag_boost": [
                -0.7389412566646572
            ],
            "geocent_time": [
                -0.09448277781158756
            ],
            "simulation_id": [
                0
            ]
        }
    }
}