{
    "injections": {
        "__dataframe__": true,
        "content": {
            "luminosity_distance": [
                3205.054068451402
            ],
            "KNtimeshift": [
                0.47238838108423664
            ],
            "inclination_EM": [
                0.8933175983711619
            ],
            "log10_E0": [
                66.17932484019066
            ],
            "thetaCore": [
                0.5508739904331663
            ],
            "thetaWing": [
                1.1010239090764649
            ],
            "log10_n0": [
                9.425526831374302
            ],
            "p": [
                2.6683444099034803
            ],
            "log10_epsilon_e": [
                -9.460534328278193
            ],
            "log10_epsilon_B": [
                -1.5038246509299764
            ],
            "ksiN": [
                1.0
            ],
            "L0": [
                0.0
            ],
            "dL": [
                3.09e+19
            ],
            "b": [
                6.0
            ],
            "q": [
                0.0
            ],
            "ts": [
                0.0
            ],
            "geocent_time": [
                0.04784991002187286
            ],
            "simulation_id": [
                0
            ]
        }
    }
}