{
    "injections": {
        "__dataframe__": true,
        "content": {
            "luminosity_distance": [
                17.321278014966424
            ],
            "KNtimeshift": [
                0.7254810651911527
            ],
            "supernova_mag_boost": [
                -3.0146635180802783
            ],
            "geocent_time": [
                -0.048521035013630455
            ],
            "simulation_id": [
                0
            ]
        }
    }
}