{"g": [[44244.2029019442, 20.09142557619789, Infinity], [44244.45750624585, 19.437479320301, 0.07124273957231214], [44247.411493333835, 19.895148512513952, Infinity], [44258.34049429649, 20.76003871866213, Infinity], [44260.33808236686, 21.26921945366509, Infinity], [44262.38717438446, 21.33349424592176, Infinity]], "r": [[44247.38699093399, 20.625672536101405, Infinity], [44249.35692913241, 20.930385181004453, Infinity], [44255.321204581014, 21.404450132468718, Infinity], [44258.318619296864, 20.857189452054254, Infinity], [44260.41913566669, 20.0521218893466, Infinity], [44262.348493784455, 21.02619666233499, Infinity]], "i": [[44244.93865615788, 20.551477692190957, Infinity], [44247.99907674427, 18.231444560221483, Infinity], [44252.027055533246, 20.141337760292668, Infinity], [44256.03168547842, 20.476882580533037, Infinity], [44258.936210826694, 20.571535208973653, Infinity], [44262.044204824015, 20.20599053017821, Infinity]]}