{"ztfg": [[44244.01021980489, 22.88794593172409, 0.0], [44244.51021980489, 18.61902049330155, 0.0], [44245.01021980489, 17.87714249910783, 0.0], [44245.51021980489, 17.636348801563255, 0.0], [44246.01021980489, 17.44841832804016, 0.0], [44246.51021980489, 17.288267455844835, 0.0], [44247.01021980489, 17.14873131404809, 0.0], [44247.51021980489, 17.025102967697936, 0.0], [44248.01021980489, 16.914123644716373, 0.0], [44248.51021980489, 16.81344354336652, 0.0], [44249.01021980489, 16.721312352450536, 0.0], [44249.51021980489, 16.636391213027768, 0.0], [44250.01021980489, 16.557633074911106, 0.0], [44250.51021980489, 16.484203609311106, 0.0], [44251.01021980489, 16.415427222893438, 0.0], [44251.51021980489, 16.35464609468023, 0.0], [44252.01021980489, 16.300182790180802, 0.0], [44252.51021980489, 16.248321500100094, 0.0], [44253.01021980489, 16.19882489459675, 0.0], [44253.51021980489, 16.15148670282181, 0.0], [44254.01021980489, 16.10612651917344, 0.0], [44254.51021980489, 16.06258565176199, 0.0], [44255.01021980489, 16.02072377177515, 0.0], [44255.51021980489, 15.980416185202177, 0.0], [44256.01021980489, 15.941551593152628, 0.0], [44256.51021980489, 15.909234741058814, 0.0], [44257.01021980489, 15.897591335607576, 0.0], [44257.51021980489, 15.886071470051792, 0.0], [44258.01021980489, 15.874672550303455, 0.0], [44258.51021980489, 15.863392063132256, 0.0], [44259.01021980489, 15.852227572839698, 0.0], [44259.51021980489, 15.841176718102414, 0.0], [44260.01021980489, 15.83023720897457, 0.0], [44260.51021980489, 15.819406824039742, 0.0], [44261.01021980489, 15.808683407703501, 0.0], [44261.51021980489, 15.798064867618312, 0.0], [44262.01021980489, 15.819256413861833, 0.0], [44262.51021980489, 15.845937093281417, 0.0], [44263.01021980489, 15.873289971928013, 0.0], [44263.51021980489, 15.90134979823345, 0.0], [44264.01021980489, 15.930154086691434, 0.0]], "ztfr": [[44244.01021980489, 22.828074929059945, 0.0], [44244.51021980489, 18.559149491884018, 0.0], [44245.01021980489, 17.817271497702638, 0.0], [44245.51021980489, 17.57647772215204, 0.0], [44246.01021980489, 17.388547192121838, 0.0], [44246.51021980489, 17.22839627891833, 0.0], [44247.01021980489, 17.08886010600472, 0.0], [44247.51021980489, 16.965231735235452, 0.0], [44248.01021980489, 16.854252392580154, 0.0], [44248.51021980489, 16.75357227504119, 0.0], [44249.01021980489, 16.66144107057023, 0.0], [44249.51021980489, 16.576519919632094, 0.0], [44250.01021980489, 16.497761771611547, 0.0], [44250.51021980489, 16.42433229740298, 0.0], [44251.01021980489, 16.35555590343355, 0.0], [44251.51021980489, 16.285171340429155, 0.0], [44252.01021980489, 16.214612028856433, 0.0], [44252.51021980489, 16.148359714425705, 0.0], [44253.01021980489, 16.085918704562115, 0.0], [44253.51021980489, 16.026874244152015, 0.0], [44254.01021980489, 15.970875800596428, 0.0], [44254.51021980489, 15.917624452743897, 0.0], [44255.01021980489, 15.866863230978286, 0.0], [44255.51021980489, 15.818369616652252, 0.0], [44256.01021980489, 15.771949646338111, 0.0], [44256.51021980489, 15.73263102741311, 0.0], [44257.01021980489, 15.714280375847405, 0.0], [44257.51021980489, 15.696234731232106, 0.0], [44258.01021980489, 15.678484120045045, 0.0], [44258.51021980489, 15.661019050096183, 0.0], [44259.01021980489, 15.643830480044581, 0.0], [44259.51021980489, 15.626909791290966, 0.0], [44260.01021980489, 15.610248762027066, 0.0], [44260.51021980489, 15.593839543246222, 0.0], [44261.01021980489, 15.577674636539921, 0.0], [44261.51021980489, 15.561746873523202, 0.0], [44262.01021980489, 15.577976177249237, 0.0], [44262.51021980489, 15.599530564789145, 0.0], [44263.01021980489, 15.621521538914013, 0.0], [44263.51021980489, 15.643967152131776, 0.0], [44264.01021980489, 15.66688660031583, 0.0]]}