{"ztfg": [[44244.01021935969, 27.45471245011832, 0.0], [44244.51021935969, 23.185787011701294, 0.0], [44245.01021935969, 22.44390901750763, 0.0], [44245.51021935969, 22.202361427232738, 0.0], [44246.01021935969, 22.01455073807749, 0.0], [44246.51021935969, 21.85448680374332, 0.0], [44247.01021935969, 21.715016634717912, 0.0], [44247.51021935969, 21.591440063650886, 0.0], [44248.01021935969, 21.480502456232678, 0.0], [44248.51021935969, 21.37985668296585, 0.0], [44249.01021935969, 21.287754235417474, 0.0], [44249.51021935969, 21.202857514965167, 0.0], [44250.01021935969, 21.124120379045273, 0.0], [44250.51021935969, 21.050709169105026, 0.0], [44251.01021935969, 20.981948797506796, 0.0], [44251.51021935969, 20.921204505633263, 0.0], [44252.01021935969, 20.867100093943847, 0.0], [44252.51021935969, 20.815564319459803, 0.0], [44253.01021935969, 20.766364301607716, 0.0], [44253.51021935969, 20.719297461649745, 0.0], [44254.01021935969, 20.674186483428144, 0.0], [44254.51021935969, 20.630875279976742, 0.0], [44255.01021935969, 20.58922573428748, 0.0], [44255.51021935969, 20.549115042497533, 0.0], [44256.01021935969, 20.510433530628823, 0.0], [44256.51021935969, 20.477269069533016, 0.0], [44257.01021935969, 20.465794806297367, 0.0], [44257.51021935969, 20.454440538195314, 0.0], [44258.01021935969, 20.443203781418035, 0.0], [44258.51021935969, 20.43208212848684, 0.0], [44259.01021935969, 20.421073245157274, 0.0], [44259.51021935969, 20.41017486747856, 0.0], [44260.01021935969, 20.399384798999186, 0.0], [44260.51021935969, 20.388700908109975, 0.0], [44261.01021935969, 20.37812112551665, 0.0], [44261.51021935969, 20.367643441834304, 0.0], [44262.01021935969, 20.386475656092806, 0.0], [44262.51021935969, 20.41274781383936, 0.0], [44263.01021935969, 20.439671491233916, 0.0], [44263.51021935969, 20.46727982568094, 0.0], [44264.01021935969, 20.495608548840096, 0.0]], "ztfr": [[44244.01021935969, 27.37941196356138, 0.0], [44244.51021935969, 23.11048652635131, 0.0], [44245.01021935969, 22.36860853216959, 0.0], [44245.51021935969, 22.127061042803597, 0.0], [44246.01021935969, 21.939250427079237, 0.0], [44246.51021935969, 21.77918654604529, 0.0], [44247.01021935969, 21.639716417469586, 0.0], [44247.51021935969, 21.516139878149126, 0.0], [44248.01021935969, 21.40520229631035, 0.0], [44248.51021935969, 21.3045565440938, 0.0], [44249.01021935969, 21.212454114171607, 0.0], [44249.51021935969, 21.127557408694024, 0.0], [44250.01021935969, 21.048820285653804, 0.0], [44250.51021935969, 20.975409086909124, 0.0], [44251.01021935969, 20.906648725132378, 0.0], [44251.51021935969, 20.836782257175642, 0.0], [44252.01021935969, 20.766669709670225, 0.0], [44252.51021935969, 20.70081141839416, 0.0], [44253.01021935969, 20.63872050944039, 0.0], [44253.51021935969, 20.57998918409242, 0.0], [44254.01021935969, 20.524272470806267, 0.0], [44254.51021935969, 20.471275947292057, 0.0], [44255.01021935969, 20.42074632265036, 0.0], [44255.51021935969, 20.3724641155507, 0.0], [44256.01021935969, 20.326237892432374, 0.0], [44256.51021935969, 20.286081574262845, 0.0], [44257.01021935969, 20.267917625521036, 0.0], [44257.51021935969, 20.25005255931567, 0.0], [44258.01021935969, 20.23247669861292, 0.0], [44258.51021935969, 20.215180828877187, 0.0], [44259.01021935969, 20.198156169060177, 0.0], [44259.51021935969, 20.18139434482964, 0.0], [44260.01021935969, 20.16488736383336, 0.0], [44260.51021935969, 20.148627592815508, 0.0], [44261.01021935969, 20.132607736421498, 0.0], [44261.51021935969, 20.116820817543747, 0.0], [44262.01021935969, 20.131448575868646, 0.0], [44262.51021935969, 20.153596507171677, 0.0], [44263.01021935969, 20.17620565885411, 0.0], [44263.51021935969, 20.19929564958995, 0.0], [44264.01021935969, 20.22288737706767, 0.0]]}