{"ztfg": [[44244.010220629796, 19.170772777719414, 0.0], [44244.510220629796, 14.90184733934975, 0.0], [44245.010220629796, 14.159969345156547, 0.0], [44245.510220629796, 13.916260953192598, 0.0], [44246.010220629796, 13.728793142933412, 0.0], [44246.510220629796, 13.568978156960824, 0.0], [44247.010220629796, 13.429696953737079, 0.0], [44247.510220629796, 13.306268713688212, 0.0], [44248.010220629796, 13.195450637084505, 0.0], [44248.510220629796, 13.094903240032437, 0.0], [44249.010220629796, 13.002883173467332, 0.0], [44249.510220629796, 12.918056446526009, 0.0], [44250.010220629796, 12.839379515289401, 0.0], [44250.510220629796, 12.766020640495832, 0.0], [44251.010220629796, 12.697306182827091, 0.0], [44251.510220629796, 12.6351407938906, 0.0], [44252.010220629796, 12.579145162227007, 0.0], [44252.510220629796, 12.525896357101807, 0.0], [44253.010220629796, 12.475137445781733, 0.0], [44253.510220629796, 12.42664594005803, 0.0], [44254.010220629796, 12.380227901845927, 0.0], [44254.510220629796, 12.335713258090422, 0.0], [44255.010220629796, 12.292952038952365, 0.0], [44255.510220629796, 12.251811329190282, 0.0], [44256.010220629796, 12.212172776392151, 0.0], [44256.510220629796, 12.1752019423569, 0.0], [44257.010220629796, 12.162886765568864, 0.0], [44257.510220629796, 12.150709710886623, 0.0], [44258.010220629796, 12.138667714397279, 0.0], [44258.510220629796, 12.126757813019083, 0.0], [44259.010220629796, 12.114977140125092, 0.0], [44259.510220629796, 12.103322921401599, 0.0], [44260.010220629796, 12.091792470926556, 0.0], [44260.510220629796, 12.080383187454046, 0.0], [44261.010220629796, 12.06909255089193, 0.0], [44261.510220629796, 12.057918118960778, 0.0], [44262.010220629796, 12.070825526311651, 0.0], [44262.510220629796, 12.09738831867486, 0.0], [44263.010220629796, 12.12461730876528, 0.0], [44263.510220629796, 12.152546774748949, 0.0], [44264.010220629796, 12.181213710403796, 0.0]], "ztfr": [[44244.010220629796, 19.045398157308078, 0.0], [44244.510220629796, 14.776472720036303, 0.0], [44245.010220629796, 14.034594725853978, 0.0], [44245.510220629796, 13.790886263372066, 0.0], [44246.010220629796, 13.603418401119093, 0.0], [44246.510220629796, 13.443603377385955, 0.0], [44247.010220629796, 13.304322145494048, 0.0], [44247.510220629796, 13.180893882938264, 0.0], [44248.010220629796, 13.070075788195375, 0.0], [44248.510220629796, 12.969528376212914, 0.0], [44249.010220629796, 12.877508297143947, 0.0], [44249.510220629796, 12.792681559578199, 0.0], [44250.010220629796, 12.714004619202463, 0.0], [44250.510220629796, 12.64064573646398, 0.0], [44251.010220629796, 12.571931271824788, 0.0], [44251.510220629796, 12.506858872238304, 0.0], [44252.010220629796, 12.444957591600158, 0.0], [44252.510220629796, 12.386395952308654, 0.0], [44253.010220629796, 12.330831971510015, 0.0], [44253.510220629796, 12.277973646810011, 0.0], [44254.010220629796, 12.22756966757786, 0.0], [44254.510220629796, 12.179402188622312, 0.0], [44255.010220629796, 12.13328114003324, 0.0], [44255.510220629796, 12.089039697250058, 0.0], [44256.010220629796, 12.046530638560327, 0.0], [44256.510220629796, 12.006894641041406, 0.0], [44257.010220629796, 11.99203584452323, 0.0], [44257.510220629796, 11.977377655119604, 0.0], [44258.010220629796, 11.96291472815546, 0.0], [44258.510220629796, 11.948641929744113, 0.0], [44259.010220629796, 11.934554325846563, 0.0], [44259.510220629796, 11.920647172031536, 0.0], [44260.010220629796, 11.906915903883124, 0.0], [44260.510220629796, 11.893356128007433, 0.0], [44261.010220629796, 11.879963613593944, 0.0], [44261.510220629796, 11.866734284491024, 0.0], [44262.010220629796, 11.875712645819128, 0.0], [44262.510220629796, 11.897121508925103, 0.0], [44263.010220629796, 11.918961024195923, 0.0], [44263.510220629796, 11.941248873577884, 0.0], [44264.010220629796, 11.96400385087496, 0.0]]}