{"g": [[44244.76035360792, 20.946932478105836, Infinity], [44244.98246871849, 20.484435678163866, Infinity], [44246.815418854225, 20.53968168349858, Infinity], [44252.685780658365, 18.63898421548133, Infinity], [44254.694635401785, 20.299420663757378, Infinity], [44256.784041342275, 20.63044607533514, Infinity], [44258.872574655485, 20.6945763814663, Infinity], [44260.92206994478, 19.137279513255784, Infinity]], "r": [[44244.74930040804, 20.58252493988056, Infinity], [44245.00239931821, 22.299061140247996, Infinity], [44246.75458555423, 21.361347002825234, Infinity], [44250.69329442709, 21.399813384971225, Infinity], [44252.73133615868, 20.947022884642774, Infinity], [44254.673570601575, 21.31053015176972, Infinity], [44256.737988042594, 21.126809694825194, Infinity], [44258.91435705559, 20.230451518129676, Infinity], [44260.85473204485, 19.248235130007355, Infinity], [44263.8299244356, 19.69165776517464, Infinity], [44263.832389735864, 19.669663580718087, Infinity], [44263.83485493554, 20.20057412906306, Infinity], [44263.837320235805, 14.203029137665482, Infinity], [44263.83979713569, 20.33010957866958, Infinity]], "i": [[44244.02723043257, 20.53471302328361, Infinity], [44248.87132815933, 20.6016191038645, Infinity], [44251.7463050285, 20.735479197250466, Infinity], [44255.857163182336, 20.525813167970085, Infinity], [44258.86874154591, 20.361635682416104, Infinity], [44261.885601839655, 20.47865348866252, Infinity]]}