{"g": [[44244.76035258503, 20.946932478105836, Infinity], [44244.9824676956, 20.484435678163866, Infinity], [44246.815417831334, 20.53968168349858, Infinity], [44252.685779635474, 18.63898421548133, Infinity], [44254.694634378895, 20.299420663757378, Infinity], [44256.784040319384, 20.63044607533514, Infinity], [44258.872573632594, 20.6945763814663, Infinity], [44260.92206892189, 19.137279513255784, Infinity]], "r": [[44244.74929938515, 20.58252493988056, Infinity], [44245.00239829532, 22.299061140247996, Infinity], [44246.754584531336, 21.361347002825234, Infinity], [44250.6932934042, 21.399813384971225, Infinity], [44252.73133513579, 20.947022884642774, Infinity], [44254.673569578685, 21.31053015176972, Infinity], [44256.737987019704, 21.126809694825194, Infinity], [44258.9143560327, 20.230451518129676, Infinity], [44260.85473102196, 19.248235130007355, Infinity], [44263.82992341271, 19.69165776517464, Infinity], [44263.83238871297, 19.669663580718087, Infinity], [44263.83485391265, 20.20057412906306, Infinity], [44263.837319212915, 14.203029137665482, Infinity], [44263.8397961128, 20.33010957866958, Infinity]], "i": [[44244.02722940968, 20.53471302328361, Infinity], [44248.87132713644, 20.6016191038645, Infinity], [44251.74630400561, 20.735479197250466, Infinity], [44255.857162159446, 20.525813167970085, Infinity], [44258.86874052302, 20.361635682416104, Infinity], [44261.885600816764, 20.47865348866252, Infinity]]}