{"g": [[44244.76035308638, 20.946932478105836, Infinity], [44244.98246819695, 20.484435678163866, Infinity], [44246.815418332684, 20.53968168349858, Infinity], [44252.685780136824, 18.63898421548133, Infinity], [44254.694634880245, 20.299420663757378, Infinity], [44256.784040820734, 20.63044607533514, Infinity], [44258.872574133944, 20.6945763814663, Infinity], [44260.92206942324, 19.137279513255784, Infinity]], "r": [[44244.7492998865, 20.58252493988056, Infinity], [44245.00239879667, 22.299061140247996, Infinity], [44246.754585032686, 21.361347002825234, Infinity], [44250.69329390555, 21.399813384971225, Infinity], [44252.73133563714, 20.947022884642774, Infinity], [44254.673570080035, 21.31053015176972, Infinity], [44256.73798752105, 21.126809694825194, Infinity], [44258.91435653405, 20.230451518129676, Infinity], [44260.85473152331, 19.248235130007355, Infinity], [44263.82992391406, 19.69165776517464, Infinity], [44263.83238921432, 19.669663580718087, Infinity], [44263.834854414, 20.20057412906306, Infinity], [44263.837319714265, 14.203029137665482, Infinity], [44263.83979661415, 20.33010957866958, Infinity]], "i": [[44244.02722991103, 20.53471302328361, Infinity], [44248.87132763779, 20.6016191038645, Infinity], [44251.74630450696, 20.735479197250466, Infinity], [44255.857162660795, 20.525813167970085, Infinity], [44258.86874102437, 20.361635682416104, Infinity], [44261.885601318114, 20.47865348866252, Infinity]]}