{
  "injections": {
    "__dataframe__": true,
    "content": {
      "luminosity_distance": [
        5957.430218330677
      ],
      "KNtimeshift": [
        -1.9203358565304016
      ],
      "supernova_mag_boost": [
        -3.3769864838073738
      ],
      "geocent_time": [
        0.09359554955012989
      ]
    }
  }
}