{
  "injections": {
    "__dataframe__": true,
    "content": {
      "luminosity_distance": [
        6719.553274940918
      ],
      "KNtimeshift": [
        0.6520858552527176
      ],
      "supernova_mag_boost": [
        1.8173625901486998
      ],
      "geocent_time": [
        0.07768399354948055
      ]
    }
  }
}