{
  "injections": {
    "__dataframe__": true,
    "content": {
      "luminosity_distance": [
        5788.848935669564
      ],
      "KNtimeshift": [
        -0.4615433293677733
      ],
      "supernova_mag_boost": [
        -2.547865657575512
      ],
      "geocent_time": [
        0.05633924868929571
      ]
    }
  }
}