{
  "injections": {
    "__dataframe__": true,
    "content": {
      "luminosity_distance": [
        5430.009815472115
      ],
      "KNtimeshift": [
        -1.3294274269188358
      ],
      "supernova_mag_boost": [
        0.8844289440842772
      ],
      "geocent_time": [
        -0.06664472658307716
      ]
    }
  }
}