{
  "injections": {
    "__dataframe__": true,
    "content": {
      "luminosity_distance": [
        3255.496486982609
      ],
      "KNtimeshift": [
        0.6277523730654724
      ],
      "supernova_mag_boost": [
        -1.8617647811916327
      ],
      "geocent_time": [
        -0.01764784927928946
      ]
    }
  }
}