{
  "injections": {
    "__dataframe__": true,
    "content": {
      "luminosity_distance": [
        45.73302435394078
      ],
      "KNtimeshift": [
        0.25476349151721367
      ],
      "supernova_mag_boost": [
        4.333534895981902
      ],
      "geocent_time": [
        0.03415018632864089
      ]
    }
  }
}