{
  "injections": {
    "__dataframe__": true,
    "content": {
      "luminosity_distance": [
        1215.7375754836705
      ],
      "KNtimeshift": [
        -1.7444688704919316
      ],
      "supernova_mag_boost": [
        4.192031378634244
      ],
      "geocent_time": [
        0.07639722530886442
      ]
    }
  }
}