{
  "injections": {
    "__dataframe__": true,
    "content": {
      "luminosity_distance": [
        5278.814504801702
      ],
      "KNtimeshift": [
        -0.4657201170617964
      ],
      "supernova_mag_boost": [
        2.022107023846191
      ],
      "geocent_time": [
        0.09816827885328813
      ]
    }
  }
}