{
  "injections": {
    "__dataframe__": true,
    "content": {
      "luminosity_distance": [
        667.1013183686363
      ],
      "KNtimeshift": [
        -0.594320942558717
      ],
      "supernova_mag_boost": [
        1.2167615582752278
      ],
      "geocent_time": [
        -0.07900230695264186
      ]
    }
  }
}