{
  "injections": {
    "__dataframe__": true,
    "content": {
      "luminosity_distance": [
        0.23553053684777225
      ],
      "KNtimeshift": [
        -1.8617567211888755
      ],
      "supernova_mag_boost": [
        3.9938112564501598
      ],
      "geocent_time": [
        -0.04835035228140079
      ]
    }
  }
}