{
    "luminosity_distance": 57.61496647602063,
    "beta": 1.1317798216720294,
    "log10_kappa_r": -0.8388847545433127,
    "KNtimeshift": -1.9652637189906608,
    "log10_vej": -1.9992668601109151,
    "log10_mej": -2.915422366936492,
    "Ebv": 0.5677735578299257,
    "log_likelihood": -39.31263644304773,
    "log_prior": -13.770577637893904,
    "Best fit index": 5894,
    "Magnitudes": {
        "ztfg": [
            24.24916332223267,
            22.321365525905378,
            21.46590952412234,
            20.772112060471564,
            20.206148300623582,
            19.73933417481841,
            19.328118321783286,
            18.99754876882796,
            18.677356188487742,
            18.462349002814946,
            18.182634411736643,
            17.99366420540447,
            17.83682977698607,
            17.59898775204416,
            17.38621602185586,
            17.196250304160213,
            17.02722657472837,
            16.877593170051483,
            16.746046966862036,
            16.631485799488072,
            16.532972984219388,
            16.44971038638313,
            16.381018198551438,
            16.326319678635002,
            16.285130072615793,
            16.25704883411656,
            16.241754937781998,
            16.239004881126466,
            16.248633587218194,
            16.27055815955532,
            16.30478515622572,
            16.351421727558154,
            16.410691987409756,
            16.482959569409278,
            16.568759054996438,
            16.668838344764396,
            16.784217389210678,
            16.916267558235333,
            Infinity
        ],
        "bestfit_sample_times": [
            0.1,
            0.6,
            1.1,
            1.6,
            2.1,
            2.6,
            3.1,
            3.6,
            4.1,
            4.6,
            5.1,
            5.6,
            6.1,
            6.6,
            7.1,
            7.6,
            8.1,
            8.6,
            9.1,
            9.6,
            10.1,
            10.6,
            11.1,
            11.6,
            12.1,
            12.6,
            13.1,
            13.6,
            14.1,
            14.6,
            15.1,
            15.6,
            16.1,
            16.6,
            17.1,
            17.6,
            18.1,
            18.6,
            19.1
        ]
    }
}