{
    "luminosity_distance": 82.58158668335402,
    "beta": 3.83285835110814,
    "log10_kappa_r": -0.1819616078743668,
    "KNtimeshift": -0.2971818896449467,
    "log10_vej": -1.0983493876160404,
    "log10_mej": -2.690243189316587,
    "Ebv": 0.0159540615263846,
    "log_likelihood": -5.553707129376161,
    "log_prior": -8.980795760412288,
    "Best fit index": 2452,
    "Magnitudes": {
        "ztfg": [
            22.314514249192356,
            19.755400555628697,
            18.913784748672107,
            18.38226375657431,
            18.101815275811703,
            18.01345035736656,
            Infinity
        ],
        "bestfit_sample_times": [
            0.1,
            0.6,
            1.1,
            1.6,
            2.1,
            2.6,
            3.1
        ]
    }
}