{
    "luminosity_distance": 85.8206707461295,
    "beta": 1.233116523964389,
    "log10_kappa_r": -0.9432419158989463,
    "KNtimeshift": -1.9800637645254937,
    "log10_vej": -1.9824080427921944,
    "log10_mej": -2.71682411454238,
    "Ebv": 0.3227294374664909,
    "log_likelihood": -28.997399024250427,
    "log_prior": -9.782223481808543,
    "Best fit index": 5636,
    "Magnitudes": {
        "ztfg": [
            24.04566695171009,
            22.135957369038707,
            21.27557177836956,
            20.578476987110648,
            20.0118310719388,
            19.54602922149588,
            19.188305774834582,
            18.811713167596388,
            18.549709210391832,
            18.289168025459333,
            18.072518477692427,
            17.893622587790947,
            17.69577698534114,
            17.579170398576647,
            17.38463782984401,
            17.21395490275903,
            17.0652718572789,
            16.93705669443031,
            16.828032728871044,
            16.73713234201074,
            16.663463448822633,
            16.606284762726364,
            16.5649886304394,
            16.539089472959915,
            16.528217779418686,
            16.532118695050563,
            16.55065604969521,
            16.583821571664895,
            16.63175126261698,
            16.694749460157553,
            Infinity
        ],
        "bestfit_sample_times": [
            0.1,
            0.6,
            1.1,
            1.6,
            2.1,
            2.6,
            3.1,
            3.6,
            4.1,
            4.6,
            5.1,
            5.6,
            6.1,
            6.6,
            7.1,
            7.6,
            8.1,
            8.6,
            9.1,
            9.6,
            10.1,
            10.6,
            11.1,
            11.6,
            12.1,
            12.6,
            13.1,
            13.6,
            14.1,
            14.6,
            15.1
        ]
    }
}