{
    "luminosity_distance": 96.33381806912658,
    "beta": 1.2647351212780085,
    "log10_kappa_r": -0.6657014916710211,
    "KNtimeshift": -1.713909759417919,
    "log10_vej": -1.9501951686041827,
    "log10_mej": -2.845460920949703,
    "Ebv": 0.0554096233796224,
    "log_likelihood": -16.741569080581176,
    "log_prior": -9.054341520360872,
    "Best fit index": 3435,
    "Magnitudes": {
        "ztfg": [
            23.46423421000081,
            21.543994475407054,
            20.731728240714737,
            20.038459848887598,
            19.4855127331696,
            19.085115458570925,
            18.706017444727166,
            18.4109411222869,
            18.183212237069533,
            17.96355396210774,
            17.790354605917592,
            17.65743359684755,
            17.512123762589184,
            17.446610047777284,
            17.362152229323172,
            17.304549950575513,
            17.224296130246177,
            17.168252299007115,
            Infinity
        ],
        "bestfit_sample_times": [
            0.1,
            0.6,
            1.1,
            1.6,
            2.1,
            2.6,
            3.1,
            3.6,
            4.1,
            4.6,
            5.1,
            5.6,
            6.1,
            6.6,
            7.1,
            7.6,
            8.1,
            8.6,
            9.1
        ]
    }
}