{
    "luminosity_distance": 51.74697135940845,
    "beta": 1.260841958389888,
    "log10_kappa_r": -0.8867102982482491,
    "KNtimeshift": -1.9649584191182048,
    "log10_vej": -1.9613837478980016,
    "log10_mej": -2.6451746931576627,
    "Ebv": 0.5379562659577309,
    "log_likelihood": -20.494421707844342,
    "log_prior": -11.763038685457976,
    "Best fit index": 4982,
    "Magnitudes": {
        "ztfg": [
            23.565093074503103,
            21.63475816154628,
            20.806655547081732,
            20.178570377875225,
            19.63926153099164,
            19.201831113525287,
            18.824481272848374,
            18.529447862358587,
            18.250381099767353,
            18.024895365773993,
            17.844824816416605,
            17.704054110131636,
            17.59791029325018,
            17.471929396340215,
            17.373949654516558,
            17.30174155273562,
            17.20277114846985,
            17.126530589585165,
            17.071982221399892,
            17.038358938311397,
            17.025151124988966,
            17.032104210851337,
            Infinity
        ],
        "bestfit_sample_times": [
            0.1,
            0.6,
            1.1,
            1.6,
            2.1,
            2.6,
            3.1,
            3.6,
            4.1,
            4.6,
            5.1,
            5.6,
            6.1,
            6.6,
            7.1,
            7.6,
            8.1,
            8.6,
            9.1,
            9.6,
            10.1,
            10.6,
            11.1
        ]
    }
}