{
    "luminosity_distance": 84.00239754244006,
    "beta": 1.1603324693904808,
    "log10_kappa_r": -0.7818154889253914,
    "KNtimeshift": -1.7940716133780996,
    "log10_vej": -1.9810694531500248,
    "log10_mej": -2.8564594172255484,
    "Ebv": 0.1688682143177397,
    "log_likelihood": -24.627047575357903,
    "log_prior": -9.302110521276497,
    "Best fit index": 4934,
    "Magnitudes": {
        "ztfg": [
            23.564007191699602,
            21.679350319189645,
            20.851696489434957,
            20.17765249247588,
            19.63394339197299,
            19.191203542471932,
            18.806727951379784,
            18.504142438759644,
            18.266795641769072,
            18.03052382412823,
            17.838598956816707,
            17.631971588251197,
            17.511519614518058,
            17.367719007601302,
            17.25062258900743,
            17.104711625531703,
            16.98137346598238,
            16.879158323259215,
            16.79689013221195,
            16.73362404399016,
            16.68861946804323,
            16.66132221356701,
            16.651358029821992,
            16.65853342438507,
            16.682848146910057,
            16.72451633705979,
            Infinity
        ],
        "bestfit_sample_times": [
            0.1,
            0.6,
            1.1,
            1.6,
            2.1,
            2.6,
            3.1,
            3.6,
            4.1,
            4.6,
            5.1,
            5.6,
            6.1,
            6.6,
            7.1,
            7.6,
            8.1,
            8.6,
            9.1,
            9.6,
            10.1,
            10.6,
            11.1,
            11.6,
            12.1,
            12.6,
            13.1
        ]
    }
}