{
    "luminosity_distance": 155.99922192341992,
    "beta": 2.9380640132269047,
    "log10_kappa_r": -0.8006495141631617,
    "KNtimeshift": -1.931834710243999,
    "log10_vej": -1.617834857880478,
    "log10_mej": -2.336993854966336,
    "Ebv": 0.1311689301990838,
    "log_likelihood": -12.975324868855608,
    "log_prior": -9.212797074782795,
    "Best fit index": 3700,
    "Magnitudes": {
        "ztfg": [
            24.652936210947495,
            22.064335682886934,
            21.038359671442088,
            20.25054195586874,
            19.61191304553042,
            19.114417988763023,
            18.71699217281562,
            18.393065043447326,
            18.125300953205482,
            17.94720860290404,
            17.78284874057945,
            17.671819164155373,
            17.565216700710494,
            17.50619527150566,
            Infinity
        ],
        "bestfit_sample_times": [
            0.1,
            0.6,
            1.1,
            1.6,
            2.1,
            2.6,
            3.1,
            3.6,
            4.1,
            4.6,
            5.1,
            5.6,
            6.1,
            6.6,
            7.1
        ]
    }
}