{
    "luminosity_distance": 199.8740470223434,
    "KNtimeshift": 0.1806275746138896,
    "supernova_mag_boost": 3.42028294435781,
    "Ebv": 0.4705734573446701,
    "log_likelihood": -12.357679083225834,
    "log_prior": -7.788723219428476,
    "Best fit index": 2438,
    "Magnitudes": {
        "ztfg": [
            24.656391262724714,
            22.711013136925104,
            22.08241236556084,
            21.86423631509576,
            21.682651580546327,
            21.52712925678137,
            21.391118454283415,
            21.27026467470519,
            21.16152590449982,
            21.062692982136767,
            20.972110835109433,
            20.88850739448312,
            20.810883835784118,
            20.73844152259489,
            20.67053184385761
        ],
        "bestfit_sample_times": [
            0.1,
            0.6,
            1.1,
            1.6,
            2.1,
            2.6,
            3.1,
            3.6,
            4.1,
            4.6,
            5.1,
            5.6,
            6.1,
            6.6,
            7.1
        ]
    }
}