{
    "luminosity_distance": 154.26128627699808,
    "KNtimeshift": 0.1151610266548253,
    "supernova_mag_boost": 4.074142357485293,
    "Ebv": 0.023815476858356,
    "log_likelihood": -16.10050598962529,
    "log_prior": -6.104652656360955,
    "log_bayes_factor": -19.10909365357179,
    "Best fit index": 2367,
    "Magnitudes": {
        "ztfg": [
            24.70581203509554,
            22.760433909291336,
            22.13701034664971,
            21.917890032372974,
            21.73565236334943,
            21.579651629296734,
            21.443275216469495,
            21.322132939557797,
            21.213160715850073,
            21.11413500261481,
            21.023390954598312,
            20.93964962951597,
            20.861907227937735,
            20.789361423804237,
            20.721360811826443,
            20.66249083470619,
            20.60850242084628,
            20.557071900223946,
            20.50796781889168
        ],
        "bestfit_sample_times": [
            0.1,
            0.6,
            1.1,
            1.6,
            2.1,
            2.6,
            3.1,
            3.6,
            4.1,
            4.6,
            5.1,
            5.6,
            6.1,
            6.6,
            7.1,
            7.6,
            8.1,
            8.6,
            9.1
        ]
    }
}