{
    "luminosity_distance": 168.02327136559083,
    "KNtimeshift": 0.1078839429437468,
    "supernova_mag_boost": 3.902296307875421,
    "Ebv": 0.4207841066979742,
    "log_likelihood": -31.037607476119454,
    "log_prior": -7.39064371811496,
    "Best fit index": 3002,
    "Magnitudes": {
        "ztfg": [
            24.729784955589693,
            22.78440682978651,
            22.159411227524306,
            21.940577959905053,
            21.758538674764974,
            21.60268324544646,
            21.466417847237405,
            21.345363151832547,
            21.236461787660293,
            21.1374945837382,
            21.046799664800762,
            20.963100176923806,
            20.88539383194419,
            20.81287942443554,
            20.744906397661335,
            20.687557094067078,
            20.636012751972995,
            20.586804925720077,
            20.539730939937296,
            20.494613397565704,
            20.4512961433937,
            20.40964100244187,
            20.36952512128691,
            20.33083878332911,
            20.293483600100064,
            20.265288183439782,
            20.254818249283414,
            20.24444831489048,
            20.23417648809639,
            20.22400092993806,
            20.213919852677943,
            20.20393151791892,
            20.19403423480519,
            20.18422635830439,
            20.17450628756657
        ],
        "bestfit_sample_times": [
            0.1,
            0.6,
            1.1,
            1.6,
            2.1,
            2.6,
            3.1,
            3.6,
            4.1,
            4.6,
            5.1,
            5.6,
            6.1,
            6.6,
            7.1,
            7.6,
            8.1,
            8.6,
            9.1,
            9.6,
            10.1,
            10.6,
            11.1,
            11.6,
            12.1,
            12.6,
            13.1,
            13.6,
            14.1,
            14.6,
            15.1,
            15.6,
            16.1,
            16.6,
            17.1
        ]
    }
}