{
    "luminosity_distance": 173.70684765802227,
    "KNtimeshift": 0.1133390969764303,
    "supernova_mag_boost": 3.806850276160386,
    "Ebv": 0.4814098633799861,
    "log_likelihood": -27.318265748921934,
    "log_prior": -7.901242911061506,
    "log_bayes_factor": -30.603494531409908,
    "Best fit index": 2610,
    "Magnitudes": {
        "ztfg": [
            24.717532550423655,
            22.77215442462187,
            22.146512130252983,
            21.927796851331518,
            21.745839136348533,
            21.59004346580399,
            21.453823731645503,
            21.332805066113846,
            21.22393285561918,
            21.12498972615767,
            21.034315023469038,
            20.95063275230738,
            20.872941245977234,
            20.800439759929755,
            20.732478086439716,
            20.674801136379575,
            20.623034617378675,
            20.573624343296704,
            20.526365122593656,
            20.481077452463975,
            20.437603401968342,
            20.395803288204196,
            20.355552968978078,
            20.316741619655826,
            20.27926989386076,
            20.250228000068343,
            20.239654230419863,
            20.229182444219393,
            20.21881069299499,
            20.208537083587277,
            20.19835977607553
        ],
        "bestfit_sample_times": [
            0.1,
            0.6,
            1.1,
            1.6,
            2.1,
            2.6,
            3.1,
            3.6,
            4.1,
            4.6,
            5.1,
            5.6,
            6.1,
            6.6,
            7.1,
            7.6,
            8.1,
            8.6,
            9.1,
            9.6,
            10.1,
            10.6,
            11.1,
            11.6,
            12.1,
            12.6,
            13.1,
            13.6,
            14.1,
            14.6,
            15.1
        ]
    }
}