{
    "luminosity_distance": 150.94641228917706,
    "KNtimeshift": 0.309050522839998,
    "supernova_mag_boost": 3.943176838459479,
    "Ebv": 0.376986268960123,
    "log_likelihood": -4.7267603483032685,
    "log_prior": -7.136875014330486,
    "log_bayes_factor": -7.012131081707979,
    "Best fit index": 2284,
    "Magnitudes": {
        "ztfg": [
            24.524767912665986,
            22.57938978686147,
            21.956346190869702,
            21.737156394885453,
            21.554870718947654,
            21.398834829514847,
            21.26243156147858
        ],
        "bestfit_sample_times": [
            0.1,
            0.6,
            1.1,
            1.6,
            2.1,
            2.6,
            3.1
        ]
    }
}