{
    "luminosity_distance": 170.0938514774932,
    "timeshift": 0.1191331572615637,
    "inclination_EM": 0.1403806049535829,
    "log10_n0": -1.0415660178255517,
    "p": 2.3008166528185368,
    "log10_epsilon_e": -2.035175847049567,
    "log10_epsilon_B": -1.051761504482081,
    "log10_E0": 53.0,
    "thetaCore": 0.05,
    "thetaWing": 0.1,
    "ksiN": 1.0,
    "L0": 0.0,
    "dL": 3.09e+19,
    "b": 6.0,
    "q": 0.0,
    "ts": 0.0,
    "Ebv": 0.0,
    "log_likelihood": -9.260235424494672,
    "log_prior": -10.299474019310564,
    "log_bayes_factor": -13.970864938021698,
    "log_bayes_factor_err": 0.05938876747378133,
    "Best fit index": 3210,
    "Magnitudes": {
        "ztfg": [
            18.452411468220156,
            18.12875078989428,
            18.519719287072313,
            18.809101822530724,
            19.051711689906217,
            19.275432516240244,
            19.470059995363037,
            19.659080066741762,
            19.845557124765154,
            20.01192556257505,
            20.178294000384945
        ],
        "bestfit_sample_times": [
            0.2191331572615637,
            0.7191331572615637,
            1.2191331572615638,
            1.7191331572615638,
            2.219133157261564,
            2.719133157261564,
            3.219133157261564,
            3.719133157261564,
            4.219133157261563,
            4.719133157261563,
            5.219133157261563
        ]
    }
}