{
    "luminosity_distance": 164.17102868163352,
    "timeshift": 0.0137104853798691,
    "inclination_EM": 0.1473711902105244,
    "log10_n0": -0.4323753301200925,
    "p": 2.1807742253017905,
    "log10_epsilon_e": -2.062136699929243,
    "log10_epsilon_B": -1.1769211063824994,
    "log10_E0": 53.0,
    "thetaCore": 0.05,
    "thetaWing": 0.1,
    "ksiN": 1.0,
    "L0": 0.0,
    "dL": 3.09e+19,
    "b": 6.0,
    "q": 0.0,
    "ts": 0.0,
    "Ebv": 0.0,
    "log_likelihood": -7.409413989666708,
    "log_prior": -10.251212575230824,
    "log_bayes_factor": -11.778111619533304,
    "log_bayes_factor_err": 0.05684397544541634,
    "Best fit index": 3171,
    "Magnitudes": {
        "ztfg": [
            18.649992238716532,
            18.138058278672435,
            18.46970008506214,
            18.748067168566433,
            19.00602939040206,
            19.242039563015453,
            19.478049735628844,
            19.69387717247802,
            19.90887331404133
        ],
        "bestfit_sample_times": [
            0.11371048537986911,
            0.613710485379869,
            1.1137104853798692,
            1.6137104853798692,
            2.1137104853798694,
            2.6137104853798694,
            3.1137104853798694,
            3.6137104853798694,
            4.113710485379869
        ]
    }
}