{
    "luminosity_distance": 162.88211971736447,
    "timeshift": 0.7574631389761213,
    "inclination_EM": 0.1352516214026488,
    "log10_n0": -1.06648848587112,
    "p": 2.1182760687394637,
    "log10_epsilon_e": -2.2192775203880983,
    "log10_epsilon_B": -0.6695082922986693,
    "log10_E0": 53.0,
    "thetaCore": 0.05,
    "thetaWing": 0.1,
    "ksiN": 1.0,
    "L0": 0.0,
    "dL": 3.09e+19,
    "b": 6.0,
    "q": 0.0,
    "ts": 0.0,
    "Ebv": 0.0,
    "log_likelihood": -5.547329183008014,
    "log_prior": -10.336458536310433,
    "log_bayes_factor": -9.592660115543774,
    "log_bayes_factor_err": 0.05434541612396525,
    "Best fit index": 3496,
    "Magnitudes": {
        "ztfg": [
            18.391077987952606,
            18.514673512895694,
            18.865703255766032,
            19.119985916302436,
            19.355953627908868,
            19.54836967948771,
            19.7287958243338
        ],
        "bestfit_sample_times": [
            0.8574631389761213,
            1.3574631389761214,
            1.8574631389761214,
            2.3574631389761214,
            2.8574631389761214,
            3.3574631389761214,
            3.8574631389761214
        ]
    }
}