{
    "luminosity_distance": 182.45036424200023,
    "timeshift": 0.0212017834090577,
    "inclination_EM": 0.1443023998606992,
    "log10_n0": -1.2865236980797687,
    "p": 2.8575181119963715,
    "log10_epsilon_e": -1.3956924994350983,
    "log10_epsilon_B": -1.8937855027466224,
    "log10_E0": 53.0,
    "thetaCore": 0.05,
    "thetaWing": 0.1,
    "ksiN": 1.0,
    "L0": 0.0,
    "dL": 3.09e+19,
    "b": 6.0,
    "q": 0.0,
    "ts": 0.0,
    "Ebv": 0.0,
    "log_likelihood": -18.68894679992508,
    "log_prior": -10.27210659324767,
    "log_bayes_factor": -24.351400286263207,
    "log_bayes_factor_err": 0.06565880415685135,
    "Best fit index": 2974,
    "Magnitudes": {
        "ztfg": [
            19.016100067857835,
            18.13298612758136,
            18.4978930096262,
            18.773723114366998,
            19.0045586558659,
            19.208158229852973,
            19.397073499095345,
            19.5792104912023,
            19.755271779117273,
            19.927991926490837,
            20.09791790110963,
            20.267696770610744,
            20.437025871271583,
            20.606354971932422,
            20.777066100204028,
            20.950482026191615,
            21.1238979521792,
            21.297313878166783,
            21.47447395869576,
            21.653582786634857,
            21.832691614573946
        ],
        "bestfit_sample_times": [
            0.12120178340905771,
            0.6212017834090576,
            1.1212017834090577,
            1.6212017834090577,
            2.1212017834090577,
            2.6212017834090577,
            3.1212017834090577,
            3.6212017834090577,
            4.121201783409058,
            4.621201783409058,
            5.121201783409058,
            5.621201783409058,
            6.121201783409058,
            6.621201783409058,
            7.121201783409058,
            7.621201783409058,
            8.121201783409058,
            8.621201783409058,
            9.121201783409058,
            9.621201783409058,
            10.121201783409058
        ]
    }
}