{
    "luminosity_distance": 166.55317236600365,
    "KNtimeshift": -0.0731470790364011,
    "inclination_EM": 0.1667885202984826,
    "log10_n0": -2.7678106834887526,
    "p": 2.0849900402020904,
    "log10_epsilon_e": -0.4293808115682265,
    "log10_epsilon_B": -1.6737524899294545,
    "Ebv": 0.453482400348158,
    "log10_E0": 53.0,
    "thetaCore": 0.05,
    "thetaWing": 0.1,
    "ksiN": 1.0,
    "L0": 0.0,
    "dL": 3.09e+19,
    "b": 6.0,
    "q": 0.0,
    "ts": 0.0,
    "log_likelihood": -24.590523366176804,
    "log_prior": -10.448801614057365,
    "log_bayes_factor": -32.65146170975086,
    "Best fit index": 4299,
    "Magnitudes": {
        "ztfg": [
            36.1958783482207,
            25.22226525743844,
            22.85521951738773,
            21.85872789782026,
            21.379548875036193,
            21.141800327037757,
            20.98953773019427,
            20.88458100406023,
            20.8091268551694,
            20.748413295098487,
            20.709346965228058,
            20.676425601964404,
            20.6570382773932,
            20.637999407618185,
            20.630396868615563,
            20.622794329612937,
            20.617324130064837,
            20.61766936728958,
            20.61801460451432,
            20.618359841739064,
            20.624545603701797,
            20.63118384003802,
            20.637822076374242,
            20.644460312710464,
            20.65498732156571,
            20.666006739624994,
            20.677026157684274
        ],
        "bestfit_sample_times": [
            0.1,
            0.6,
            1.1,
            1.6,
            2.1,
            2.6,
            3.1,
            3.6,
            4.1,
            4.6,
            5.1,
            5.6,
            6.1,
            6.6,
            7.1,
            7.6,
            8.1,
            8.6,
            9.1,
            9.6,
            10.1,
            10.6,
            11.1,
            11.6,
            12.1,
            12.6,
            13.1
        ]
    }
}