{
    "luminosity_distance": 181.86999326188845,
    "KNtimeshift": -0.0881132321626941,
    "inclination_EM": 0.1708817492387159,
    "log10_n0": -2.782168865212735,
    "p": 2.11448802896423,
    "log10_epsilon_e": -0.4810810545742052,
    "log10_epsilon_B": -1.8580220929649212,
    "Ebv": 0.2273848509157748,
    "log10_E0": 53.0,
    "thetaCore": 0.05,
    "thetaWing": 0.1,
    "ksiN": 1.0,
    "L0": 0.0,
    "dL": 3.09e+19,
    "b": 6.0,
    "q": 0.0,
    "ts": 0.0,
    "log_likelihood": -32.88819595074126,
    "log_prior": -9.359629772310525,
    "Best fit index": 4170,
    "Magnitudes": {
        "ztfg": [
            37.1096587508319,
            25.74992881968071,
            23.241061946134025,
            22.062593556301916,
            21.47230304818061,
            21.166593173855986,
            20.976549484610985,
            20.84310558727958,
            20.74288060974588,
            20.66558635381969,
            20.612260243402595,
            20.57022773366179,
            20.537564882905492,
            20.515842684217006,
            20.49708945135119,
            20.48576195167744,
            20.477100903318593,
            20.470478754442023,
            20.467706533247714,
            20.4649343120534,
            20.465910303442314,
            20.46980861103784,
            20.47370691863337,
            20.47873212398607,
            20.486178636207455,
            20.493625148428837,
            20.50107166065022,
            20.510422665019966,
            20.521413665392714,
            20.532404665765466,
            20.543395666138213,
            20.55485466761716,
            20.569377661231833,
            20.583900654846502,
            20.598423648461175
        ],
        "bestfit_sample_times": [
            0.1,
            0.6,
            1.1,
            1.6,
            2.1,
            2.6,
            3.1,
            3.6,
            4.1,
            4.6,
            5.1,
            5.6,
            6.1,
            6.6,
            7.1,
            7.6,
            8.1,
            8.6,
            9.1,
            9.6,
            10.1,
            10.6,
            11.1,
            11.6,
            12.1,
            12.6,
            13.1,
            13.6,
            14.1,
            14.6,
            15.1,
            15.6,
            16.1,
            16.6,
            17.1
        ]
    }
}