{
    "luminosity_distance": 171.7629607073994,
    "KNtimeshift": -0.0615628684182123,
    "inclination_EM": 0.1644169877784899,
    "log10_n0": -2.9452063339975747,
    "p": 2.1080867224162625,
    "log10_epsilon_e": -1.2906369284328378,
    "log10_epsilon_B": -1.215918539286037,
    "Ebv": 0.0192715681263265,
    "log10_E0": 53.0,
    "thetaCore": 0.05,
    "thetaWing": 0.1,
    "ksiN": 1.0,
    "L0": 0.0,
    "dL": 3.09e+19,
    "b": 6.0,
    "q": 0.0,
    "ts": 0.0,
    "log_likelihood": -20.550936410600823,
    "log_prior": -8.925831911543249,
    "log_bayes_factor": -27.79954482802656,
    "Best fit index": 3804,
    "Magnitudes": {
        "ztfg": [
            33.94179388920318,
            25.43551290722398,
            23.02143243609461,
            22.021857119071775,
            21.522082986347076,
            21.270514983439107,
            21.12757397198095,
            21.024567284507057,
            20.941134661386577,
            20.8908359416953,
            20.84256679407939,
            20.817249219171238,
            20.791931644263084,
            20.77615289135035,
            20.766306204519854,
            20.756459517689358,
            20.751518085604154,
            20.750564930561247,
            20.749611775518346,
            20.74865862047544,
            20.752909866182783,
            20.758989884332664,
            20.76506990248255
        ],
        "bestfit_sample_times": [
            0.1,
            0.6,
            1.1,
            1.6,
            2.1,
            2.6,
            3.1,
            3.6,
            4.1,
            4.6,
            5.1,
            5.6,
            6.1,
            6.6,
            7.1,
            7.6,
            8.1,
            8.6,
            9.1,
            9.6,
            10.1,
            10.6,
            11.1
        ]
    }
}