{
    "luminosity_distance": 175.34351419385365,
    "KNtimeshift": -0.0754899780090459,
    "inclination_EM": 0.1820325553584328,
    "log10_n0": -1.7835857249450318,
    "p": 2.3266784456683,
    "log10_epsilon_e": -1.1751382479094905,
    "log10_epsilon_B": -2.1234279452027933,
    "Ebv": 0.257324386524042,
    "log10_E0": 53.0,
    "thetaCore": 0.05,
    "thetaWing": 0.1,
    "ksiN": 1.0,
    "L0": 0.0,
    "dL": 3.09e+19,
    "b": 6.0,
    "q": 0.0,
    "ts": 0.0,
    "log_likelihood": -8.752523161600095,
    "log_prior": -9.387848938393956,
    "Best fit index": 3319,
    "Magnitudes": {
        "ztfg": [
            33.08711991483718,
            24.373290056444194,
            22.480484744086397,
            21.83929330446373,
            21.539331668204092,
            21.35265325197151,
            21.27889998248809,
            21.22691173501414,
            21.180988549743397,
            21.183024228770314,
            21.185059907797235
        ],
        "bestfit_sample_times": [
            0.1,
            0.6,
            1.1,
            1.6,
            2.1,
            2.6,
            3.1,
            3.6,
            4.1,
            4.6,
            5.1
        ]
    }
}