{
    "luminosity_distance": 168.66678655449013,
    "KNtimeshift": -0.0874767378940926,
    "inclination_EM": 0.1762560203788031,
    "log10_n0": -2.28022935745176,
    "p": 2.1769565839953944,
    "log10_epsilon_e": -1.354720080213588,
    "log10_epsilon_B": -1.7572272653283123,
    "Ebv": 0.0096040082362751,
    "log10_E0": 53.0,
    "thetaCore": 0.05,
    "thetaWing": 0.1,
    "ksiN": 1.0,
    "L0": 0.0,
    "dL": 3.09e+19,
    "b": 6.0,
    "q": 0.0,
    "ts": 0.0,
    "log_likelihood": -16.483759919684672,
    "log_prior": -8.839646650440047,
    "log_bayes_factor": -23.303770549100488,
    "Best fit index": 3540,
    "Magnitudes": {
        "ztfg": [
            33.33182978709039,
            25.0850962009781,
            22.874810654832622,
            21.93855450840795,
            21.51121356519244,
            21.286022822419614,
            21.135889520292743,
            21.02078805955317,
            20.962695990579277,
            20.907194695017534,
            20.881215921904822,
            20.860880299074754,
            20.84255051565072,
            20.841539156934104,
            20.84052779821749,
            20.839516439500876,
            20.84469156816187,
            20.854562007410863,
            20.86443244665986
        ],
        "bestfit_sample_times": [
            0.1,
            0.6,
            1.1,
            1.6,
            2.1,
            2.6,
            3.1,
            3.6,
            4.1,
            4.6,
            5.1,
            5.6,
            6.1,
            6.6,
            7.1,
            7.6,
            8.1,
            8.6,
            9.1
        ]
    }
}