{
    "luminosity_distance": 171.33136683067875,
    "KNtimeshift": -0.0273504156109082,
    "supernova_mag_boost": 3.710325698561413,
    "Ebv": 0.2575335512953484,
    "log_likelihood": -20.78332608267992,
    "log_prior": -6.6598454463550585,
    "Best fit index": 2778,
    "Magnitudes": {
        "ztfg": [
            24.585673461666914,
            22.640295335864423,
            22.01492314841814,
            21.79615858506032,
            21.614166796014118,
            21.458346161665638,
            21.32210735113469,
            21.201073633623906,
            21.092189243563304,
            20.99323605634273,
            20.902552907667392,
            20.818863443598218,
            20.741165737830556,
            20.66865885328724,
            20.60069243644385,
            20.543470611944883,
            20.492234271967213,
            20.443307228572543,
            20.396490261906287,
            20.351608869262364,
            20.308509338088015,
            20.26705556917456,
            20.22712648437186
        ],
        "bestfit_sample_times": [
            0.1,
            0.6,
            1.1,
            1.6,
            2.1,
            2.6,
            3.1,
            3.6,
            4.1,
            4.6,
            5.1,
            5.6,
            6.1,
            6.6,
            7.1,
            7.6,
            8.1,
            8.6,
            9.1,
            9.6,
            10.1,
            10.6,
            11.1
        ]
    }
}