{
    "luminosity_distance": 168.77930819662947,
    "KNtimeshift": -0.0249544632838927,
    "supernova_mag_boost": 3.755663825355153,
    "Ebv": 0.4321008526199288,
    "log_likelihood": -35.69560281068031,
    "log_prior": -7.468217112942811,
    "Best fit index": 2744,
    "Magnitudes": {
        "ztfg": [
            24.59394174586295,
            22.648563620059893,
            22.023481907954174,
            21.804664349701252,
            21.62263592418945,
            21.466788450249243,
            21.330529130804603,
            21.20947923151323,
            21.10058174802928,
            21.001617748625453,
            20.91092552059745,
            20.82722832433898,
            20.74952395442182,
            20.67701126677387,
            20.609039751119642,
            20.55179201054489,
            20.50041531749851,
            20.451360305658152,
            20.404426185222473,
            20.35943713813482,
            20.316238341489427,
            20.27469275228375,
            20.234678485030752,
            20.196086655702455,
            20.15881959590151,
            20.130608519054466,
            20.120218888255362,
            20.109927736328675,
            20.099733213911666,
            20.089633523251944,
            20.079626916304743,
            20.069711692917114,
            20.059886199094233,
            20.050148825343523,
            20.040498005092342,
            20.03093221317531,
            20.054195222715887,
            20.08013160033153,
            20.106702748062947
        ],
        "bestfit_sample_times": [
            0.1,
            0.6,
            1.1,
            1.6,
            2.1,
            2.6,
            3.1,
            3.6,
            4.1,
            4.6,
            5.1,
            5.6,
            6.1,
            6.6,
            7.1,
            7.6,
            8.1,
            8.6,
            9.1,
            9.6,
            10.1,
            10.6,
            11.1,
            11.6,
            12.1,
            12.6,
            13.1,
            13.6,
            14.1,
            14.6,
            15.1,
            15.6,
            16.1,
            16.6,
            17.1,
            17.6,
            18.1,
            18.6,
            19.1
        ]
    }
}