{
    "luminosity_distance": 214.73289378371365,
    "KNtimeshift": 0.0146445552178178,
    "supernova_mag_boost": 3.103946902666223,
    "Ebv": 0.013955477510104,
    "log_likelihood": -9.55519541375244,
    "log_prior": -6.086838742390416,
    "Best fit index": 3131,
    "Magnitudes": {
        "ztfg": [
            24.519014267461408,
            22.57363614166477,
            21.94336897920973,
            21.725496088255206,
            21.54412118462446,
            21.388752711530735,
            21.252859545085244,
            21.132098627223954,
            21.023435025070533,
            20.924664194195834,
            20.83413420132088
        ],
        "bestfit_sample_times": [
            0.1,
            0.6,
            1.1,
            1.6,
            2.1,
            2.6,
            3.1,
            3.6,
            4.1,
            4.6,
            5.1
        ]
    }
}