{
    "luminosity_distance": 157.80750264994427,
    "KNtimeshift": 0.0166364578156119,
    "supernova_mag_boost": 3.805126105262421,
    "Ebv": 0.0232252798584449,
    "log_likelihood": -5.69337796493251,
    "log_prior": -6.103577380410624,
    "Best fit index": 2634,
    "Magnitudes": {
        "ztfg": [
            24.488617285350607,
            22.543239159546633,
            21.919409677030938,
            21.70036355134926,
            21.51817714709936,
            21.36221395712477,
            21.22586622592767
        ],
        "bestfit_sample_times": [
            0.1,
            0.6,
            1.1,
            1.6,
            2.1,
            2.6,
            3.1
        ]
    }
}