{
  "injections": {
    "__dataframe__": true,
    "content": {
      "simulation_id": [
        0
      ],
      "luminosity_distance": [
        163.1089041596577
      ],
      "KNtimeshift": [
        0.9457857370509078
      ],
      "inclination_EM": [
        0.16791756037806568
      ],
      "log10_E0": [
        53.0
      ],
      "thetaCore": [
        0.05
      ],
      "thetaWing": [
        0.1
      ],
      "log10_n0": [
        -2.6514983269908035
      ],
      "p": [
        2.866176145774935
      ],
      "log10_epsilon_e": [
        -1.1966549647703735
      ],
      "log10_epsilon_B": [
        -0.8757822666118633
      ],
      "ksiN": [
        1.0
      ],
      "L0": [
        0.0
      ],
      "dL": [
        3.09e+19
      ],
      "b": [
        6.0
      ],
      "q": [
        0.0
      ],
      "ts": [
        0.0
      ],
      "geocent_time": [
        -0.039151551408092455
      ]
    }
  }
}