{
  "injections": {
    "__dataframe__": true,
    "content": {
      "simulation_id": [
        0
      ],
      "luminosity_distance": [
        214.79389500235033
      ],
      "KNtimeshift": [
        0.17586654428623816
      ],
      "supernova_mag_boost": [
        2.964574840127141
      ],
      "geocent_time": [
        0.04384170834090309
      ]
    }
  }
}