{
    "luminosity_distance": 350.5708369840657,
    "timeshift": -0.017961009449011,
    "log10_Menv": -0.6053662744285795,
    "log10_Renv": 13.305839265324202,
    "log10_Ee": 51.2627357021758,
    "Ebv": 0.0,
    "log_likelihood": -12.1027921626069,
    "log_prior": -12.42921619684438,
    "log_bayes_factor": -18.551935997501058,
    "log_bayes_factor_err": 0.06840015057905698,
    "Best fit index": 4223,
    "Magnitudes": {
        "ztfg": [
            22.27456887462855,
            20.53183363573033,
            20.028429460236328,
            19.754286283578963,
            19.578377236702664,
            19.640534800259722,
            19.590246414280024,
            19.62197877669361,
            19.734530168306897,
            19.932988762413963,
            20.228184874656886,
            20.637117474098073,
            21.184046513043768,
            21.902164999758767,
            22.835913835434816,
            24.044185745590326,
            25.604900585412068,
            27.621654050517286,
            30.23328694339728
        ],
        "bestfit_sample_times": [
            0.08203899055098901,
            0.582038990550989,
            1.082038990550989,
            1.582038990550989,
            2.082038990550989,
            2.582038990550989,
            3.082038990550989,
            3.582038990550989,
            4.082038990550989,
            4.582038990550989,
            5.082038990550989,
            5.582038990550989,
            6.082038990550989,
            6.582038990550989,
            7.082038990550989,
            7.582038990550989,
            8.08203899055099,
            8.58203899055099,
            9.08203899055099
        ]
    }
}