{
    "luminosity_distance": 960.0593825919404,
    "timeshift": -0.1489099964278915,
    "log10_Menv": -0.8378100543919631,
    "log10_Renv": 14.899744113901184,
    "log10_Ee": 51.30375284498356,
    "Ebv": 0.0,
    "log_likelihood": -7.445756373763871,
    "log_prior": -12.42921619684438,
    "log_bayes_factor": -12.049371449961649,
    "log_bayes_factor_err": 0.06115891437203274,
    "Best fit index": 2584,
    "Magnitudes": {
        "ztfg": [
            22.72902214555846,
            20.81454496509769,
            20.19874395256108,
            19.831218288230055,
            19.755766884311633,
            19.594019244464505,
            19.535749725298402,
            19.571838352350973,
            19.704324334923797
        ],
        "bestfit_sample_times": [
            -0.04890999642789148,
            0.4510900035721085,
            0.9510900035721086,
            1.4510900035721086,
            1.9510900035721086,
            2.4510900035721086,
            2.9510900035721086,
            3.4510900035721086,
            3.951090003572108
        ]
    }
}