{
    "luminosity_distance": 744.1166370386973,
    "timeshift": -0.0711710661186832,
    "log10_Menv": -0.4433810353078984,
    "log10_Renv": 13.598113303726738,
    "log10_Ee": 51.94151152258333,
    "Ebv": 0.0,
    "log_likelihood": -11.173964192196076,
    "log_prior": -12.42921619684438,
    "log_bayes_factor": -16.98912092590698,
    "log_bayes_factor_err": 0.06525789571572363,
    "Best fit index": 3613,
    "Magnitudes": {
        "ztfg": [
            22.42351249609637,
            20.634217692299732,
            20.099810195286103,
            19.799674164286426,
            19.600571135299237,
            19.581113193553175,
            19.51951920170897,
            19.54024333442821,
            19.641993199309603,
            19.83004170212417,
            20.115832429179328,
            20.517656336722986,
            21.062111537813898
        ],
        "bestfit_sample_times": [
            0.028828933881316812,
            0.5288289338813168,
            1.0288289338813168,
            1.5288289338813168,
            2.028828933881317,
            2.528828933881317,
            3.028828933881317,
            3.528828933881317,
            4.028828933881316,
            4.528828933881316,
            5.028828933881316,
            5.528828933881316,
            6.028828933881316
        ]
    }
}