{
    "luminosity_distance": 7.634616786286826,
    "KNphi": 23.892100172723477,
    "inclination_EM": 0.2777879154754913,
    "timeshift": -0.0683965161021507,
    "log10_mej_dyn": -2.2548277880969736,
    "log10_mej_wind": -0.638740603698531,
    "Ebv": 0.0,
    "log_likelihood": -14.753056713406403,
    "log_prior": -10.447561636096644,
    "log_bayes_factor": -19.435198968952832,
    "log_bayes_factor_err": 0.056373670747729386,
    "Best fit index": 3663,
    "Magnitudes": {
        "ztfg": [
            17.144931920426714,
            13.383898954638852,
            12.781819651702481,
            12.980863522898254,
            13.604167820227527,
            14.292223982925078,
            14.897096220666104,
            15.339107704208198,
            15.69466680130311,
            15.999255708250189,
            16.227274625456943,
            16.442551547331373,
            16.664881411188,
            16.90107589167134,
            17.038690877142592,
            17.284538198433037,
            17.548581046689385
        ],
        "bestfit_sample_times": [
            0.03160348389784931,
            0.5316034838978493,
            1.0316034838978494,
            1.5316034838978494,
            2.0316034838978494,
            2.5316034838978494,
            3.0316034838978494,
            3.5316034838978494,
            4.0316034838978485,
            4.5316034838978485,
            5.0316034838978485,
            5.5316034838978485,
            6.0316034838978485,
            6.5316034838978485,
            7.0316034838978485,
            7.5316034838978485,
            8.031603483897849
        ]
    }
}