{
    "luminosity_distance": 4.847109836869319,
    "KNphi": 47.38967494269424,
    "inclination_EM": 0.1217498892699898,
    "timeshift": -0.0041491701265745,
    "log10_mej_dyn": -2.7673661726851844,
    "log10_mej_wind": -0.8102536572319696,
    "Ebv": 0.0,
    "log_likelihood": -12.90986709554241,
    "log_prior": -11.262028174747272,
    "log_bayes_factor": -17.32093040318931,
    "log_bayes_factor_err": 0.05443169570628008,
    "Best fit index": 3323,
    "Magnitudes": {
        "ztfg": [
            16.46478808764863,
            13.055477896277342,
            12.727135707506271,
            13.062837854357705,
            13.674578672584692,
            14.354610503922508,
            14.965582926894202,
            15.372898088112633,
            15.724860652913021,
            16.027946455451563,
            16.221798244653833,
            16.410124205958475,
            16.60611352043643,
            16.799955394723327,
            16.90091447806418
        ],
        "bestfit_sample_times": [
            0.09585082987342551,
            0.5958508298734255,
            1.0958508298734255,
            1.5958508298734255,
            2.0958508298734255,
            2.5958508298734255,
            3.0958508298734255,
            3.5958508298734255,
            4.0958508298734255,
            4.5958508298734255,
            5.0958508298734255,
            5.5958508298734255,
            6.0958508298734255,
            6.5958508298734255,
            7.0958508298734255
        ]
    }
}