{
    "luminosity_distance": 4.418657334899892,
    "KNphi": 49.28065775109186,
    "inclination_EM": 0.4854398112395333,
    "timeshift": 0.0001368445078617,
    "log10_mej_dyn": -2.6034205732917157,
    "log10_mej_wind": -0.9030748440632204,
    "Ebv": 0.0,
    "log_likelihood": -18.43485197319822,
    "log_prior": -9.916058502838863,
    "log_bayes_factor": -23.287128764953916,
    "log_bayes_factor_err": 0.057170933561259844,
    "Best fit index": 3787,
    "Magnitudes": {
        "ztfg": [
            16.328171601337978,
            12.894085755235299,
            12.736590056236178,
            13.068250989115274,
            13.61026942176001,
            14.24675967986953,
            14.842380994076875,
            15.253092482876704,
            15.621551385618503,
            15.948974613992386,
            16.196350712307584,
            16.418487905602145,
            16.663679585863466,
            16.910668061236727,
            17.061186894833902,
            17.297384597789563,
            17.556658859110506,
            17.837062715281697,
            18.023852195560956,
            18.30319131436937,
            18.56441902777165
        ],
        "bestfit_sample_times": [
            0.1001368445078617,
            0.6001368445078616,
            1.1001368445078619,
            1.6001368445078619,
            2.100136844507862,
            2.600136844507862,
            3.100136844507862,
            3.600136844507862,
            4.100136844507861,
            4.600136844507861,
            5.100136844507861,
            5.600136844507861,
            6.100136844507861,
            6.600136844507861,
            7.100136844507861,
            7.600136844507861,
            8.100136844507862,
            8.600136844507862,
            9.100136844507862,
            9.600136844507862,
            10.100136844507862
        ]
    }
}