{
    "luminosity_distance": 6.514705615072107,
    "KNphi": 31.91079240264549,
    "inclination_EM": 0.599844975501808,
    "timeshift": -0.0570091641910752,
    "log10_mej_dyn": -2.3562472831748584,
    "log10_mej_wind": -0.8342181135485398,
    "Ebv": 0.0,
    "log_likelihood": -5.52551060924185,
    "log_prior": -9.725559195447309,
    "log_bayes_factor": -8.81275745044928,
    "log_bayes_factor_err": 0.04480188560507973,
    "Best fit index": 3027,
    "Magnitudes": {
        "ztfg": [
            16.737290695454522,
            13.121920305594507,
            12.741461791180804,
            13.000997414764356,
            13.592764117774788,
            14.27581422918744,
            14.90821914069299
        ],
        "bestfit_sample_times": [
            0.04299083580892481,
            0.5429908358089248,
            1.0429908358089248,
            1.5429908358089248,
            2.042990835808925,
            2.542990835808925,
            3.042990835808925
        ]
    }
}