{
    "luminosity_distance": 5.03681939346171,
    "KNphi": 47.57582268748948,
    "inclination_EM": 0.3770383758009778,
    "timeshift": -0.0291736547546261,
    "log10_mej_dyn": -1.0524476680316823,
    "log10_mej_wind": -0.5937334943951442,
    "Ebv": 0.0,
    "log_likelihood": -7.381461315781199,
    "log_prior": -10.1529846099297,
    "log_bayes_factor": -10.995705239286968,
    "log_bayes_factor_err": 0.04826633313390172,
    "Best fit index": 3033,
    "Magnitudes": {
        "ztfg": [
            16.22114891558217,
            12.927544386269602,
            12.716191498609177,
            12.987065694628019,
            13.516740532527285,
            14.187363794482591,
            14.799420982067188,
            15.267061030269412,
            15.688559351485619
        ],
        "bestfit_sample_times": [
            0.0708263452453739,
            0.5708263452453739,
            1.070826345245374,
            1.570826345245374,
            2.070826345245374,
            2.570826345245374,
            3.070826345245374,
            3.570826345245374,
            4.070826345245374
        ]
    }
}