{
    "luminosity_distance": 7.1944542225043655,
    "KNphi": 17.712267125718057,
    "inclination_EM": 0.3223458803290265,
    "timeshift": -0.0559385025420888,
    "log10_mej_dyn": -2.4490745873264443,
    "log10_mej_wind": -0.6031825569088869,
    "Ebv": 0.0,
    "log_likelihood": -16.57654437214633,
    "log_prior": -10.3032783591455,
    "log_bayes_factor": -21.330985379079394,
    "log_bayes_factor_err": 0.0570423176630496,
    "Best fit index": 3138,
    "Magnitudes": {
        "ztfg": [
            16.838571055485126,
            13.31440174906589,
            12.8010988277892,
            12.975773797833241,
            13.544886850537145,
            14.229403389573388,
            14.85448378537877,
            15.294083621999885,
            15.65938090227504,
            15.967960023992394,
            16.18734320692471,
            16.391542756537994,
            16.610140068893784,
            16.828251526854523,
            16.948271927495476,
            17.171808286669595,
            17.418837402575353,
            17.70761304918212,
            17.934494633401503
        ],
        "bestfit_sample_times": [
            0.04406149745791121,
            0.5440614974579112,
            1.0440614974579112,
            1.5440614974579112,
            2.0440614974579114,
            2.5440614974579114,
            3.0440614974579114,
            3.5440614974579114,
            4.0440614974579105,
            4.5440614974579105,
            5.0440614974579105,
            5.5440614974579105,
            6.0440614974579105,
            6.5440614974579105,
            7.0440614974579105,
            7.5440614974579105,
            8.04406149745791,
            8.54406149745791,
            9.04406149745791
        ]
    }
}