{
    "luminosity_distance": 207.8375965062989,
    "timeshift": -0.9401540248021412,
    "supernova_mag_boost": 0.1644571129010454,
    "Ebv": 0.0,
    "log_likelihood": -12.035764623587774,
    "log_prior": -7.313220387090301,
    "log_bayes_factor": -14.964368379047439,
    "log_bayes_factor_err": 0.04561672534469486,
    "Best fit index": 2645,
    "Magnitudes": {
        "ztfg": [
            22.2798099347798,
            20.334431808981844,
            19.704936733960633,
            19.48692342449014,
            19.305451318291784,
            19.150011568644754,
            19.01406389964212,
            18.893259955308604,
            18.78456152340495,
            18.68576192094,
            18.595207760497036
        ],
        "ztfr": [
            22.133576206686154,
            20.18819808097769,
            19.55870299755426,
            19.340689626661845,
            19.159217477949763,
            19.003777697130754,
            18.867830004293435,
            18.747026041144725,
            18.638327594010786,
            18.539527978965022,
            18.44897380795469
        ],
        "bestfit_sample_times": [
            -0.8401540248021412,
            -0.3401540248021412,
            0.15984597519785892,
            0.6598459751978589,
            1.159845975197859,
            1.659845975197859,
            2.159845975197859,
            2.659845975197859,
            3.1598459751978583,
            3.6598459751978583,
            4.159845975197858
        ]
    },
    "chi2_per_dof": 0.3342074426221155,
    "chi2_per_dof_per_filt": {
        "ztfg": 0.34268418047214916,
        "ztfr": 0.3193731513845566
    }
}