{
    "luminosity_distance": 210.29643184727024,
    "timeshift": -0.9831744101485316,
    "supernova_mag_boost": -0.0756933683232805,
    "Ebv": 0.0,
    "log_likelihood": -8.895143698018023,
    "log_prior": -7.313220387090301,
    "log_bayes_factor": -11.55669544626963,
    "log_bayes_factor_err": 0.04465411479314233,
    "Best fit index": 2520,
    "Magnitudes": {
        "ztfg": [
            22.06914959264512,
            20.12377146684767,
            19.494000828561404,
            19.276037636772386,
            19.094600221330253,
            18.93918590839977,
            18.803257689193565,
            18.68246909885437,
            18.57378309565862
        ],
        "ztfr": [
            21.91927332339945,
            19.973895197690936,
            19.344124550829,
            19.12616129573167,
            18.944723836466707,
            18.78930949140259,
            18.65338124762539,
            18.53259263788913,
            18.4239066189917
        ],
        "bestfit_sample_times": [
            -0.8831744101485316,
            -0.3831744101485316,
            0.11682558985146851,
            0.6168255898514685,
            1.1168255898514685,
            1.6168255898514685,
            2.1168255898514685,
            2.6168255898514685,
            3.116825589851468
        ]
    },
    "chi2_per_dof": 0.12708375165651903,
    "chi2_per_dof_per_filt": {
        "ztfg": 0.12784216807622265,
        "ztfr": 0.12613573113188956
    }
}