{
    "luminosity_distance": 11.438858481059546,
    "timeshift": -0.2943434272136676,
    "log10_Menv": -0.0345098410622464,
    "log10_Renv": 14.84191506933735,
    "log10_Ee": 49.47568152903119,
    "Ebv": 0.0,
    "log_likelihood": -11.057396905592377,
    "log_prior": -12.42921619684438,
    "log_bayes_factor": -19.091595607643196,
    "log_bayes_factor_err": 0.08240394995600034,
    "Best fit index": 3295,
    "Magnitudes": {
        "ztfg": [
            18.33386899529411,
            16.429610736248286,
            15.820331227701537,
            15.458147377996326,
            15.2040981469709,
            15.010728536313046,
            14.856126564692623,
            14.728380345510402,
            14.620301784771648,
            14.52722455485214,
            14.445950697977118,
            14.374194817745952,
            14.310268224127995
        ],
        "bestfit_sample_times": [
            -0.19434342721366757,
            0.3056565727863324,
            0.8056565727863325,
            1.3056565727863325,
            1.8056565727863325,
            2.3056565727863325,
            2.8056565727863325,
            3.3056565727863325,
            3.805656572786332,
            4.305656572786332,
            4.805656572786332,
            5.305656572786332,
            5.805656572786332
        ]
    }
}