{
    "luminosity_distance": 7.171376021508896,
    "timeshift": -0.2001821741404243,
    "log10_Menv": -0.3192449391446308,
    "log10_Renv": 14.395654817814826,
    "log10_Ee": 49.00420151289208,
    "Ebv": 0.0,
    "log_likelihood": -9.214444732981027,
    "log_prior": -12.42921619684438,
    "log_bayes_factor": -16.633097785922914,
    "log_bayes_factor_err": 0.07941914029034024,
    "Best fit index": 2909,
    "Magnitudes": {
        "ztfg": [
            18.1633757934267,
            16.299213357224087,
            15.715746064632274,
            15.374814468048097,
            15.13949928947984,
            14.96320187949129,
            14.824466678734243,
            14.71165937770326,
            14.61777566956032,
            14.53827840484647,
            14.470064545980446
        ],
        "bestfit_sample_times": [
            -0.1001821741404243,
            0.3998178258595757,
            0.8998178258595758,
            1.3998178258595757,
            1.8998178258595757,
            2.399817825859576,
            2.899817825859576,
            3.399817825859576,
            3.8998178258595755,
            4.399817825859575,
            4.899817825859575
        ]
    }
}