{
    "luminosity_distance": 33.212917342337406,
    "timeshift": -0.0678643945270855,
    "log10_Menv": -0.4316840375832065,
    "log10_Renv": 14.021617512519777,
    "log10_Ee": 50.76001702816011,
    "Ebv": 0.0,
    "log_likelihood": -7.373067256597118,
    "log_prior": -12.42921619684438,
    "log_bayes_factor": -14.236384089027505,
    "log_bayes_factor_err": 0.07615681170252961,
    "Best fit index": 2918,
    "Magnitudes": {
        "ztfg": [
            18.04435894518727,
            16.201192418053353,
            15.631375862013932,
            15.301747236668604,
            15.076436113739884,
            14.909283648294899,
            14.779068669847355,
            14.674299419761027,
            14.588065990765426
        ],
        "bestfit_sample_times": [
            0.03213560547291451,
            0.5321356054729145,
            1.0321356054729145,
            1.5321356054729145,
            2.0321356054729147,
            2.5321356054729147,
            3.0321356054729147,
            3.5321356054729147,
            4.032135605472914
        ]
    }
}