{
    "luminosity_distance": 10.091719332381832,
    "timeshift": -0.1848787986063222,
    "log10_Menv": -0.2849376702983903,
    "log10_Renv": 14.809302711604657,
    "log10_Ee": 49.20367973646974,
    "Ebv": 0.0,
    "log_likelihood": -14.738716111025235,
    "log_prior": -12.42921619684438,
    "log_bayes_factor": -23.730416749524302,
    "log_bayes_factor_err": 0.08662262678948913,
    "Best fit index": 3428,
    "Magnitudes": {
        "ztfg": [
            18.271458481937987,
            16.370268422726877,
            15.76295163521375,
            15.402377759248498,
            15.149743860824874,
            14.957661265364376,
            14.804253344954152,
            14.677629714631127,
            14.570616516917543,
            14.478557430096235,
            14.398261848009728,
            14.327449964498062,
            14.264437458567354,
            14.207945562582704,
            14.156981131349685,
            14.11075790394202,
            14.068643088184242
        ],
        "bestfit_sample_times": [
            -0.08487879860632219,
            0.4151212013936778,
            0.9151212013936779,
            1.4151212013936778,
            1.9151212013936778,
            2.415121201393678,
            2.915121201393678,
            3.415121201393678,
            3.9151212013936774,
            4.415121201393678,
            4.915121201393678,
            5.415121201393678,
            5.915121201393678,
            6.415121201393678,
            6.915121201393678,
            7.415121201393678,
            7.915121201393678
        ]
    }
}