{
    "luminosity_distance": 106.18009261793875,
    "timeshift": -0.0621128498645811,
    "log10_Menv": -0.4779796351980083,
    "log10_Renv": 14.000837966798713,
    "log10_Ee": 51.98478413853277,
    "Ebv": 0.0,
    "log_likelihood": -5.527041014024154,
    "log_prior": -12.42921619684438,
    "log_bayes_factor": -11.9344739019359,
    "log_bayes_factor_err": 0.07426018726857625,
    "Best fit index": 2867,
    "Magnitudes": {
        "ztfg": [
            18.019271565074202,
            16.16654320299301,
            15.59049893877108,
            15.255708624956096,
            15.145725653245869,
            15.007241650080278,
            14.974974678039874
        ],
        "bestfit_sample_times": [
            0.03788715013541891,
            0.5378871501354189,
            1.037887150135419,
            1.537887150135419,
            2.037887150135419,
            2.537887150135419,
            3.037887150135419
        ]
    }
}