{
    "luminosity_distance": 17.92541078783786,
    "timeshift": -0.1287961465498281,
    "log10_Menv": -0.1800843049879708,
    "log10_Renv": 14.69269354048705,
    "log10_Ee": 49.974072269871776,
    "Ebv": 0.0,
    "log_likelihood": -16.59948794181731,
    "log_prior": -12.42921619684438,
    "log_bayes_factor": -26.063941599235502,
    "log_bayes_factor_err": 0.08878385812186974,
    "Best fit index": 3944,
    "Magnitudes": {
        "ztfg": [
            18.195913753499845,
            16.298571520889404,
            15.693719180253659,
            15.335168299642028,
            15.084313779090202,
            14.893849930247981,
            14.741944359364176,
            14.61673358386648,
            14.511061558553955,
            14.420284480769329,
            14.341220942514656,
            14.271598132095903,
            14.209737195140484,
            14.154363733372577,
            14.104488159761157,
            14.05932715710517,
            14.018250401851898,
            13.980743401384078,
            13.946380937829268
        ],
        "bestfit_sample_times": [
            -0.028796146549828094,
            0.4712038534501719,
            0.971203853450172,
            1.471203853450172,
            1.971203853450172,
            2.471203853450172,
            2.971203853450172,
            3.471203853450172,
            3.9712038534501715,
            4.471203853450172,
            4.971203853450172,
            5.471203853450172,
            5.971203853450172,
            6.471203853450172,
            6.971203853450172,
            7.471203853450172,
            7.971203853450172,
            8.471203853450172,
            8.971203853450172
        ]
    }
}