{
    "luminosity_distance": 27.4699286514485,
    "timeshift": -0.3265533866520753,
    "log10_Menv": -0.2402422387740621,
    "log10_Renv": 14.909786209628203,
    "log10_Ee": 50.23781854636101,
    "Ebv": 0.0,
    "log_likelihood": -12.90007560850751,
    "log_prior": -12.42921619684438,
    "log_bayes_factor": -21.470704205740166,
    "log_bayes_factor_err": 0.08486873507262616,
    "Best fit index": 3404,
    "Magnitudes": {
        "ztfg": [
            18.356601387684734,
            16.441649841757275,
            15.82554668512337,
            15.457773821590912,
            15.198816680975668,
            15.000988048762807,
            14.842252155869023,
            14.710621826272984,
            14.598859114686583,
            14.502262655942669,
            14.417608749280149,
            14.342592423388464,
            14.275509689957932,
            14.215066062626512,
            14.160255596745365
        ],
        "bestfit_sample_times": [
            -0.22655338665207528,
            0.2734466133479247,
            0.7734466133479247,
            1.2734466133479247,
            1.7734466133479247,
            2.2734466133479247,
            2.7734466133479247,
            3.2734466133479247,
            3.7734466133479243,
            4.273446613347924,
            4.773446613347924,
            5.273446613347924,
            5.773446613347924,
            6.273446613347924,
            6.773446613347924
        ]
    }
}