{
    "luminosity_distance": 71.26296177886418,
    "beta": 1.5644190316941131,
    "log10_kappa_r": -0.9777977887828138,
    "KNtimeshift": -1.91874724053734,
    "log10_vej": -1.9142270452346668,
    "log10_mej": -2.43034615522834,
    "Ebv": 0.1997872901769868,
    "log_likelihood": -20.54293170080781,
    "log_prior": -9.381826212050385,
    "Best fit index": 4659,
    "Magnitudes": {
        "ztfg": [
            23.03264066870134,
            20.97901478859732,
            20.096156778485998,
            19.393889556576887,
            18.84059105448921,
            18.358986185895226,
            17.988054876512805,
            17.66030514941029,
            17.357864081141788,
            17.15345554106155,
            16.95399082038955,
            16.795629090602564,
            16.63080159279,
            16.54156675980737,
            16.482236431945196,
            16.407552674469137,
            16.315793103766733,
            16.24858872902256,
            16.204927077735384,
            16.1840906503722,
            16.18565074675373,
            16.20947721757107,
            Infinity
        ],
        "bestfit_sample_times": [
            0.1,
            0.6,
            1.1,
            1.6,
            2.1,
            2.6,
            3.1,
            3.6,
            4.1,
            4.6,
            5.1,
            5.6,
            6.1,
            6.6,
            7.1,
            7.6,
            8.1,
            8.6,
            9.1,
            9.6,
            10.1,
            10.6,
            11.1
        ]
    }
}