{
    "luminosity_distance": 104.93537643879512,
    "beta": 1.8212425870195723,
    "log10_kappa_r": -0.9144525408855598,
    "KNtimeshift": -1.992317246460288,
    "log10_vej": -1.8686468616704128,
    "log10_mej": -2.400514274791788,
    "Ebv": 0.0184080267034839,
    "log_likelihood": -16.681324922347578,
    "log_prior": -8.9852155828011,
    "Best fit index": 4133,
    "Magnitudes": {
        "ztfg": [
            23.353743698337063,
            21.167208430714858,
            20.24636592204569,
            19.489312095784022,
            18.893067326569593,
            18.41739336249305,
            18.020066113416107,
            17.673806495530375,
            17.39728145810106,
            17.178764241865757,
            16.97293657088856,
            16.8101523755115,
            16.68571172333722,
            16.595970920898868,
            16.501063894248194,
            16.47278410835187,
            16.398531595285704,
            16.35115116092269,
            Infinity
        ],
        "bestfit_sample_times": [
            0.1,
            0.6,
            1.1,
            1.6,
            2.1,
            2.6,
            3.1,
            3.6,
            4.1,
            4.6,
            5.1,
            5.6,
            6.1,
            6.6,
            7.1,
            7.6,
            8.1,
            8.6,
            9.1
        ]
    }
}