{
    "luminosity_distance": 47.06431166380072,
    "beta": 4.13660933294541,
    "log10_kappa_r": 0.994938136708038,
    "KNtimeshift": -1.8211749529345735,
    "log10_vej": -1.7411742251691886,
    "log10_mej": -2.760956792076155,
    "Ebv": 0.2117204843673565,
    "log_likelihood": -9.227825727632258,
    "log_prior": -9.414375985106409,
    "Best fit index": 2756,
    "Magnitudes": {
        "ztfg": [
            23.94733381501875,
            21.344298819018007,
            20.46883190338994,
            19.46258553692958,
            18.716301382099168,
            18.144613128962035,
            17.724795147073173,
            17.420935385685155,
            17.216163606763573,
            17.11057526338535,
            Infinity
        ],
        "bestfit_sample_times": [
            0.1,
            0.6,
            1.1,
            1.6,
            2.1,
            2.6,
            3.1,
            3.6,
            4.1,
            4.6,
            5.1
        ]
    }
}