{
    "luminosity_distance": 73.44726556884491,
    "beta": 1.0779274134851768,
    "log10_kappa_r": -0.974589514775799,
    "KNtimeshift": -1.9901528251651663,
    "log10_vej": -1.994132113933809,
    "log10_mej": -2.83604294172464,
    "Ebv": 0.2490672762886438,
    "log_likelihood": -39.1483842787483,
    "log_prior": -9.523683883410229,
    "Best fit index": 5960,
    "Magnitudes": {
        "ztfg": [
            23.608673214057923,
            21.659594790340414,
            20.847848093589413,
            20.19029425132903,
            19.597262367120486,
            19.149952439189207,
            18.752938939618517,
            18.435285156324213,
            18.123169179820316,
            17.861444519581674,
            17.641968888638726,
            17.458653524618036,
            17.190146589614514,
            16.948948077835727,
            16.732299225546704,
            16.537956359145426,
            16.36407043096913,
            16.20910000121993,
            16.071747935690077,
            15.950914123300045,
            15.845660060556078,
            15.75518181180631,
            15.678789466844616,
            15.615891377322317,
            15.565982322157339,
            15.528634713622072,
            15.50349252366415,
            15.49026748302629,
            15.488737571252479,
            15.498747637853356,
            15.520212480020788,
            15.553122479681335,
            15.597552531375634,
            15.6536747098219,
            15.721776097494558,
            15.802282802933064,
            15.895792923458242,
            16.003120577414286,
            Infinity
        ],
        "bestfit_sample_times": [
            0.1,
            0.6,
            1.1,
            1.6,
            2.1,
            2.6,
            3.1,
            3.6,
            4.1,
            4.6,
            5.1,
            5.6,
            6.1,
            6.6,
            7.1,
            7.6,
            8.1,
            8.6,
            9.1,
            9.6,
            10.1,
            10.6,
            11.1,
            11.6,
            12.1,
            12.6,
            13.1,
            13.6,
            14.1,
            14.6,
            15.1,
            15.6,
            16.1,
            16.6,
            17.1,
            17.6,
            18.1,
            18.6,
            19.1
        ]
    }
}