{
    "luminosity_distance": 90.77481027722696,
    "beta": 1.2055774357094395,
    "log10_kappa_r": -0.8233109921894015,
    "KNtimeshift": -1.9913790528303457,
    "log10_vej": -1.999374410123593,
    "log10_mej": -2.873180417397272,
    "Ebv": 0.0364204969574333,
    "log_likelihood": -33.744118628646866,
    "log_prior": -9.01826986106159,
    "Best fit index": 5903,
    "Magnitudes": {
        "ztfg": [
            23.4698453006462,
            21.455524846493994,
            20.61467661491119,
            19.899178665260393,
            19.31697131657507,
            18.837374775257274,
            18.416987553728134,
            18.078075946487775,
            17.80379056101146,
            17.531292994383552,
            17.302468896167795,
            17.111118592832096,
            16.900843010558713,
            16.771085495896312,
            16.563663609326962,
            16.379632155301234,
            16.21712004876004,
            16.074572123409304,
            15.95068528229229,
            15.844361025384949,
            15.754670299129579,
            15.680827043681571,
            15.622168704614356,
            15.57814193718848,
            15.548292866573394,
            15.532261039048826,
            15.52977707747461,
            15.54066372766298,
            15.564840877634914,
            15.60233472352817,
            15.65329243177991,
            15.718003128670226,
            15.796927938117818,
            15.890741061441197,
            Infinity
        ],
        "bestfit_sample_times": [
            0.1,
            0.6,
            1.1,
            1.6,
            2.1,
            2.6,
            3.1,
            3.6,
            4.1,
            4.6,
            5.1,
            5.6,
            6.1,
            6.6,
            7.1,
            7.6,
            8.1,
            8.6,
            9.1,
            9.6,
            10.1,
            10.6,
            11.1,
            11.6,
            12.1,
            12.6,
            13.1,
            13.6,
            14.1,
            14.6,
            15.1,
            15.6,
            16.1,
            16.6,
            17.1
        ]
    }
}