{
    "luminosity_distance": 63.0080127971685,
    "beta": 4.413475430894273,
    "log10_kappa_r": -0.8516866087565199,
    "KNtimeshift": -0.4039303025170648,
    "log10_vej": -1.2877038726942898,
    "log10_mej": -1.0237279186935582,
    "Ebv": 0.2836911197883088,
    "log_likelihood": -5.5412381060776985,
    "log_prior": -9.636946935306971,
    "Best fit index": 2864,
    "Magnitudes": {
        "ztfg": [
            21.453345803885412,
            18.950211317271716,
            18.294053875088323,
            17.752918527809477,
            17.467166088312418,
            17.34899305166603,
            Infinity
        ],
        "bestfit_sample_times": [
            0.1,
            0.6,
            1.1,
            1.6,
            2.1,
            2.6,
            3.1
        ]
    }
}