{
  "injections": {
    "__dataframe__": true,
    "content": {
      "simulation_id": [
        0
      ],
      "luminosity_distance": [
        198.89709446269504
      ],
      "KNtimeshift": [
        -0.5514613810788804
      ],
      "supernova_mag_boost": [
        2.1217922134753584
      ],
      "geocent_time": [
        -0.05255018250063999
      ]
    }
  }
}