{
  "injections": {
    "__dataframe__": true,
    "content": {
      "simulation_id": [
        0
      ],
      "luminosity_distance": [
        1.2281566907391177
      ],
      "KNphi": [
        48.692694513727375
      ],
      "inclination_EM": [
        0.7149178591452717
      ],
      "KNtimeshift": [
        0.08792261828109371
      ],
      "log10_mej_dyn": [
        -2.1820941111714602
      ],
      "log10_mej_wind": [
        -2.5667641998228854
      ],
      "geocent_time": [
        -0.06871259146578279
      ]
    }
  }
}