{
    "luminosity_distance": 22.051835404473916,
    "beta": 1.233998165707812,
    "log10_kappa_r": -0.8300294263547899,
    "KNtimeshift": -1.6586136867926171,
    "log10_vej": -1.9673477438855396,
    "log10_mej": -2.6938870506502828,
    "Ebv": 0.0410884083462155,
    "log_likelihood": -20.476428812921608,
    "log_prior": -9.027017130059896,
    "log_bayes_factor": -30.493553604128767,
    "Best fit index": 4936,
    "Magnitudes": {
        "ztfg": [
            20.07043274755646,
            18.170124967201865,
            17.351674002735848,
            16.68445041957765,
            16.149494946799578,
            15.71667435143656,
            15.393283204478458,
            15.054148854728261,
            14.830278162223703,
            14.610230675791158,
            14.435642603895428,
            14.30039709103744,
            14.148685351327202,
            14.079040337950659,
            13.986326027432295,
            13.919470431269612,
            13.825580959796785,
            13.754606029693612,
            13.705561172529091,
            13.677745769451285,
            13.670735265684485,
            13.68438377165159,
            Infinity
        ],
        "bestfit_sample_times": [
            0.1,
            0.6,
            1.1,
            1.6,
            2.1,
            2.6,
            3.1,
            3.6,
            4.1,
            4.6,
            5.1,
            5.6,
            6.1,
            6.6,
            7.1,
            7.6,
            8.1,
            8.6,
            9.1,
            9.6,
            10.1,
            10.6,
            11.1
        ]
    }
}