{
    "luminosity_distance": 13.414384494152548,
    "beta": 2.020204566818706,
    "log10_kappa_r": -0.5879634921453629,
    "KNtimeshift": -1.668328794323143,
    "log10_vej": -1.7027708772417205,
    "log10_mej": -2.639946163442042,
    "Ebv": 0.4555075131373541,
    "log_likelihood": -12.942118765420584,
    "log_prior": -10.54111118417696,
    "log_bayes_factor": -20.383431924399027,
    "Best fit index": 3134,
    "Magnitudes": {
        "ztfg": [
            20.431486725127886,
            18.18342855591545,
            17.283984860728697,
            16.550765427914396,
            15.993931868935388,
            15.540505928731069,
            15.177250774160758,
            14.907208042687,
            14.683363593157967,
            14.523891280617011,
            14.390440842363088,
            14.307615544517464,
            14.24157437854748,
            14.190684322300623,
            Infinity
        ],
        "bestfit_sample_times": [
            0.1,
            0.6,
            1.1,
            1.6,
            2.1,
            2.6,
            3.1,
            3.6,
            4.1,
            4.6,
            5.1,
            5.6,
            6.1,
            6.6,
            7.1
        ]
    }
}