{
    "luminosity_distance": 15.264693983880283,
    "beta": 1.067655529327354,
    "log10_kappa_r": -0.8767611372230484,
    "KNtimeshift": -1.999827216111454,
    "log10_vej": -1.999711729115066,
    "log10_mej": -2.905901769999992,
    "Ebv": 0.4309855567429363,
    "log_likelihood": -38.992380984527074,
    "log_prior": -10.350670887887784,
    "log_bayes_factor": -54.712203790950774,
    "Best fit index": 6752,
    "Magnitudes": {
        "ztfg": [
            20.888116164634166,
            18.934644744233186,
            18.120607891908644,
            17.459789014664796,
            16.919667198021873,
            16.419671992486048,
            16.080006822184256,
            15.709262866421621,
            15.400539607992894,
            15.199693318941346,
            14.927057787979667,
            14.747975292318035,
            14.542680868223083,
            14.307080598450248,
            14.096153045792285,
            13.90765489012757,
            13.739739370202262,
            13.590869171252614,
            13.459753253767403,
            13.34529966501351,
            13.246580389189209,
            13.162804596579647,
            13.093298563039173,
            13.037490447910102,
            12.994899218955268,
            12.965126777160755,
            12.947853119989905,
            12.94283406845095,
            12.94990179354254,
            12.968967998276465,
            13.000030420248322,
            13.043182848713187,
            13.09862997493676,
            13.16670776138017,
            13.247911853992449,
            13.342935594653603,
            13.452722619054065,
            13.578537251503402,
            Infinity
        ],
        "bestfit_sample_times": [
            0.1,
            0.6,
            1.1,
            1.6,
            2.1,
            2.6,
            3.1,
            3.6,
            4.1,
            4.6,
            5.1,
            5.6,
            6.1,
            6.6,
            7.1,
            7.6,
            8.1,
            8.6,
            9.1,
            9.6,
            10.1,
            10.6,
            11.1,
            11.6,
            12.1,
            12.6,
            13.1,
            13.6,
            14.1,
            14.6,
            15.1,
            15.6,
            16.1,
            16.6,
            17.1,
            17.6,
            18.1,
            18.6,
            19.1
        ]
    }
}