{
    "luminosity_distance": 202.2983485221151,
    "KNtimeshift": 0.2723405000056274,
    "supernova_mag_boost": 0.1933578254808683,
    "Ebv": 0.0276001869400039,
    "log_likelihood": -15.195960431506702,
    "log_prior": -6.11157561121267,
    "Best fit index": 3167,
    "Magnitudes": {
        "ztfg": [
            21.459421176721083,
            19.51404305092195,
            18.885169736255655,
            18.667043302563854,
            18.48549290332609,
            18.32999575111768,
            18.194004193078634,
            18.073165603814672,
            17.964439128799064,
            17.865616362163742,
            17.775042745131053,
            17.691446570208434,
            17.613829274612932,
            17.541392416057306,
            17.473487530534214
        ],
        "bestfit_sample_times": [
            0.1,
            0.6,
            1.1,
            1.6,
            2.1,
            2.6,
            3.1,
            3.6,
            4.1,
            4.6,
            5.1,
            5.6,
            6.1,
            6.6,
            7.1
        ]
    }
}