{
    "luminosity_distance": 160.2199561793251,
    "KNtimeshift": 0.5022583896359492,
    "supernova_mag_boost": 0.3105317933860618,
    "Ebv": 0.4477118515807385,
    "log_likelihood": -9.600483240068929,
    "log_prior": -7.586178215487171,
    "Best fit index": 2626,
    "Magnitudes": {
        "ztfg": [
            21.028432488632113,
            19.08305436282828,
            18.458949068878418,
            18.239953323118485,
            18.057801735080396,
            17.901864044727724,
            17.76553579485013,
            17.644431512622027,
            17.535490027988175,
            17.436489695408035,
            17.345766958412774
        ],
        "bestfit_sample_times": [
            0.1,
            0.6,
            1.1,
            1.6,
            2.1,
            2.6,
            3.1,
            3.6,
            4.1,
            4.6,
            5.1
        ]
    }
}