{
    "luminosity_distance": 180.5262787924173,
    "KNtimeshift": 0.4600008367580359,
    "supernova_mag_boost": 0.1585521552191675,
    "Ebv": 0.4815089963411339,
    "log_likelihood": -5.861384885433772,
    "log_prior": -7.902332996276634,
    "Best fit index": 3408,
    "Magnitudes": {
        "ztfg": [
            21.16741291682699,
            19.22203479102711,
            18.595618517823457,
            18.377044440493986,
            18.195184363351128,
            18.039460233088175,
            17.903295171529475
        ],
        "bestfit_sample_times": [
            0.1,
            0.6,
            1.1,
            1.6,
            2.1,
            2.6,
            3.1
        ]
    }
}