{
    "luminosity_distance": 150.1636608345486,
    "KNtimeshift": -0.0972672923740495,
    "inclination_EM": 0.1796512717094764,
    "log10_n0": -2.8433960961647955,
    "p": 2.21223723605814,
    "log10_epsilon_e": -0.8401190532503455,
    "log10_epsilon_B": -1.6198584107760563,
    "Ebv": 0.4082867379075588,
    "log10_E0": 53.0,
    "thetaCore": 0.05,
    "thetaWing": 0.1,
    "ksiN": 1.0,
    "L0": 0.0,
    "dL": 3.09e+19,
    "b": 6.0,
    "q": 0.0,
    "ts": 0.0,
    "log_likelihood": -27.90916227802077,
    "log_prior": -10.053128874296393,
    "log_bayes_factor": -35.308971815997005,
    "Best fit index": 3711,
    "Magnitudes": {
        "ztfg": [
            38.905570608898444,
            27.887490846082326,
            25.2639738778093,
            23.854043879329353,
            23.005426726211816,
            22.5178174486345,
            22.20645106518406,
            21.998490996561507,
            21.852351959928814,
            21.744130975419985,
            21.65261934244225,
            21.582718552900918,
            21.527779266971848,
            21.485301635787863,
            21.450126091746164,
            21.42615732023332,
            21.402188548720474,
            21.389281546932928,
            21.378381422072447,
            21.367481297211963,
            21.36246610843461,
            21.358672943948037,
            21.354879779461463,
            21.352756346694584,
            21.35557427682678,
            21.358392206958975,
            21.36121013709117,
            21.36410244646408,
            21.37125768382136,
            21.378412921178636,
            21.385568158535918
        ],
        "bestfit_sample_times": [
            0.1,
            0.6,
            1.1,
            1.6,
            2.1,
            2.6,
            3.1,
            3.6,
            4.1,
            4.6,
            5.1,
            5.6,
            6.1,
            6.6,
            7.1,
            7.6,
            8.1,
            8.6,
            9.1,
            9.6,
            10.1,
            10.6,
            11.1,
            11.6,
            12.1,
            12.6,
            13.1,
            13.6,
            14.1,
            14.6,
            15.1
        ]
    }
}