{
    "luminosity_distance": 162.18262860470992,
    "KNtimeshift": -0.0332220227108388,
    "inclination_EM": 0.1787901392052339,
    "log10_n0": -2.6500161260899064,
    "p": 2.022705974251593,
    "log10_epsilon_e": -0.4774370825186955,
    "log10_epsilon_B": -1.7233358660458191,
    "Ebv": 0.2354046859259122,
    "log10_E0": 53.0,
    "thetaCore": 0.05,
    "thetaWing": 0.1,
    "ksiN": 1.0,
    "L0": 0.0,
    "dL": 3.09e+19,
    "b": 6.0,
    "q": 0.0,
    "ts": 0.0,
    "log_likelihood": -31.964966700130944,
    "log_prior": -9.338369987069692,
    "log_bayes_factor": -40.07600874759068,
    "Best fit index": 3879,
    "Magnitudes": {
        "ztfg": [
            37.200764909132396,
            27.808566083571634,
            25.090508088652303,
            23.683718598742185,
            22.91130707477886,
            22.471398242701106,
            22.194091833461947,
            21.999320170115052,
            21.848928007566307,
            21.727952169409846,
            21.64217288993734,
            21.571757976268053,
            21.514090004182407,
            21.47339220353549,
            21.437299599973198,
            21.41212226981301,
            21.39086442401388,
            21.372706956859744,
            21.360403742784094,
            21.348100528708443,
            21.340192352651044,
            21.335710794093117,
            21.33122923553519,
            21.32866167146503,
            21.330206608258703,
            21.331751545052374,
            21.333296481846045,
            21.337235494745876,
            21.343236094115543,
            21.349236693485214,
            21.35523729285488,
            21.361807075306196,
            21.372103285885263,
            21.38239949646433,
            21.392695707043394
        ],
        "bestfit_sample_times": [
            0.1,
            0.6,
            1.1,
            1.6,
            2.1,
            2.6,
            3.1,
            3.6,
            4.1,
            4.6,
            5.1,
            5.6,
            6.1,
            6.6,
            7.1,
            7.6,
            8.1,
            8.6,
            9.1,
            9.6,
            10.1,
            10.6,
            11.1,
            11.6,
            12.1,
            12.6,
            13.1,
            13.6,
            14.1,
            14.6,
            15.1,
            15.6,
            16.1,
            16.6,
            17.1
        ]
    }
}