{
    "luminosity_distance": 171.8190260313548,
    "KNtimeshift": 0.0909855091895778,
    "inclination_EM": 0.1712921357917746,
    "log10_n0": -2.158106733315829,
    "p": 2.35208069205306,
    "log10_epsilon_e": -2.1754358149654496,
    "log10_epsilon_B": -1.2136736191447923,
    "Ebv": 0.0744663405367146,
    "log10_E0": 53.0,
    "thetaCore": 0.05,
    "thetaWing": 0.1,
    "ksiN": 1.0,
    "L0": 0.0,
    "dL": 3.09e+19,
    "b": 6.0,
    "q": 0.0,
    "ts": 0.0,
    "log_likelihood": -3.74405009646114,
    "log_prior": -8.990375991342527,
    "log_bayes_factor": -6.932997962444742,
    "Best fit index": 3224,
    "Magnitudes": {
        "ztfg": [
            32.72943852291475,
            25.13512127223598,
            23.457644845251767,
            22.942613197194383,
            22.63421942811975,
            22.53026874627937,
            22.482601878799702
        ],
        "bestfit_sample_times": [
            0.1,
            0.6,
            1.1,
            1.6,
            2.1,
            2.6,
            3.1
        ]
    }
}