{
  "injections": {
    "__dataframe__": true,
    "content": {
      "simulation_id": [
        0
      ],
      "luminosity_distance": [
        176.4786069384665
      ],
      "timeshift": [
        -0.3188084633018089
      ],
      "supernova_mag_boost": [
        -3.79908211327995
      ],
      "geocent_time": [
        -0.037726721559071134
      ]
    }
  }
}