{
  "injections": {
    "__dataframe__": true,
    "content": {
      "simulation_id": [
        0
      ],
      "luminosity_distance": [
        176.73693535370154
      ],
      "timeshift": [
        0.13556174716366517
      ],
      "inclination_EM": [
        0.13799159181379225
      ],
      "log10_E0": [
        53.0
      ],
      "thetaCore": [
        0.05
      ],
      "thetaWing": [
        0.1
      ],
      "log10_n0": [
        0.18055788027569797
      ],
      "p": [
        2.270180075234934
      ],
      "log10_epsilon_e": [
        -2.54096977191819
      ],
      "log10_epsilon_B": [
        -2.0813103621488294
      ],
      "ksiN": [
        1.0
      ],
      "L0": [
        0.0
      ],
      "dL": [
        3.09e+19
      ],
      "b": [
        6.0
      ],
      "q": [
        0.0
      ],
      "ts": [
        0.0
      ],
      "geocent_time": [
        -0.039839095895120163
      ]
    }
  }
}