{
  "injections": {
    "__dataframe__": true,
    "content": {
      "simulation_id": [
        0
      ],
      "luminosity_distance": [
        207.84990795576311
      ],
      "timeshift": [
        -0.17379681824049098
      ],
      "supernova_mag_boost": [
        0.5460684120992223
      ],
      "geocent_time": [
        0.004774700583706076
      ]
    }
  }
}