{
  "injections": {
    "__dataframe__": true,
    "content": {
      "simulation_id": [
        0
      ],
      "luminosity_distance": [
        9.848239476635893
      ],
      "KNphi": [
        28.973368865655054
      ],
      "inclination_EM": [
        0.42686999309418727
      ],
      "timeshift": [
        0.30692313628093526
      ],
      "log10_mej_dyn": [
        -1.997555368272244
      ],
      "log10_mej_wind": [
        -1.1608270759227692
      ],
      "geocent_time": [
        -0.07800372504551818
      ]
    }
  }
}