{
  "injections": {
    "__dataframe__": true,
    "content": {
      "simulation_id": [
        0
      ],
      "luminosity_distance": [
        166.4278825497828
      ],
      "timeshift": [
        0.854714477342808
      ],
      "inclination_EM": [
        0.07175322750369244
      ],
      "log10_E0": [
        53.0
      ],
      "thetaCore": [
        0.05
      ],
      "thetaWing": [
        0.1
      ],
      "log10_n0": [
        -0.9827960449615984
      ],
      "p": [
        2.7107617603942904
      ],
      "log10_epsilon_e": [
        -1.9106408522192453
      ],
      "log10_epsilon_B": [
        -1.867335222436487
      ],
      "ksiN": [
        1.0
      ],
      "L0": [
        0.0
      ],
      "dL": [
        3.09e+19
      ],
      "b": [
        6.0
      ],
      "q": [
        0.0
      ],
      "ts": [
        0.0
      ],
      "geocent_time": [
        -0.08518455036243498
      ]
    }
  }
}