{
  "injections": {
    "__dataframe__": true,
    "content": {
      "simulation_id": [
        0
      ],
      "luminosity_distance": [
        240.80418581039376
      ],
      "timeshift": [
        -0.14199264793661093
      ],
      "log10_Menv": [
        -0.1827131146511345
      ],
      "log10_Renv": [
        14.855778320176057
      ],
      "log10_Ee": [
        48.78781820403079
      ],
      "geocent_time": [
        -0.03993130719628868
      ]
    }
  }
}