{
  "injections": {
    "__dataframe__": true,
    "content": {
      "simulation_id": [
        0
      ],
      "luminosity_distance": [
        13.808698454347844
      ],
      "timeshift": [
        -0.3745300986676936
      ],
      "log10_Menv": [
        -2.2906834633194273
      ],
      "log10_Renv": [
        13.428900261352668
      ],
      "log10_Ee": [
        48.09156801952936
      ],
      "geocent_time": [
        0.07272646779641098
      ]
    }
  }
}