{
  "injections": {
    "__dataframe__": true,
    "content": {
      "simulation_id": [
        0
      ],
      "luminosity_distance": [
        182.8536915670748
      ],
      "timeshift": [
        0.3625861694451522
      ],
      "supernova_mag_boost": [
        3.2061330621837953
      ],
      "geocent_time": [
        0.07730543156303546
      ]
    }
  }
}