{
  "injections": {
    "__dataframe__": true,
    "content": {
      "simulation_id": [
        0
      ],
      "luminosity_distance": [
        581.5915698818987
      ],
      "timeshift": [
        -0.20443535059632145
      ],
      "log10_Menv": [
        -0.36995903436536626
      ],
      "log10_Renv": [
        12.732228745958263
      ],
      "log10_Ee": [
        51.01292766070726
      ],
      "geocent_time": [
        -0.07393484714564963
      ]
    }
  }
}