{
  "injections": {
    "__dataframe__": true,
    "content": {
      "simulation_id": [
        0
      ],
      "luminosity_distance": [
        166.23710314795306
      ],
      "timeshift": [
        0.5733960440056207
      ],
      "inclination_EM": [
        0.12075265908415185
      ],
      "log10_E0": [
        53.0
      ],
      "thetaCore": [
        0.05
      ],
      "thetaWing": [
        0.1
      ],
      "log10_n0": [
        0.6161846177923804
      ],
      "p": [
        2.311732262471777
      ],
      "log10_epsilon_e": [
        -0.3992654320864637
      ],
      "log10_epsilon_B": [
        -2.282114395419868
      ],
      "ksiN": [
        1.0
      ],
      "L0": [
        0.0
      ],
      "dL": [
        3.09e+19
      ],
      "b": [
        6.0
      ],
      "q": [
        0.0
      ],
      "ts": [
        0.0
      ],
      "geocent_time": [
        -0.05211653121285649
      ]
    }
  }
}