{
  "injections": {
    "__dataframe__": true,
    "content": {
      "simulation_id": [
        0
      ],
      "luminosity_distance": [
        153.830772163214
      ],
      "timeshift": [
        0.7738073444755812
      ],
      "inclination_EM": [
        0.18622340834659673
      ],
      "log10_E0": [
        53.0
      ],
      "thetaCore": [
        0.05
      ],
      "thetaWing": [
        0.1
      ],
      "log10_n0": [
        2.3580731960449235
      ],
      "p": [
        2.4536867775283944
      ],
      "log10_epsilon_e": [
        -1.4241825331775662
      ],
      "log10_epsilon_B": [
        -1.3167150750232364
      ],
      "ksiN": [
        1.0
      ],
      "L0": [
        0.0
      ],
      "dL": [
        3.09e+19
      ],
      "b": [
        6.0
      ],
      "q": [
        0.0
      ],
      "ts": [
        0.0
      ],
      "geocent_time": [
        0.09760896222601245
      ]
    }
  }
}