{
  "injections": {
    "__dataframe__": true,
    "content": {
      "simulation_id": [
        0
      ],
      "luminosity_distance": [
        183.55528758751734
      ],
      "timeshift": [
        -0.012690582906202869
      ],
      "inclination_EM": [
        0.10036129969070127
      ],
      "log10_E0": [
        53.0
      ],
      "thetaCore": [
        0.05
      ],
      "thetaWing": [
        0.1
      ],
      "log10_n0": [
        -0.9422078020315752
      ],
      "p": [
        2.706966518671422
      ],
      "log10_epsilon_e": [
        -1.708400516529533
      ],
      "log10_epsilon_B": [
        -2.1325505866729135
      ],
      "ksiN": [
        1.0
      ],
      "L0": [
        0.0
      ],
      "dL": [
        3.09e+19
      ],
      "b": [
        6.0
      ],
      "q": [
        0.0
      ],
      "ts": [
        0.0
      ],
      "geocent_time": [
        0.004039241841250346
      ]
    }
  }
}