{
  "injections": {
    "__dataframe__": true,
    "content": {
      "simulation_id": [
        0
      ],
      "luminosity_distance": [
        182.6866323289774
      ],
      "timeshift": [
        0.9180934138940423
      ],
      "inclination_EM": [
        0.15856280837611822
      ],
      "log10_E0": [
        53.0
      ],
      "thetaCore": [
        0.05
      ],
      "thetaWing": [
        0.1
      ],
      "log10_n0": [
        0.355334715906241
      ],
      "p": [
        2.8639379274524708
      ],
      "log10_epsilon_e": [
        -0.22660574478825968
      ],
      "log10_epsilon_B": [
        -2.7927322717734295
      ],
      "ksiN": [
        1.0
      ],
      "L0": [
        0.0
      ],
      "dL": [
        3.09e+19
      ],
      "b": [
        6.0
      ],
      "q": [
        0.0
      ],
      "ts": [
        0.0
      ],
      "geocent_time": [
        0.005535192291437091
      ]
    }
  }
}