{
  "injections": {
    "__dataframe__": true,
    "content": {
      "simulation_id": [
        0
      ],
      "luminosity_distance": [
        4.642231867816483
      ],
      "KNphi": [
        49.51147433255009
      ],
      "inclination_EM": [
        0.535215692840629
      ],
      "timeshift": [
        -1.21127655295758
      ],
      "log10_mej_dyn": [
        -1.5083159609321375
      ],
      "log10_mej_wind": [
        -2.059438448550905
      ],
      "geocent_time": [
        0.09017166432639137
      ]
    }
  }
}