{
  "injections": {
    "__dataframe__": true,
    "content": {
      "simulation_id": [
        0
      ],
      "luminosity_distance": [
        156.18112670298862
      ],
      "timeshift": [
        0.17290497434886062
      ],
      "inclination_EM": [
        0.1415749943013064
      ],
      "log10_E0": [
        53.0
      ],
      "thetaCore": [
        0.05
      ],
      "thetaWing": [
        0.1
      ],
      "log10_n0": [
        -0.4080211252332644
      ],
      "p": [
        2.2931611798714453
      ],
      "log10_epsilon_e": [
        -2.250107273130322
      ],
      "log10_epsilon_B": [
        -1.6362222896640923
      ],
      "ksiN": [
        1.0
      ],
      "L0": [
        0.0
      ],
      "dL": [
        3.09e+19
      ],
      "b": [
        6.0
      ],
      "q": [
        0.0
      ],
      "ts": [
        0.0
      ],
      "geocent_time": [
        0.05199948708196786
      ]
    }
  }
}