{
  "injections": {
    "__dataframe__": true,
    "content": {
      "simulation_id": [
        0
      ],
      "luminosity_distance": [
        208.09182081155686
      ],
      "timeshift": [
        -1.2774727989986026
      ],
      "log10_Menv": [
        -1.389402790945924
      ],
      "log10_Renv": [
        14.977542424433487
      ],
      "log10_Ee": [
        47.523968417077825
      ],
      "geocent_time": [
        -0.01820949177237015
      ]
    }
  }
}