{
  "injections": {
    "__dataframe__": true,
    "content": {
      "simulation_id": [
        0
      ],
      "luminosity_distance": [
        171.863824067574
      ],
      "timeshift": [
        -0.8357897007814823
      ],
      "supernova_mag_boost": [
        -3.5910551333091534
      ],
      "geocent_time": [
        -0.05234649214439109
      ]
    }
  }
}