{
  "injections": {
    "__dataframe__": true,
    "content": {
      "simulation_id": [
        0
      ],
      "luminosity_distance": [
        6.927358043206424
      ],
      "KNphi": [
        26.39881333669834
      ],
      "inclination_EM": [
        0.6867043270326612
      ],
      "timeshift": [
        -1.9620657171677456
      ],
      "log10_mej_dyn": [
        -2.354203464776184
      ],
      "log10_mej_wind": [
        -1.607441730002587
      ],
      "geocent_time": [
        0.007064891200760551
      ]
    }
  }
}