{
  "injections": {
    "__dataframe__": true,
    "content": {
      "simulation_id": [
        0
      ],
      "luminosity_distance": [
        183.6982491763606
      ],
      "timeshift": [
        0.6841315815894816
      ],
      "inclination_EM": [
        0.12395699863922613
      ],
      "log10_E0": [
        53.0
      ],
      "thetaCore": [
        0.05
      ],
      "thetaWing": [
        0.1
      ],
      "log10_n0": [
        0.4736603607491441
      ],
      "p": [
        2.653425828448368
      ],
      "log10_epsilon_e": [
        -2.0157426189360743
      ],
      "log10_epsilon_B": [
        -1.929001712026503
      ],
      "ksiN": [
        1.0
      ],
      "L0": [
        0.0
      ],
      "dL": [
        3.09e+19
      ],
      "b": [
        6.0
      ],
      "q": [
        0.0
      ],
      "ts": [
        0.0
      ],
      "geocent_time": [
        -0.08028359993676418
      ]
    }
  }
}