{
  "injections": {
    "__dataframe__": true,
    "content": {
      "simulation_id": [
        0
      ],
      "luminosity_distance": [
        165.31828576904542
      ],
      "timeshift": [
        0.8239623113313992
      ],
      "inclination_EM": [
        0.11804291497568284
      ],
      "log10_E0": [
        53.0
      ],
      "thetaCore": [
        0.05
      ],
      "thetaWing": [
        0.1
      ],
      "log10_n0": [
        -2.841177278729604
      ],
      "p": [
        2.066984237475046
      ],
      "log10_epsilon_e": [
        -0.19331389312974023
      ],
      "log10_epsilon_B": [
        -2.586498850172347
      ],
      "ksiN": [
        1.0
      ],
      "L0": [
        0.0
      ],
      "dL": [
        3.09e+19
      ],
      "b": [
        6.0
      ],
      "q": [
        0.0
      ],
      "ts": [
        0.0
      ],
      "geocent_time": [
        -0.05542544921244983
      ]
    }
  }
}