{
  "injections": {
    "__dataframe__": true,
    "content": {
      "simulation_id": [
        0
      ],
      "luminosity_distance": [
        170.49853592510027
      ],
      "timeshift": [
        0.020424750211823967
      ],
      "inclination_EM": [
        0.0993810283502447
      ],
      "log10_E0": [
        53.0
      ],
      "thetaCore": [
        0.05
      ],
      "thetaWing": [
        0.1
      ],
      "log10_n0": [
        -1.1940241413970725
      ],
      "p": [
        2.7838502205866096
      ],
      "log10_epsilon_e": [
        -0.9719353390521048
      ],
      "log10_epsilon_B": [
        -0.013148817705405769
      ],
      "ksiN": [
        1.0
      ],
      "L0": [
        0.0
      ],
      "dL": [
        3.09e+19
      ],
      "b": [
        6.0
      ],
      "q": [
        0.0
      ],
      "ts": [
        0.0
      ],
      "geocent_time": [
        0.09041709317475385
      ]
    }
  }
}