{
  "injections": {
    "__dataframe__": true,
    "content": {
      "simulation_id": [
        0
      ],
      "luminosity_distance": [
        153.5770934731977
      ],
      "timeshift": [
        0.19714488004906197
      ],
      "inclination_EM": [
        0.1808816383868141
      ],
      "log10_E0": [
        53.0
      ],
      "thetaCore": [
        0.05
      ],
      "thetaWing": [
        0.1
      ],
      "log10_n0": [
        -0.14740610740912752
      ],
      "p": [
        2.216288526338813
      ],
      "log10_epsilon_e": [
        -0.9059094495502809
      ],
      "log10_epsilon_B": [
        -1.8071714857228507
      ],
      "ksiN": [
        1.0
      ],
      "L0": [
        0.0
      ],
      "dL": [
        3.09e+19
      ],
      "b": [
        6.0
      ],
      "q": [
        0.0
      ],
      "ts": [
        0.0
      ],
      "geocent_time": [
        -0.08487651995723784
      ]
    }
  }
}