{
  "injections": {
    "__dataframe__": true,
    "content": {
      "simulation_id": [
        0
      ],
      "luminosity_distance": [
        173.33193472773738
      ],
      "timeshift": [
        -0.1539671647783687
      ],
      "supernova_mag_boost": [
        2.022152800841443
      ],
      "geocent_time": [
        0.04527520255750936
      ]
    }
  }
}