{
  "injections": {
    "__dataframe__": true,
    "content": {
      "simulation_id": [
        0
      ],
      "luminosity_distance": [
        560.2710036683967
      ],
      "timeshift": [
        -0.2900929007292805
      ],
      "log10_Menv": [
        -0.6108995850558365
      ],
      "log10_Renv": [
        14.293688547930552
      ],
      "log10_Ee": [
        49.46242669500287
      ],
      "geocent_time": [
        0.039554573969087375
      ]
    }
  }
}