{
  "injections": {
    "__dataframe__": true,
    "content": {
      "simulation_id": [
        0
      ],
      "luminosity_distance": [
        180.4204957835346
      ],
      "timeshift": [
        0.2873557811478751
      ],
      "inclination_EM": [
        0.15095326015084803
      ],
      "log10_E0": [
        53.0
      ],
      "thetaCore": [
        0.05
      ],
      "thetaWing": [
        0.1
      ],
      "log10_n0": [
        2.4356256165584993
      ],
      "p": [
        2.0698852990592203
      ],
      "log10_epsilon_e": [
        -0.8581157719352266
      ],
      "log10_epsilon_B": [
        -1.4438726369386043
      ],
      "ksiN": [
        1.0
      ],
      "L0": [
        0.0
      ],
      "dL": [
        3.09e+19
      ],
      "b": [
        6.0
      ],
      "q": [
        0.0
      ],
      "ts": [
        0.0
      ],
      "geocent_time": [
        0.09468918245130892
      ]
    }
  }
}