{
  "injections": {
    "__dataframe__": true,
    "content": {
      "simulation_id": [
        0
      ],
      "luminosity_distance": [
        175.54142617546228
      ],
      "timeshift": [
        0.5153637942273219
      ],
      "inclination_EM": [
        0.07488335959213145
      ],
      "log10_E0": [
        53.0
      ],
      "thetaCore": [
        0.05
      ],
      "thetaWing": [
        0.1
      ],
      "log10_n0": [
        -0.2598890524333779
      ],
      "p": [
        2.8756509191054436
      ],
      "log10_epsilon_e": [
        -1.6203770087284197
      ],
      "log10_epsilon_B": [
        -1.2023384482029185
      ],
      "ksiN": [
        1.0
      ],
      "L0": [
        0.0
      ],
      "dL": [
        3.09e+19
      ],
      "b": [
        6.0
      ],
      "q": [
        0.0
      ],
      "ts": [
        0.0
      ],
      "geocent_time": [
        0.03293636377097023
      ]
    }
  }
}