{
  "injections": {
    "__dataframe__": true,
    "content": {
      "simulation_id": [
        0
      ],
      "luminosity_distance": [
        173.11963418524053
      ],
      "timeshift": [
        0.12164581127181731
      ],
      "inclination_EM": [
        0.19085135252854526
      ],
      "log10_E0": [
        53.0
      ],
      "thetaCore": [
        0.05
      ],
      "thetaWing": [
        0.1
      ],
      "log10_n0": [
        1.2213102814320926
      ],
      "p": [
        2.2588520702376043
      ],
      "log10_epsilon_e": [
        -2.118831156807866
      ],
      "log10_epsilon_B": [
        -0.19137095733377407
      ],
      "ksiN": [
        1.0
      ],
      "L0": [
        0.0
      ],
      "dL": [
        3.09e+19
      ],
      "b": [
        6.0
      ],
      "q": [
        0.0
      ],
      "ts": [
        0.0
      ],
      "geocent_time": [
        0.07912573233044265
      ]
    }
  }
}