{
  "injections": {
    "__dataframe__": true,
    "content": {
      "simulation_id": [
        0
      ],
      "luminosity_distance": [
        175.74809908343744
      ],
      "timeshift": [
        -0.058269958570187796
      ],
      "supernova_mag_boost": [
        4.467559670908974
      ],
      "geocent_time": [
        -0.05882681099240255
      ]
    }
  }
}