{
  "injections": {
    "__dataframe__": true,
    "content": {
      "simulation_id": [
        0
      ],
      "luminosity_distance": [
        156.69097428628336
      ],
      "timeshift": [
        0.9698768306345577
      ],
      "inclination_EM": [
        0.0910562303117018
      ],
      "log10_E0": [
        53.0
      ],
      "thetaCore": [
        0.05
      ],
      "thetaWing": [
        0.1
      ],
      "log10_n0": [
        -1.6487351655817561
      ],
      "p": [
        2.6501086363676976
      ],
      "log10_epsilon_e": [
        -0.7116713972056283
      ],
      "log10_epsilon_B": [
        -1.0510853830161662
      ],
      "ksiN": [
        1.0
      ],
      "L0": [
        0.0
      ],
      "dL": [
        3.09e+19
      ],
      "b": [
        6.0
      ],
      "q": [
        0.0
      ],
      "ts": [
        0.0
      ],
      "geocent_time": [
        -0.0017195222158695317
      ]
    }
  }
}