{
  "injections": {
    "__dataframe__": true,
    "content": {
      "simulation_id": [
        0
      ],
      "luminosity_distance": [
        162.3671785841704
      ],
      "timeshift": [
        0.48125825619593876
      ],
      "inclination_EM": [
        0.040195820595116255
      ],
      "log10_E0": [
        53.0
      ],
      "thetaCore": [
        0.05
      ],
      "thetaWing": [
        0.1
      ],
      "log10_n0": [
        -2.572048297594119
      ],
      "p": [
        2.710584038963283
      ],
      "log10_epsilon_e": [
        -1.6434054814707495
      ],
      "log10_epsilon_B": [
        -0.5858011900460349
      ],
      "ksiN": [
        1.0
      ],
      "L0": [
        0.0
      ],
      "dL": [
        3.09e+19
      ],
      "b": [
        6.0
      ],
      "q": [
        0.0
      ],
      "ts": [
        0.0
      ],
      "geocent_time": [
        0.029476074733789437
      ]
    }
  }
}