{
  "injections": {
    "__dataframe__": true,
    "content": {
      "simulation_id": [
        0
      ],
      "luminosity_distance": [
        150.78697439430167
      ],
      "timeshift": [
        0.06254700605949712
      ],
      "inclination_EM": [
        0.18066977952310714
      ],
      "log10_E0": [
        53.0
      ],
      "thetaCore": [
        0.05
      ],
      "thetaWing": [
        0.1
      ],
      "log10_n0": [
        0.16336748550084046
      ],
      "p": [
        2.2554383379955594
      ],
      "log10_epsilon_e": [
        -2.817236155799119
      ],
      "log10_epsilon_B": [
        -2.555771558506113
      ],
      "ksiN": [
        1.0
      ],
      "L0": [
        0.0
      ],
      "dL": [
        3.09e+19
      ],
      "b": [
        6.0
      ],
      "q": [
        0.0
      ],
      "ts": [
        0.0
      ],
      "geocent_time": [
        -0.04467323675360209
      ]
    }
  }
}