{
  "injections": {
    "__dataframe__": true,
    "content": {
      "simulation_id": [
        0
      ],
      "luminosity_distance": [
        183.51960888298856
      ],
      "timeshift": [
        0.8395626435100463
      ],
      "inclination_EM": [
        0.08764643097716258
      ],
      "log10_E0": [
        53.0
      ],
      "thetaCore": [
        0.05
      ],
      "thetaWing": [
        0.1
      ],
      "log10_n0": [
        -0.788780482912733
      ],
      "p": [
        2.1310928149286132
      ],
      "log10_epsilon_e": [
        -1.276091997593876
      ],
      "log10_epsilon_B": [
        -1.4975483206566262
      ],
      "ksiN": [
        1.0
      ],
      "L0": [
        0.0
      ],
      "dL": [
        3.09e+19
      ],
      "b": [
        6.0
      ],
      "q": [
        0.0
      ],
      "ts": [
        0.0
      ],
      "geocent_time": [
        -0.043062803442991474
      ]
    }
  }
}