{
  "injections": {
    "__dataframe__": true,
    "content": {
      "simulation_id": [
        0
      ],
      "luminosity_distance": [
        174.18360612587193
      ],
      "timeshift": [
        0.6884026482886809
      ],
      "inclination_EM": [
        0.18559815234958882
      ],
      "log10_E0": [
        53.0
      ],
      "thetaCore": [
        0.05
      ],
      "thetaWing": [
        0.1
      ],
      "log10_n0": [
        0.5939204882647449
      ],
      "p": [
        2.6157481587398097
      ],
      "log10_epsilon_e": [
        -1.987220192765848
      ],
      "log10_epsilon_B": [
        -2.505334225469729
      ],
      "ksiN": [
        1.0
      ],
      "L0": [
        0.0
      ],
      "dL": [
        3.09e+19
      ],
      "b": [
        6.0
      ],
      "q": [
        0.0
      ],
      "ts": [
        0.0
      ],
      "geocent_time": [
        0.04364314820841203
      ]
    }
  }
}