{
  "injections": {
    "__dataframe__": true,
    "content": {
      "simulation_id": [
        0
      ],
      "luminosity_distance": [
        182.62316526929789
      ],
      "timeshift": [
        -0.15725089470831333
      ],
      "supernova_mag_boost": [
        4.573079885513348
      ],
      "geocent_time": [
        0.09637366345740103
      ]
    }
  }
}