{
  "injections": {
    "__dataframe__": true,
    "content": {
      "simulation_id": [
        0
      ],
      "luminosity_distance": [
        55.22582808948895
      ],
      "timeshift": [
        -1.6469581095609966
      ],
      "log10_Menv": [
        -0.9659764288386103
      ],
      "log10_Renv": [
        10.585614986015257
      ],
      "log10_Ee": [
        51.08713418324144
      ],
      "geocent_time": [
        0.04768290335642983
      ]
    }
  }
}