{
  "injections": {
    "__dataframe__": true,
    "content": {
      "simulation_id": [
        0
      ],
      "luminosity_distance": [
        704.3048693529744
      ],
      "timeshift": [
        -1.4011575628044086
      ],
      "log10_Menv": [
        -0.11020263079125314
      ],
      "log10_Renv": [
        14.754417562359821
      ],
      "log10_Ee": [
        50.22004594146325
      ],
      "geocent_time": [
        0.06465106674003396
      ]
    }
  }
}