{
  "injections": {
    "__dataframe__": true,
    "content": {
      "simulation_id": [
        0
      ],
      "luminosity_distance": [
        712.4942221658576
      ],
      "timeshift": [
        -1.9034889165876936
      ],
      "log10_Menv": [
        -0.2783366980238915
      ],
      "log10_Renv": [
        14.887201004166212
      ],
      "log10_Ee": [
        51.083082711818385
      ],
      "geocent_time": [
        -0.018380166523161323
      ]
    }
  }
}