{
  "injections": {
    "__dataframe__": true,
    "content": {
      "simulation_id": [
        0
      ],
      "luminosity_distance": [
        160.0697151231759
      ],
      "timeshift": [
        -1.9788366699916171
      ],
      "log10_Menv": [
        -0.5731364107187096
      ],
      "log10_Renv": [
        13.278812250673711
      ],
      "log10_Ee": [
        51.17785958645113
      ],
      "geocent_time": [
        0.07947093845526851
      ]
    }
  }
}