{
  "injections": {
    "__dataframe__": true,
    "content": {
      "simulation_id": [
        0
      ],
      "luminosity_distance": [
        3.2562561521423934
      ],
      "KNphi": [
        41.43102512857794
      ],
      "inclination_EM": [
        0.6653725066003378
      ],
      "timeshift": [
        -0.21873474707528917
      ],
      "log10_mej_dyn": [
        -1.5372474459830938
      ],
      "log10_mej_wind": [
        -0.9605744793244657
      ],
      "geocent_time": [
        -0.0005273335946657659
      ]
    }
  }
}