{
  "injections": {
    "__dataframe__": true,
    "content": {
      "simulation_id": [
        0
      ],
      "luminosity_distance": [
        9.958821075865066
      ],
      "KNphi": [
        32.03094669448923
      ],
      "inclination_EM": [
        0.5733533443662606
      ],
      "timeshift": [
        -0.3303472094989608
      ],
      "log10_mej_dyn": [
        -1.2277168548549338
      ],
      "log10_mej_wind": [
        -0.67376782313662
      ],
      "geocent_time": [
        0.09110494999930899
      ]
    }
  }
}