{
  "injections": {
    "__dataframe__": true,
    "content": {
      "simulation_id": [
        0
      ],
      "luminosity_distance": [
        163.84835059038113
      ],
      "timeshift": [
        0.821354730410852
      ],
      "inclination_EM": [
        0.14360292139508618
      ],
      "log10_E0": [
        53.0
      ],
      "thetaCore": [
        0.05
      ],
      "thetaWing": [
        0.1
      ],
      "log10_n0": [
        2.8193513717585432
      ],
      "p": [
        2.5272129140161086
      ],
      "log10_epsilon_e": [
        -1.6679964249829053
      ],
      "log10_epsilon_B": [
        -0.17025687926287913
      ],
      "ksiN": [
        1.0
      ],
      "L0": [
        0.0
      ],
      "dL": [
        3.09e+19
      ],
      "b": [
        6.0
      ],
      "q": [
        0.0
      ],
      "ts": [
        0.0
      ],
      "geocent_time": [
        -0.08871089050121109
      ]
    }
  }
}