{
  "injections": {
    "__dataframe__": true,
    "content": {
      "simulation_id": [
        0
      ],
      "luminosity_distance": [
        160.3140612721802
      ],
      "timeshift": [
        -0.041588589162074106
      ],
      "inclination_EM": [
        0.17337370945590702
      ],
      "log10_E0": [
        53.0
      ],
      "thetaCore": [
        0.05
      ],
      "thetaWing": [
        0.1
      ],
      "log10_n0": [
        0.07840454908471539
      ],
      "p": [
        2.895131924697571
      ],
      "log10_epsilon_e": [
        -0.6357164083854876
      ],
      "log10_epsilon_B": [
        -0.12980629252447518
      ],
      "ksiN": [
        1.0
      ],
      "L0": [
        0.0
      ],
      "dL": [
        3.09e+19
      ],
      "b": [
        6.0
      ],
      "q": [
        0.0
      ],
      "ts": [
        0.0
      ],
      "geocent_time": [
        -0.05437822776680057
      ]
    }
  }
}