{
  "injections": {
    "__dataframe__": true,
    "content": {
      "simulation_id": [
        0
      ],
      "luminosity_distance": [
        190.6583221898437
      ],
      "timeshift": [
        -1.7481336721237128
      ],
      "log10_Menv": [
        -0.9363631582613037
      ],
      "log10_Renv": [
        13.4998377611138
      ],
      "log10_Ee": [
        51.198007808268756
      ],
      "geocent_time": [
        -0.07465714659566125
      ]
    }
  }
}