{
  "injections": {
    "__dataframe__": true,
    "content": {
      "simulation_id": [
        0
      ],
      "luminosity_distance": [
        152.37042115220203
      ],
      "timeshift": [
        0.023477172282612424
      ],
      "inclination_EM": [
        0.18673929371574505
      ],
      "log10_E0": [
        53.0
      ],
      "thetaCore": [
        0.05
      ],
      "thetaWing": [
        0.1
      ],
      "log10_n0": [
        0.8391247038415286
      ],
      "p": [
        2.410397442770396
      ],
      "log10_epsilon_e": [
        -0.7788969335763558
      ],
      "log10_epsilon_B": [
        -2.08611136888054
      ],
      "ksiN": [
        1.0
      ],
      "L0": [
        0.0
      ],
      "dL": [
        3.09e+19
      ],
      "b": [
        6.0
      ],
      "q": [
        0.0
      ],
      "ts": [
        0.0
      ],
      "geocent_time": [
        -0.04613560618996942
      ]
    }
  }
}