{
  "injections": {
    "__dataframe__": true,
    "content": {
      "simulation_id": [
        0
      ],
      "luminosity_distance": [
        155.43448390419235
      ],
      "timeshift": [
        -0.49313279151049394
      ],
      "log10_Menv": [
        -1.0794444961111664
      ],
      "log10_Renv": [
        13.695225973847396
      ],
      "log10_Ee": [
        51.736977966329704
      ],
      "geocent_time": [
        0.02063534306522967
      ]
    }
  }
}