{
  "injections": {
    "__dataframe__": true,
    "content": {
      "simulation_id": [
        0
      ],
      "luminosity_distance": [
        6.244373022634223
      ],
      "KNphi": [
        36.95284170861382
      ],
      "inclination_EM": [
        0.31898571456797903
      ],
      "timeshift": [
        0.45063574489540636
      ],
      "log10_mej_dyn": [
        -2.6565015975531368
      ],
      "log10_mej_wind": [
        -2.136120426073316
      ],
      "geocent_time": [
        -0.042682864370155144
      ]
    }
  }
}