{
  "injections": {
    "__dataframe__": true,
    "content": {
      "simulation_id": [
        0
      ],
      "luminosity_distance": [
        177.5257309030242
      ],
      "timeshift": [
        -0.03822521134104802
      ],
      "inclination_EM": [
        0.15043061873086
      ],
      "log10_E0": [
        53.0
      ],
      "thetaCore": [
        0.05
      ],
      "thetaWing": [
        0.1
      ],
      "log10_n0": [
        -0.5858809921476835
      ],
      "p": [
        2.610022556005154
      ],
      "log10_epsilon_e": [
        -1.456709504366569
      ],
      "log10_epsilon_B": [
        -1.448441550579045
      ],
      "ksiN": [
        1.0
      ],
      "L0": [
        0.0
      ],
      "dL": [
        3.09e+19
      ],
      "b": [
        6.0
      ],
      "q": [
        0.0
      ],
      "ts": [
        0.0
      ],
      "geocent_time": [
        0.07994186342624951
      ]
    }
  }
}