{
  "injections": {
    "__dataframe__": true,
    "content": {
      "simulation_id": [
        0
      ],
      "luminosity_distance": [
        2.946078960672754
      ],
      "KNphi": [
        22.636305305116913
      ],
      "inclination_EM": [
        0.7451055084412839
      ],
      "timeshift": [
        -0.4836658482084166
      ],
      "log10_mej_dyn": [
        -1.6267285784743217
      ],
      "log10_mej_wind": [
        -1.3172733767477602
      ],
      "geocent_time": [
        0.052437371342113875
      ]
    }
  }
}