{
  "injections": {
    "__dataframe__": true,
    "content": {
      "simulation_id": [
        0
      ],
      "luminosity_distance": [
        19.568647555007534
      ],
      "timeshift": [
        -1.3193222322217175
      ],
      "log10_Menv": [
        -0.5706295491797402
      ],
      "log10_Renv": [
        14.845063365023908
      ],
      "log10_Ee": [
        50.963731255493904
      ],
      "geocent_time": [
        0.09750962849865258
      ]
    }
  }
}