{
  "injections": {
    "__dataframe__": true,
    "content": {
      "simulation_id": [
        0
      ],
      "luminosity_distance": [
        4.869682705496408
      ],
      "KNphi": [
        21.066044584338044
      ],
      "inclination_EM": [
        0.4239339992766186
      ],
      "timeshift": [
        -0.0012154019845893593
      ],
      "log10_mej_dyn": [
        -2.5551730497024066
      ],
      "log10_mej_wind": [
        -2.513308608445134
      ],
      "geocent_time": [
        0.004804394317783928
      ]
    }
  }
}