{
  "injections": {
    "__dataframe__": true,
    "content": {
      "simulation_id": [
        0
      ],
      "luminosity_distance": [
        4.002893627078965
      ],
      "KNphi": [
        19.491017006617316
      ],
      "inclination_EM": [
        0.7682980068481247
      ],
      "timeshift": [
        -0.7457981302620558
      ],
      "log10_mej_dyn": [
        -1.0020419593454521
      ],
      "log10_mej_wind": [
        -1.4525834290736304
      ],
      "geocent_time": [
        0.03884073331877183
      ]
    }
  }
}