{
  "injections": {
    "__dataframe__": true,
    "content": {
      "simulation_id": [
        0
      ],
      "luminosity_distance": [
        174.88536025626837
      ],
      "timeshift": [
        0.8235036693361201
      ],
      "inclination_EM": [
        0.18433090792617865
      ],
      "log10_E0": [
        53.0
      ],
      "thetaCore": [
        0.05
      ],
      "thetaWing": [
        0.1
      ],
      "log10_n0": [
        -0.3047549257150832
      ],
      "p": [
        2.813949350604501
      ],
      "log10_epsilon_e": [
        -1.695445785578253
      ],
      "log10_epsilon_B": [
        -2.6041372767692037
      ],
      "ksiN": [
        1.0
      ],
      "L0": [
        0.0
      ],
      "dL": [
        3.09e+19
      ],
      "b": [
        6.0
      ],
      "q": [
        0.0
      ],
      "ts": [
        0.0
      ],
      "geocent_time": [
        -0.055914199141792055
      ]
    }
  }
}