{
  "injections": {
    "__dataframe__": true,
    "content": {
      "simulation_id": [
        0
      ],
      "luminosity_distance": [
        908.2855545201993
      ],
      "timeshift": [
        -1.64476512946894
      ],
      "log10_Menv": [
        -0.3495329900098545
      ],
      "log10_Renv": [
        12.254027085323438
      ],
      "log10_Ee": [
        51.96999999653041
      ],
      "geocent_time": [
        -0.054897727869947226
      ]
    }
  }
}