{
  "injections": {
    "__dataframe__": true,
    "content": {
      "simulation_id": [
        0
      ],
      "luminosity_distance": [
        158.66812924047554
      ],
      "timeshift": [
        0.28334841940370314
      ],
      "inclination_EM": [
        0.12462830715209496
      ],
      "log10_E0": [
        53.0
      ],
      "thetaCore": [
        0.05
      ],
      "thetaWing": [
        0.1
      ],
      "log10_n0": [
        0.7776956838267353
      ],
      "p": [
        2.023689846854934
      ],
      "log10_epsilon_e": [
        -2.9493214899548077
      ],
      "log10_epsilon_B": [
        -2.0545218043969475
      ],
      "ksiN": [
        1.0
      ],
      "L0": [
        0.0
      ],
      "dL": [
        3.09e+19
      ],
      "b": [
        6.0
      ],
      "q": [
        0.0
      ],
      "ts": [
        0.0
      ],
      "geocent_time": [
        -0.056385289542693756
      ]
    }
  }
}