{
  "injections": {
    "__dataframe__": true,
    "content": {
      "simulation_id": [
        0
      ],
      "luminosity_distance": [
        6.292345368640843
      ],
      "KNphi": [
        46.53555806585767
      ],
      "inclination_EM": [
        0.6011423303414186
      ],
      "timeshift": [
        0.7193647518595085
      ],
      "log10_mej_dyn": [
        -1.392967374437961
      ],
      "log10_mej_wind": [
        -0.8870335419383069
      ],
      "geocent_time": [
        0.032250324727084834
      ]
    }
  }
}