{
  "injections": {
    "__dataframe__": true,
    "content": {
      "simulation_id": [
        0
      ],
      "luminosity_distance": [
        6.480676996994034
      ],
      "KNphi": [
        16.546952078916007
      ],
      "inclination_EM": [
        0.7350401186112357
      ],
      "timeshift": [
        0.8224464859901124
      ],
      "log10_mej_dyn": [
        -1.9367544470543752
      ],
      "log10_mej_wind": [
        -0.5404229129445897
      ],
      "geocent_time": [
        -0.014931065799200005
      ]
    }
  }
}