{
  "injections": {
    "__dataframe__": true,
    "content": {
      "simulation_id": [
        0
      ],
      "luminosity_distance": [
        168.19308892881656
      ],
      "timeshift": [
        0.4793445077745313
      ],
      "inclination_EM": [
        0.1820117632839135
      ],
      "log10_E0": [
        53.0
      ],
      "thetaCore": [
        0.05
      ],
      "thetaWing": [
        0.1
      ],
      "log10_n0": [
        -0.6293588814184261
      ],
      "p": [
        2.861884120734519
      ],
      "log10_epsilon_e": [
        -1.3390864461471417
      ],
      "log10_epsilon_B": [
        -2.5483074995035078
      ],
      "ksiN": [
        1.0
      ],
      "L0": [
        0.0
      ],
      "dL": [
        3.09e+19
      ],
      "b": [
        6.0
      ],
      "q": [
        0.0
      ],
      "ts": [
        0.0
      ],
      "geocent_time": [
        -0.06559410433155094
      ]
    }
  }
}