{
  "injections": {
    "__dataframe__": true,
    "content": {
      "simulation_id": [
        0
      ],
      "luminosity_distance": [
        1.9022986345502506
      ],
      "KNphi": [
        17.97896200410625
      ],
      "inclination_EM": [
        0.20914287292236314
      ],
      "timeshift": [
        -0.6420744579689877
      ],
      "log10_mej_dyn": [
        -2.607263127465505
      ],
      "log10_mej_wind": [
        -1.7496567036891633
      ],
      "geocent_time": [
        -0.03706128812335262
      ]
    }
  }
}