{
  "injections": {
    "__dataframe__": true,
    "content": {
      "simulation_id": [
        0
      ],
      "luminosity_distance": [
        164.49287440471255
      ],
      "timeshift": [
        0.6991423759708203
      ],
      "inclination_EM": [
        0.08823376202056947
      ],
      "log10_E0": [
        53.0
      ],
      "thetaCore": [
        0.05
      ],
      "thetaWing": [
        0.1
      ],
      "log10_n0": [
        1.7914816946849843
      ],
      "p": [
        2.39282460371728
      ],
      "log10_epsilon_e": [
        -1.4310183724734253
      ],
      "log10_epsilon_B": [
        -0.7532235052471989
      ],
      "ksiN": [
        1.0
      ],
      "L0": [
        0.0
      ],
      "dL": [
        3.09e+19
      ],
      "b": [
        6.0
      ],
      "q": [
        0.0
      ],
      "ts": [
        0.0
      ],
      "geocent_time": [
        -0.033633635345150334
      ]
    }
  }
}