{
  "injections": {
    "__dataframe__": true,
    "content": {
      "simulation_id": [
        0
      ],
      "luminosity_distance": [
        164.92789000172408
      ],
      "timeshift": [
        -0.9605158345542546
      ],
      "supernova_mag_boost": [
        1.69472686199438
      ],
      "geocent_time": [
        0.07548740813108742
      ]
    }
  }
}