{
  "injections": {
    "__dataframe__": true,
    "content": {
      "simulation_id": [
        0
      ],
      "luminosity_distance": [
        170.72430105720736
      ],
      "timeshift": [
        0.34693289513444225
      ],
      "inclination_EM": [
        0.11379633680318532
      ],
      "log10_E0": [
        53.0
      ],
      "thetaCore": [
        0.05
      ],
      "thetaWing": [
        0.1
      ],
      "log10_n0": [
        0.6014594963959654
      ],
      "p": [
        2.4242328074532935
      ],
      "log10_epsilon_e": [
        -2.8387861252998574
      ],
      "log10_epsilon_B": [
        -0.3020523990347894
      ],
      "ksiN": [
        1.0
      ],
      "L0": [
        0.0
      ],
      "dL": [
        3.09e+19
      ],
      "b": [
        6.0
      ],
      "q": [
        0.0
      ],
      "ts": [
        0.0
      ],
      "geocent_time": [
        0.07138389357130517
      ]
    }
  }
}