{
  "injections": {
    "__dataframe__": true,
    "content": {
      "simulation_id": [
        0
      ],
      "luminosity_distance": [
        193.91555215453076
      ],
      "timeshift": [
        -0.5874584783541204
      ],
      "supernova_mag_boost": [
        1.6126796008854978
      ],
      "geocent_time": [
        -0.09254595139636
      ]
    }
  }
}