{
  "injections": {
    "__dataframe__": true,
    "content": {
      "simulation_id": [
        0
      ],
      "luminosity_distance": [
        212.74237094499793
      ],
      "timeshift": [
        0.1775793490169748
      ],
      "supernova_mag_boost": [
        -3.238184798549064
      ],
      "geocent_time": [
        0.05325314071155643
      ]
    }
  }
}