{
  "injections": {
    "__dataframe__": true,
    "content": {
      "simulation_id": [
        0
      ],
      "luminosity_distance": [
        4.819265625417561
      ],
      "KNphi": [
        34.3419777591524
      ],
      "inclination_EM": [
        0.7027264415253611
      ],
      "timeshift": [
        -1.4419708574598697
      ],
      "log10_mej_dyn": [
        -1.4406948736148746
      ],
      "log10_mej_wind": [
        -2.7475954266747697
      ],
      "geocent_time": [
        0.07938923577140389
      ]
    }
  }
}