{
  "injections": {
    "__dataframe__": true,
    "content": {
      "simulation_id": [
        0
      ],
      "luminosity_distance": [
        156.52202344848791
      ],
      "timeshift": [
        0.6467195016212953
      ],
      "inclination_EM": [
        0.0449826157407287
      ],
      "log10_E0": [
        53.0
      ],
      "thetaCore": [
        0.05
      ],
      "thetaWing": [
        0.1
      ],
      "log10_n0": [
        -1.8623988139706606
      ],
      "p": [
        2.267650126757663
      ],
      "log10_epsilon_e": [
        -0.7270529667605596
      ],
      "log10_epsilon_B": [
        -0.021927545602586473
      ],
      "ksiN": [
        1.0
      ],
      "L0": [
        0.0
      ],
      "dL": [
        3.09e+19
      ],
      "b": [
        6.0
      ],
      "q": [
        0.0
      ],
      "ts": [
        0.0
      ],
      "geocent_time": [
        -0.03700574928254867
      ]
    }
  }
}