{
  "injections": {
    "__dataframe__": true,
    "content": {
      "simulation_id": [
        0
      ],
      "luminosity_distance": [
        160.76430190915053
      ],
      "timeshift": [
        -0.9073246900561422
      ],
      "supernova_mag_boost": [
        1.086456559169367
      ],
      "geocent_time": [
        -0.053165498660199796
      ]
    }
  }
}