{
  "injections": {
    "__dataframe__": true,
    "content": {
      "simulation_id": [
        0
      ],
      "luminosity_distance": [
        178.9141788517368
      ],
      "timeshift": [
        0.9590686527722388
      ],
      "inclination_EM": [
        0.08546070549664214
      ],
      "log10_E0": [
        53.0
      ],
      "thetaCore": [
        0.05
      ],
      "thetaWing": [
        0.1
      ],
      "log10_n0": [
        -0.790960752295272
      ],
      "p": [
        2.107366787630369
      ],
      "log10_epsilon_e": [
        -2.3760852653217617
      ],
      "log10_epsilon_B": [
        -1.6899615870505649
      ],
      "ksiN": [
        1.0
      ],
      "L0": [
        0.0
      ],
      "dL": [
        3.09e+19
      ],
      "b": [
        6.0
      ],
      "q": [
        0.0
      ],
      "ts": [
        0.0
      ],
      "geocent_time": [
        0.04969849003085394
      ]
    }
  }
}