{
  "injections": {
    "__dataframe__": true,
    "content": {
      "simulation_id": [
        0
      ],
      "luminosity_distance": [
        2.953104880868423
      ],
      "KNphi": [
        28.002905146025164
      ],
      "inclination_EM": [
        0.656230382377081
      ],
      "timeshift": [
        0.481680664758001
      ],
      "log10_mej_dyn": [
        -2.220071946811354
      ],
      "log10_mej_wind": [
        -2.8140685107290877
      ],
      "geocent_time": [
        0.004511526079745434
      ]
    }
  }
}