{
  "injections": {
    "__dataframe__": true,
    "content": {
      "simulation_id": [
        0
      ],
      "luminosity_distance": [
        310.8102928943986
      ],
      "timeshift": [
        -0.010454564134015687
      ],
      "log10_Menv": [
        -0.15430709087920302
      ],
      "log10_Renv": [
        14.142221909434838
      ],
      "log10_Ee": [
        49.48473392124002
      ],
      "geocent_time": [
        -0.013276656464603714
      ]
    }
  }
}