{
  "injections": {
    "__dataframe__": true,
    "content": {
      "simulation_id": [
        0
      ],
      "luminosity_distance": [
        167.4468187685946
      ],
      "timeshift": [
        -0.06827435973100261
      ],
      "inclination_EM": [
        0.14063077964586243
      ],
      "log10_E0": [
        53.0
      ],
      "thetaCore": [
        0.05
      ],
      "thetaWing": [
        0.1
      ],
      "log10_n0": [
        2.0118037081417848
      ],
      "p": [
        2.6568867981786584
      ],
      "log10_epsilon_e": [
        -0.3269667845712827
      ],
      "log10_epsilon_B": [
        -0.3809143141468443
      ],
      "ksiN": [
        1.0
      ],
      "L0": [
        0.0
      ],
      "dL": [
        3.09e+19
      ],
      "b": [
        6.0
      ],
      "q": [
        0.0
      ],
      "ts": [
        0.0
      ],
      "geocent_time": [
        0.04377326094073339
      ]
    }
  }
}