{
  "injections": {
    "__dataframe__": true,
    "content": {
      "simulation_id": [
        0
      ],
      "luminosity_distance": [
        343.07854929588154
      ],
      "timeshift": [
        -1.1455055592541408
      ],
      "log10_Menv": [
        -0.7934622821221264
      ],
      "log10_Renv": [
        13.750075395838149
      ],
      "log10_Ee": [
        51.167612904706
      ],
      "geocent_time": [
        0.05184095610341774
      ]
    }
  }
}