{
    "injections": {
        "__dataframe__": true,
        "content": {
            "luminosity_distance": [
                180.11500624687463
            ],
            "KNtimeshift": [
                -0.23337041392282276
            ],
            "supernova_mag_boost": [
                4.211317068879353
            ],
            "geocent_time": [
                0.010862874203880352
            ],
            "simulation_id": [
                0
            ]
        }
    }
}