{
    "injections": {
        "__dataframe__": true,
        "content": {
            "luminosity_distance": [
                153.56854856709225
            ],
            "KNtimeshift": [
                0.9817433732746838
            ],
            "inclination_EM": [
                0.19475332923934305
            ],
            "log10_E0": [
                53.0
            ],
            "thetaCore": [
                0.05
            ],
            "thetaWing": [
                0.1
            ],
            "log10_n0": [
                -0.2746269147494509
            ],
            "p": [
                2.9737311032557243
            ],
            "log10_epsilon_e": [
                -1.2353401973634623
            ],
            "log10_epsilon_B": [
                -0.30358933398698174
            ],
            "ksiN": [
                1.0
            ],
            "L0": [
                0.0
            ],
            "dL": [
                3.09e+19
            ],
            "b": [
                6.0
            ],
            "q": [
                0.0
            ],
            "ts": [
                0.0
            ],
            "geocent_time": [
                0.08807616589663902
            ],
            "simulation_id": [
                0
            ]
        }
    }
}