{
    "luminosity_distance": 181.71253015338328,
    "timeshift": -0.9843944148971696,
    "supernova_mag_boost": -0.1106705722431353,
    "Ebv": 0.0,
    "log_likelihood": -18.36083294348682,
    "log_prior": -7.313220387090301,
    "log_bayes_factor": -22.795987752732962,
    "log_bayes_factor_err": 0.057634434632633506,
    "Best fit index": 3265,
    "Magnitudes": {
        "ztfg": [
            21.695111929997555,
            19.74973380419782,
            19.123183111233562,
            18.904633545910006,
            18.72279042047597,
            18.567078712045703,
            18.430923144162474,
            18.309955111720587,
            18.201123874097338
        ],
        "ztfr": [
            21.574005284734024,
            19.628627159028593,
            19.002076464800954,
            18.783526891073162,
            18.601683759826923,
            18.44597204713754,
            18.309816475999153,
            18.18884844098851,
            18.080017201286505
        ],
        "sdssg": [
            21.755065214204283,
            19.809687088406914,
            19.183136403748367,
            18.964586893328093,
            18.78274380586411,
            18.62703212525783,
            18.490876578639945,
            18.36990856297926,
            18.261077338936122
        ],
        "sdssi": [
            22.260783477294776,
            20.315405351988062,
            19.688854681654878,
            19.470305265657498,
            19.28846224349459,
            19.132750610740114,
            18.996595100694467,
            18.875627113894165,
            18.766795913206163
        ],
        "sdssr": [
            21.598092451393732,
            19.65271432567535,
            19.02616364434292,
            18.807614155865597,
            18.625771083576947,
            18.47005941409095,
            18.3339038759721,
            18.212935867018277,
            18.104104648402643
        ],
        "bestfit_sample_times": [
            -0.8843944148971696,
            -0.38439441489716963,
            0.11560558510283048,
            0.6156055851028305,
            1.1156055851028306,
            1.6156055851028306,
            2.1156055851028306,
            2.6156055851028306,
            3.11560558510283
        ]
    },
    "chi2_per_dof": 0.31476995095824156,
    "chi2_per_dof_per_filt": {
        "ztfg": 0.45205375807059767,
        "ztfr": 0.02588646118655527,
        "sdssg": 0.00916319510803172,
        "sdssi": 1.3962773536285606,
        "sdssr": 0.04409835842942822
    }
}