{
  "injections": {
    "__dataframe__": true,
    "content": {
      "simulation_id": [
        0
      ],
      "luminosity_distance": [
        169.21567805432306
      ],
      "timeshift": [
        0.049017782653780984
      ],
      "supernova_mag_boost": [
        4.5962398987782525
      ],
      "geocent_time": [
        0.027295283497451167
      ]
    }
  }
}