{
  "injections": {
    "__dataframe__": true,
    "content": {
      "simulation_id": [
        0
      ],
      "luminosity_distance": [
        206.57637858315002
      ],
      "timeshift": [
        -0.6224714299828098
      ],
      "supernova_mag_boost": [
        0.844572835005363
      ],
      "geocent_time": [
        0.0023735932277846594
      ]
    }
  }
}