{
  "injections": {
    "__dataframe__": true,
    "content": {
      "simulation_id": [
        0
      ],
      "luminosity_distance": [
        176.6954677201438
      ],
      "timeshift": [
        0.3071139795562505
      ],
      "supernova_mag_boost": [
        2.925215606385615
      ],
      "geocent_time": [
        0.09783015859427141
      ]
    }
  }
}