{
    "luminosity_distance": 85.69200460214752,
    "beta": 1.1021333991853732,
    "log10_kappa_r": -0.8312947339407464,
    "KNtimeshift": -1.8997580095404452,
    "log10_vej": -1.9671521379902976,
    "log10_mej": -2.783357336159511,
    "Ebv": 0.1108034193120203,
    "log_likelihood": -20.52428413631725,
    "log_prior": -9.16767447316423,
    "log_bayes_factor": -29.09098848584801,
    "Best fit index": 4408,
    "Magnitudes": {
        "ztfg": [
            23.166914822944577,
            21.393579447956185,
            20.63486040715008,
            20.016144507524643,
            19.468856803553848,
            19.06763327860385,
            18.721159034045023,
            18.456169153716488,
            18.201463065785404,
            17.999495218192905,
            17.842171786083483,
            17.723420001402108,
            17.582733039222575,
            17.52811373905265,
            17.389055363980816,
            17.275316296289727,
            17.185290134308804,
            17.117734824825018,
            17.07173061744966,
            17.046648607775953,
            17.042147827769536,
            17.058179293480315,
            Infinity
        ],
        "bestfit_sample_times": [
            0.1,
            0.6,
            1.1,
            1.6,
            2.1,
            2.6,
            3.1,
            3.6,
            4.1,
            4.6,
            5.1,
            5.6,
            6.1,
            6.6,
            7.1,
            7.6,
            8.1,
            8.6,
            9.1,
            9.6,
            10.1,
            10.6,
            11.1
        ]
    }
}