{
    "luminosity_distance": 89.12554275890174,
    "beta": 2.8496238634163267,
    "log10_kappa_r": -0.5986272131715455,
    "KNtimeshift": -0.7690225282581076,
    "log10_vej": -1.0230703202358211,
    "log10_mej": -2.9275682272123102,
    "Ebv": 0.149501641714439,
    "log_likelihood": -5.556798267304092,
    "log_prior": -9.255233918377412,
    "log_bayes_factor": -9.300923532116467,
    "Best fit index": 3195,
    "Magnitudes": {
        "ztfg": [
            22.830978163126346,
            20.52034222285932,
            19.50482757184198,
            18.785785886690263,
            18.378060495373816,
            18.234251790678613,
            Infinity
        ],
        "bestfit_sample_times": [
            0.1,
            0.6,
            1.1,
            1.6,
            2.1,
            2.6,
            3.1
        ]
    }
}