{
    "luminosity_distance": 133.66250277885604,
    "beta": 4.909065866103214,
    "log10_kappa_r": 0.2075375834020916,
    "KNtimeshift": -1.644813529276319,
    "log10_vej": -1.7691158787107848,
    "log10_mej": -1.3012923632600533,
    "Ebv": 0.046181028939906,
    "log_likelihood": -9.250773937955527,
    "log_prior": -9.036648359906849,
    "Best fit index": 3234,
    "Magnitudes": {
        "ztfg": [
            24.362490785275853,
            21.70240484283105,
            20.897246272888317,
            19.97577952288949,
            19.319640321486595,
            18.792161719869142,
            18.414450615569592,
            18.13824365018913,
            17.966830878572786,
            17.874800161703924,
            Infinity
        ],
        "bestfit_sample_times": [
            0.1,
            0.6,
            1.1,
            1.6,
            2.1,
            2.6,
            3.1,
            3.6,
            4.1,
            4.6,
            5.1
        ]
    }
}