{
    "luminosity_distance": 51.49307828734523,
    "beta": 1.0740201451712996,
    "log10_kappa_r": -0.8146481614523624,
    "KNtimeshift": -1.900641786703836,
    "log10_vej": -1.9851185155012991,
    "log10_mej": -2.9245723973041144,
    "Ebv": 0.5389272775616157,
    "log_likelihood": -29.129987096595443,
    "log_prior": -11.791634929234704,
    "Best fit index": 5875,
    "Magnitudes": {
        "ztfg": [
            23.76370145521389,
            21.96466957791221,
            21.113800345813786,
            20.45843832783897,
            19.926419387661298,
            19.490899028189723,
            19.10871137526174,
            18.807076177952283,
            18.513671866474617,
            18.27164015298633,
            18.072785152040744,
            17.910967751348544,
            17.724588881187756,
            17.509575138266058,
            17.31990972443159,
            17.15336880391692,
            17.008131904998862,
            16.88269539781289,
            16.775811054847093,
            16.68644025196704,
            16.613721255897758,
            16.556944995737062,
            16.515538760925207,
            16.48905530808682,
            16.4771679157745,
            16.47966989713988,
            16.496480043608056,
            16.527653140479014,
            16.573398303895225,
            16.63410484928823,
            Infinity
        ],
        "bestfit_sample_times": [
            0.1,
            0.6,
            1.1,
            1.6,
            2.1,
            2.6,
            3.1,
            3.6,
            4.1,
            4.6,
            5.1,
            5.6,
            6.1,
            6.6,
            7.1,
            7.6,
            8.1,
            8.6,
            9.1,
            9.6,
            10.1,
            10.6,
            11.1,
            11.6,
            12.1,
            12.6,
            13.1,
            13.6,
            14.1,
            14.6,
            15.1
        ]
    }
}