{
    "luminosity_distance": 87.88758438343672,
    "beta": 1.034607091576505,
    "log10_kappa_r": -0.9758750157732782,
    "KNtimeshift": -1.992894965217336,
    "log10_vej": -1.9890661927748423,
    "log10_mej": -2.8730443837255617,
    "Ebv": 0.3457015755313581,
    "log_likelihood": -39.24434407662926,
    "log_prior": -9.878745173171245,
    "log_bayes_factor": -53.703556228818975,
    "Best fit index": 5954,
    "Magnitudes": {
        "ztfg": [
            24.237054813799382,
            22.420443220353974,
            21.579216715380568,
            20.936579814161654,
            20.409221290808148,
            19.916136822109948,
            19.526856272812978,
            19.216619159048555,
            18.909737105545744,
            18.65291101388643,
            18.438018429426805,
            18.19887554129609,
            17.93029411945925,
            17.68872856896913,
            17.47143013099158,
            17.276163325635668,
            17.10108588209151,
            16.944661940168977,
            16.805598904872014,
            16.68280023968039,
            16.575330087358076,
            16.482386215514,
            16.40327942260106,
            16.337417675027446,
            16.28429412478637,
            16.24347810577628,
            16.21460877450145,
            16.197390927060567,
            16.191592978709508,
            16.197046910904863,
            16.213650448188098,
            16.24137150316059,
            16.280255497454977,
            16.330435884688647,
            16.392149046968626,
            16.46575435385618,
            16.551761615544876,
            16.6508675673262,
            Infinity
        ],
        "bestfit_sample_times": [
            0.1,
            0.6,
            1.1,
            1.6,
            2.1,
            2.6,
            3.1,
            3.6,
            4.1,
            4.6,
            5.1,
            5.6,
            6.1,
            6.6,
            7.1,
            7.6,
            8.1,
            8.6,
            9.1,
            9.6,
            10.1,
            10.6,
            11.1,
            11.6,
            12.1,
            12.6,
            13.1,
            13.6,
            14.1,
            14.6,
            15.1,
            15.6,
            16.1,
            16.6,
            17.1,
            17.6,
            18.1,
            18.6,
            19.1
        ]
    }
}