{
    "luminosity_distance": 135.6269651126595,
    "beta": 1.275740405727011,
    "log10_kappa_r": -0.902342305913886,
    "KNtimeshift": -1.8786455629466956,
    "log10_vej": -1.9959001390194853,
    "log10_mej": -2.7651786177533983,
    "Ebv": 0.0794310899126891,
    "log_likelihood": -34.033039241457445,
    "log_prior": -9.101919671458043,
    "log_bayes_factor": -46.98190893198995,
    "Best fit index": 5910,
    "Magnitudes": {
        "ztfg": [
            24.376707341886217,
            22.369804167636033,
            21.51224259658212,
            20.784491439963247,
            20.191972202003214,
            19.703203327385893,
            19.323097870880282,
            18.92844236254104,
            18.646640992759018,
            18.368436636542782,
            18.1341994286756,
            17.937739539223877,
            17.77431595271125,
            17.590119156995378,
            17.432107256974383,
            17.247722219356525,
            17.08518331082891,
            16.942928906945188,
            16.819649752521975,
            16.714241482368827,
            16.625769433001764,
            16.55344220067458,
            16.496592151531186,
            16.454661172373893,
            16.427190987853002,
            16.413817237225157,
            16.414267303968554,
            16.42836165618338,
            16.456019283642956,
            16.497267513371305,
            16.55225760546483,
            16.621287152789893,
            16.704832172258136,
            16.803591266327444,
            Infinity
        ],
        "bestfit_sample_times": [
            0.1,
            0.6,
            1.1,
            1.6,
            2.1,
            2.6,
            3.1,
            3.6,
            4.1,
            4.6,
            5.1,
            5.6,
            6.1,
            6.6,
            7.1,
            7.6,
            8.1,
            8.6,
            9.1,
            9.6,
            10.1,
            10.6,
            11.1,
            11.6,
            12.1,
            12.6,
            13.1,
            13.6,
            14.1,
            14.6,
            15.1,
            15.6,
            16.1,
            16.6,
            17.1
        ]
    }
}