{
    "luminosity_distance": 59.85416017663905,
    "beta": 1.0759028652656866,
    "log10_kappa_r": -0.7702130519927941,
    "KNtimeshift": -1.9152622240031831,
    "log10_vej": -1.9773964419121808,
    "log10_mej": -2.924821568677076,
    "Ebv": 0.3937750674726713,
    "log_likelihood": -24.594742042248683,
    "log_prior": -10.117077522292654,
    "log_bayes_factor": -35.02399242093569,
    "Best fit index": 5865,
    "Magnitudes": {
        "ztfg": [
            23.602520764938923,
            21.767880155779167,
            20.976667033870008,
            20.332876909388766,
            19.761690260658398,
            19.337302402638386,
            18.967554997613313,
            18.67898503814184,
            18.399920849534816,
            18.172848275975348,
            17.989570540082198,
            17.8439419341231,
            17.674977529322014,
            17.53499378940183,
            17.36475077273756,
            17.21834683164049,
            17.09401462239466,
            16.99031539523164,
            16.906081419798035,
            16.84037320509737,
            16.79245235887522,
            16.761762942502944,
            16.747924115760828,
            16.750729280638268,
            16.77015641111518,
            16.80638576322541,
            Infinity
        ],
        "bestfit_sample_times": [
            0.1,
            0.6,
            1.1,
            1.6,
            2.1,
            2.6,
            3.1,
            3.6,
            4.1,
            4.6,
            5.1,
            5.6,
            6.1,
            6.6,
            7.1,
            7.6,
            8.1,
            8.6,
            9.1,
            9.6,
            10.1,
            10.6,
            11.1,
            11.6,
            12.1,
            12.6,
            13.1
        ]
    }
}