{
    "luminosity_distance": 196.5438650822853,
    "beta": 1.009678504646498,
    "log10_kappa_r": -0.9149288267412408,
    "KNtimeshift": -0.6216342080760535,
    "log10_vej": -1.995720525233821,
    "log10_mej": -2.880283060831804,
    "Ebv": 0.555987208698436,
    "log_likelihood": -42.5435580757392,
    "log_prior": -12.504304792575098,
    "Best fit index": 4419,
    "Magnitudes": {
        "ztfg": [
            26.60764617442635,
            24.891432131439096,
            24.089267114650944,
            23.474172394913204,
            22.91763517914388,
            22.506347336320218,
            22.143398123508504,
            21.800910957070407,
            21.580085822660635,
            21.350755012911492,
            21.10343726454191,
            20.952806791939302,
            20.773049927890625,
            20.560083843341907,
            20.3720019354084,
            20.206605919073596,
            20.062095810223987,
            19.9369842128605,
            19.830035738910244,
            19.740221521343038,
            19.666686844794093,
            19.60872687835876,
            19.56577033577862,
            19.53736818998948,
            19.52318827089126,
            19.523013883510487,
            19.536748156499904,
            19.56442279236195,
            19.60621415434881,
            19.66246570407248,
            19.733721935800745,
            19.820773098470184,
            19.924720379189672,
            20.04706094989529,
            20.1898126202246,
            20.355676304223593,
            20.548280161360346,
            20.772494572783728,
            Infinity
        ],
        "bestfit_sample_times": [
            0.1,
            0.6,
            1.1,
            1.6,
            2.1,
            2.6,
            3.1,
            3.6,
            4.1,
            4.6,
            5.1,
            5.6,
            6.1,
            6.6,
            7.1,
            7.6,
            8.1,
            8.6,
            9.1,
            9.6,
            10.1,
            10.6,
            11.1,
            11.6,
            12.1,
            12.6,
            13.1,
            13.6,
            14.1,
            14.6,
            15.1,
            15.6,
            16.1,
            16.6,
            17.1,
            17.6,
            18.1,
            18.6,
            19.1
        ]
    }
}