{
    "luminosity_distance": 186.2969477785248,
    "beta": 1.0052844259920677,
    "log10_kappa_r": -0.8662587302598004,
    "KNtimeshift": -1.1702800151867088,
    "log10_vej": -1.9884320648531704,
    "log10_mej": -2.8744694157385715,
    "Ebv": 0.5678082485867776,
    "log_likelihood": -29.262982060660253,
    "log_prior": -13.77810425800827,
    "Best fit index": 4587,
    "Magnitudes": {
        "ztfg": [
            26.58500684042219,
            24.765946251419678,
            24.03555536311147,
            23.385371738755033,
            22.84546799203985,
            22.450821964435967,
            22.10550905104953,
            21.840380803988992,
            21.57964449758743,
            21.370172659176873,
            21.203880889332773,
            21.01423911695386,
            20.91729573083103,
            20.727680690727063,
            20.563726541981588,
            20.423294335089288,
            20.304656343883444,
            20.206411763540636,
            20.127431660484284,
            20.066817025676585,
            20.023874020187563,
            19.998096492179343,
            19.98916155762361,
            19.996930672970443,
            20.021464312055343,
            20.06304309756387,
            20.122207825138695,
            20.19981001108067,
            20.297094462218162,
            20.41580138087601,
            Infinity
        ],
        "bestfit_sample_times": [
            0.1,
            0.6,
            1.1,
            1.6,
            2.1,
            2.6,
            3.1,
            3.6,
            4.1,
            4.6,
            5.1,
            5.6,
            6.1,
            6.6,
            7.1,
            7.6,
            8.1,
            8.6,
            9.1,
            9.6,
            10.1,
            10.6,
            11.1,
            11.6,
            12.1,
            12.6,
            13.1,
            13.6,
            14.1,
            14.6,
            15.1
        ]
    }
}