{
    "luminosity_distance": 188.66760372487715,
    "beta": 1.104376765345699,
    "log10_kappa_r": -0.837384274070424,
    "KNtimeshift": -1.5169356836493315,
    "log10_vej": -1.984219954093657,
    "log10_mej": -2.7505180470965898,
    "Ebv": 0.5678868603731384,
    "log_likelihood": -20.047275334977144,
    "log_prior": -13.795372721630024,
    "Best fit index": 4121,
    "Magnitudes": {
        "ztfg": [
            26.363324117373494,
            24.6731594099354,
            23.881518827401038,
            23.26793332153128,
            22.77796866960071,
            22.384494556790592,
            22.045933598521934,
            21.73475870753237,
            21.54271604556355,
            21.349410155386245,
            21.14561784836645,
            21.03598270835208,
            20.960715981662695,
            20.860361730950196,
            20.78790191546223,
            20.74121037118624,
            20.66304859371403,
            20.60810931696087,
            20.575608138466748,
            20.565088087167325,
            20.576433944397927,
            20.6098899566786,
            Infinity
        ],
        "bestfit_sample_times": [
            0.1,
            0.6,
            1.1,
            1.6,
            2.1,
            2.6,
            3.1,
            3.6,
            4.1,
            4.6,
            5.1,
            5.6,
            6.1,
            6.6,
            7.1,
            7.6,
            8.1,
            8.6,
            9.1,
            9.6,
            10.1,
            10.6,
            11.1
        ]
    }
}