{
    "luminosity_distance": 194.47603879500235,
    "beta": 1.0636592895970889,
    "log10_kappa_r": -0.8664213727743756,
    "KNtimeshift": -1.5336728926971372,
    "log10_vej": -1.9988745600677889,
    "log10_mej": -2.7855746914307358,
    "Ebv": 0.5668423537768948,
    "log_likelihood": -24.17159707302321,
    "log_prior": -13.587191103348792,
    "Best fit index": 4977,
    "Magnitudes": {
        "ztfg": [
            26.56040517494396,
            24.77155862151487,
            24.030462479621733,
            23.371197959099213,
            22.880302354791183,
            22.483625641904567,
            22.139041695194507,
            21.818885874843133,
            21.562110244574193,
            21.357520838036365,
            21.197015109325577,
            21.07451086505116,
            20.927305501860843,
            20.867722473883646,
            20.776774667141552,
            20.652130212224336,
            20.550321232179733,
            20.47002391561822,
            20.410209623478394,
            20.37010742251732,
            20.34918936526023,
            20.347162236468378,
            20.363980481591042,
            20.399865327686705,
            20.455351441273024,
            20.531343468444675,
            Infinity
        ],
        "bestfit_sample_times": [
            0.1,
            0.6,
            1.1,
            1.6,
            2.1,
            2.6,
            3.1,
            3.6,
            4.1,
            4.6,
            5.1,
            5.6,
            6.1,
            6.6,
            7.1,
            7.6,
            8.1,
            8.6,
            9.1,
            9.6,
            10.1,
            10.6,
            11.1,
            11.6,
            12.1,
            12.6,
            13.1
        ]
    }
}