{
    "luminosity_distance": 197.25944312402288,
    "beta": 1.0256320668785115,
    "log10_kappa_r": -0.8148653769865803,
    "KNtimeshift": -0.9225464507875808,
    "log10_vej": -1.9889987884848377,
    "log10_mej": -2.947466882508928,
    "Ebv": 0.5674185996153166,
    "log_likelihood": -35.036854320906016,
    "log_prior": -13.69665472755856,
    "Best fit index": 4620,
    "Magnitudes": {
        "ztfg": [
            26.810906470324063,
            24.972812428706696,
            24.20233487412745,
            23.574165860152597,
            23.011964854933716,
            22.595990553057675,
            22.2316652577086,
            21.947876716209528,
            21.670463776007125,
            21.444395788614358,
            21.261505479546983,
            21.0570024388676,
            20.94329275661856,
            20.74031064169202,
            20.562738373843125,
            20.408388198612847,
            20.275478746162847,
            20.16254945305701,
            20.068401516637238,
            19.992053608146094,
            19.93271203651595,
            19.889749055656388,
            19.862690741682446,
            19.851210449163645,
            19.85513058118359,
            19.874429718122265,
            19.909259540008172,
            19.959969019885662,
            20.027143360601684,
            20.111655172462356,
            20.21474161661674,
            20.33810426807033,
            20.48405945995671,
            20.65573206249148,
            Infinity
        ],
        "bestfit_sample_times": [
            0.1,
            0.6,
            1.1,
            1.6,
            2.1,
            2.6,
            3.1,
            3.6,
            4.1,
            4.6,
            5.1,
            5.6,
            6.1,
            6.6,
            7.1,
            7.6,
            8.1,
            8.6,
            9.1,
            9.6,
            10.1,
            10.6,
            11.1,
            11.6,
            12.1,
            12.6,
            13.1,
            13.6,
            14.1,
            14.6,
            15.1,
            15.6,
            16.1,
            16.6,
            17.1
        ]
    }
}