{
    "luminosity_distance": 198.42439676690785,
    "beta": 1.043482934694336,
    "log10_kappa_r": -0.7185165655613414,
    "KNtimeshift": -1.200525275538474,
    "log10_vej": -1.9594397991450712,
    "log10_mej": -2.887385209903972,
    "Ebv": 0.4438505654216217,
    "log_likelihood": -16.11134654119199,
    "log_prior": -10.446052245563552,
    "Best fit index": 4238,
    "Magnitudes": {
        "ztfg": [
            26.068039269540918,
            24.46635386218741,
            23.704132631744315,
            23.114686463586757,
            22.59684555956978,
            22.22484457163334,
            21.908260752004665,
            21.673929909865322,
            21.45040799410213,
            21.280498846082708,
            21.156197623477837,
            21.015462317808186,
            20.965688368659073,
            20.891430389996728,
            20.84619738554469,
            20.772441009208883,
            20.725097094517267,
            20.703499003177598,
            Infinity
        ],
        "bestfit_sample_times": [
            0.1,
            0.6,
            1.1,
            1.6,
            2.1,
            2.6,
            3.1,
            3.6,
            4.1,
            4.6,
            5.1,
            5.6,
            6.1,
            6.6,
            7.1,
            7.6,
            8.1,
            8.6,
            9.1
        ]
    }
}