{
    "luminosity_distance": 164.31298537560355,
    "beta": 3.310278423817236,
    "log10_kappa_r": 0.4580121054107806,
    "KNtimeshift": -0.611741112186035,
    "log10_vej": -1.652189257126521,
    "log10_mej": -2.1888165956441883,
    "Ebv": 0.4524709439193871,
    "log_likelihood": -4.698712169485076,
    "log_prior": -10.515465412182389,
    "Best fit index": 2960,
    "Magnitudes": {
        "ztfg": [
            25.979818094425397,
            23.75502161200754,
            23.16569577470578,
            22.45396658693563,
            22.01463507135199,
            21.73709862509706,
            Infinity
        ],
        "bestfit_sample_times": [
            0.1,
            0.6,
            1.1,
            1.6,
            2.1,
            2.6,
            3.1
        ]
    }
}