{
    "luminosity_distance": 5.326245655513481,
    "timeshift": -1.4558800841615804,
    "log10_Menv": -0.4343526424934243,
    "log10_Renv": 11.695081946847706,
    "log10_Ee": 49.0586218316484,
    "Ebv": 0.0,
    "log_likelihood": -18.741931654082407,
    "log_prior": -12.42921619684438,
    "log_bayes_factor": -29.02392115341749,
    "log_bayes_factor_err": 0.08378626593206484,
    "Best fit index": 6107,
    "Magnitudes": {
        "ztfg": [
            19.341768017050626,
            18.215838648105077,
            18.141245581256072,
            18.230657219616788,
            18.37956011579567,
            18.555398272456785,
            18.744478892824624,
            18.940066963296402,
            19.138520465439022,
            19.337746577316665,
            19.536495361178638,
            19.73400393780124,
            19.929803854976647,
            20.12361083474429,
            20.31525882307784,
            20.504659110361253,
            20.691774245177008,
            20.876600986469782,
            21.05915894250125,
            21.239482878304003,
            21.41761744075584
        ],
        "bestfit_sample_times": [
            -1.3558800841615803,
            -0.8558800841615805,
            -0.35588008416158035,
            0.14411991583841965,
            0.6441199158384197,
            1.1441199158384197,
            1.6441199158384197,
            2.1441199158384197,
            2.644119915838419,
            3.144119915838419,
            3.644119915838419,
            4.144119915838419,
            4.644119915838419,
            5.144119915838419,
            5.644119915838419,
            6.144119915838419,
            6.644119915838419,
            7.144119915838419,
            7.644119915838419,
            8.14411991583842,
            8.64411991583842
        ]
    }
}