{
    "luminosity_distance": 3.1241851854014047,
    "timeshift": -1.4593228780409595,
    "log10_Menv": -0.2357872805378864,
    "log10_Renv": 11.774908075791402,
    "log10_Ee": 48.55759852123761,
    "Ebv": 0.0,
    "log_likelihood": -16.809591262345208,
    "log_prior": -12.42921619684438,
    "log_bayes_factor": -26.224733803671853,
    "log_bayes_factor_err": 0.08099863619039217,
    "Best fit index": 4671,
    "Magnitudes": {
        "ztfg": [
            19.418009066535443,
            18.281287356470198,
            18.199078387777224,
            18.282066210116728,
            18.425281669619917,
            18.59595823002844,
            18.780280547127365,
            18.97143327923874,
            19.165717825363426,
            19.360999533961053,
            19.555996445060696,
            19.74992050299937,
            19.942283037384588,
            20.132783248997686,
            20.3212413846751,
            20.50755723257421,
            20.69168357791909,
            20.873608812507914,
            21.05334531269872
        ],
        "bestfit_sample_times": [
            -1.3593228780409594,
            -0.8593228780409595,
            -0.3593228780409594,
            0.14067712195904059,
            0.6406771219590406,
            1.1406771219590406,
            1.6406771219590406,
            2.1406771219590404,
            2.6406771219590404,
            3.1406771219590404,
            3.6406771219590404,
            4.14067712195904,
            4.64067712195904,
            5.14067712195904,
            5.64067712195904,
            6.14067712195904,
            6.64067712195904,
            7.14067712195904,
            7.64067712195904
        ]
    }
}