{
    "luminosity_distance": 16.248316084401807,
    "timeshift": -1.3263921244720127,
    "log10_Menv": -0.1283105963919659,
    "log10_Renv": 11.389203829959934,
    "log10_Ee": 50.76531281414917,
    "Ebv": 0.0,
    "log_likelihood": -14.939062404228045,
    "log_prior": -12.42921619684438,
    "log_bayes_factor": -23.367894218001748,
    "log_bayes_factor_err": 0.07634469900767304,
    "Best fit index": 4705,
    "Magnitudes": {
        "ztfg": [
            19.020006325318132,
            18.000228136513524,
            18.00051375720255,
            18.152925305057703,
            18.357474871869297,
            18.58371720656901,
            18.819192920577127,
            19.0579757558986,
            19.296992433637296,
            19.534569470716985,
            19.7697769737788,
            20.00210290698409,
            20.231279658400876,
            20.45718661001325,
            20.054474834492066,
            20.345643310257312,
            20.661421244750482
        ],
        "bestfit_sample_times": [
            -1.2263921244720126,
            -0.7263921244720127,
            -0.22639212447201262,
            0.2736078755279874,
            0.7736078755279874,
            1.2736078755279874,
            1.7736078755279874,
            2.273607875527987,
            2.773607875527987,
            3.273607875527987,
            3.773607875527987,
            4.273607875527987,
            4.773607875527987,
            5.273607875527987,
            5.773607875527987,
            6.273607875527987,
            6.773607875527987
        ]
    }
}