{
    "luminosity_distance": 73.18380936072569,
    "beta": 2.4000839964778797,
    "log10_kappa_r": 0.0639550852618255,
    "KNtimeshift": -0.3613444461050916,
    "log10_vej": -0.5623577379005888,
    "log10_mej": -1.8834266007209453,
    "Ebv": 0.2956747093071494,
    "log_likelihood": -1.8486015139862328,
    "log_prior": -9.679340497062276,
    "Best fit index": 3948,
    "Magnitudes": {
        "ztfg": [
            20.5221523749031,
            19.161325203643422,
            20.535903323440664,
            24.310969445875706,
            26.548403147932987,
            28.876807856625156,
            Infinity
        ],
        "bestfit_sample_times": [
            0.1,
            0.6,
            1.1,
            1.6,
            2.1,
            2.6,
            3.1
        ]
    }
}