{
    "luminosity_distance": 170.29504629413597,
    "KNtimeshift": -0.0925673467610918,
    "inclination_EM": 0.1878804896771436,
    "log10_n0": -1.5423107484844356,
    "p": 2.083490260115589,
    "log10_epsilon_e": -0.3703893414139103,
    "log10_epsilon_B": -1.6200653201973796,
    "Ebv": 0.128910788795797,
    "log10_E0": 53.0,
    "thetaCore": 0.05,
    "thetaWing": 0.1,
    "ksiN": 1.0,
    "L0": 0.0,
    "dL": 3.09e+19,
    "b": 6.0,
    "q": 0.0,
    "ts": 0.0,
    "log_likelihood": -9.788906762077556,
    "log_prior": -9.01472895841849,
    "Best fit index": 5201,
    "Magnitudes": {
        "ztfg": [
            31.804641469903345,
            21.484582696700016,
            19.355290873571853,
            18.58352793082268,
            18.189166549040422,
            17.921881067919564,
            17.805729080759114,
            17.718706334667747,
            17.63988650193359,
            17.625930374692253,
            17.61197424745092
        ],
        "bestfit_sample_times": [
            0.1,
            0.6,
            1.1,
            1.6,
            2.1,
            2.6,
            3.1,
            3.6,
            4.1,
            4.6,
            5.1
        ]
    }
}