{
    "luminosity_distance": 180.1172006591239,
    "KNtimeshift": 0.9691479534902616,
    "inclination_EM": 0.1502771365071285,
    "log10_n0": -0.4348436787235541,
    "p": 2.0401923460979967,
    "log10_epsilon_e": -0.7556298056544737,
    "log10_epsilon_B": -2.57176307558505,
    "Ebv": 0.0960835749721503,
    "log10_E0": 53.0,
    "thetaCore": 0.05,
    "thetaWing": 0.1,
    "ksiN": 1.0,
    "L0": 0.0,
    "dL": 3.09e+19,
    "b": 6.0,
    "q": 0.0,
    "ts": 0.0,
    "log_likelihood": -22.3090079257837,
    "log_prior": -9.16452153228195,
    "Best fit index": 5174,
    "Magnitudes": {
        "ztfg": [
            19.439667545884383,
            17.726834283211637,
            17.730963888213626,
            17.8196568485137,
            17.941658154303717,
            18.085890020018663,
            18.23978769640792,
            18.402211676009472,
            18.57252603486759,
            18.749850231216502,
            18.93274469002091,
            19.12116181703807,
            19.31033570697246,
            19.499677128306526,
            19.686902874831006,
            19.87339062522437,
            20.049438356883247,
            20.225486088542123,
            20.390565747002025,
            20.55289358235121,
            20.711780538011602,
            20.856314095258526,
            21.00084765250545,
            21.14208325762828,
            21.269876465953473,
            21.397669674278667,
            21.52546288260386,
            21.640323086976377,
            21.75091543661756,
            21.86150778625874,
            21.97210013589993,
            22.069767990013123,
            22.16401646093367,
            22.258264931854214,
            22.35251340277476,
            22.443446405501092,
            22.52367250082046,
            22.603898596139828,
            22.684124691459196
        ],
        "bestfit_sample_times": [
            0.1,
            0.6,
            1.1,
            1.6,
            2.1,
            2.6,
            3.1,
            3.6,
            4.1,
            4.6,
            5.1,
            5.6,
            6.1,
            6.6,
            7.1,
            7.6,
            8.1,
            8.6,
            9.1,
            9.6,
            10.1,
            10.6,
            11.1,
            11.6,
            12.1,
            12.6,
            13.1,
            13.6,
            14.1,
            14.6,
            15.1,
            15.6,
            16.1,
            16.6,
            17.1,
            17.6,
            18.1,
            18.6,
            19.1
        ]
    }
}