{
    "luminosity_distance": 152.57062546303388,
    "KNtimeshift": -0.0858650886581719,
    "inclination_EM": 0.1855099773938421,
    "log10_n0": -1.204561806075786,
    "p": 2.114376550816949,
    "log10_epsilon_e": -0.4814932883508662,
    "log10_epsilon_B": -2.23704198839406,
    "Ebv": 0.2572966184834308,
    "log10_E0": 53.0,
    "thetaCore": 0.05,
    "thetaWing": 0.1,
    "ksiN": 1.0,
    "L0": 0.0,
    "dL": 3.09e+19,
    "b": 6.0,
    "q": 0.0,
    "ts": 0.0,
    "log_likelihood": -5.942882422559123,
    "log_prior": -9.369051188448164,
    "log_bayes_factor": -11.883689440870898,
    "Best fit index": 4229,
    "Magnitudes": {
        "ztfg": [
            30.288547748026787,
            20.864609623941,
            19.371364929178092,
            18.881181686064924,
            18.55978520272695,
            18.451554652215158,
            18.40200934243968
        ],
        "bestfit_sample_times": [
            0.1,
            0.6,
            1.1,
            1.6,
            2.1,
            2.6,
            3.1
        ]
    }
}