{
    "luminosity_distance": 170.81294642246115,
    "KNtimeshift": 0.9497417542957444,
    "inclination_EM": 0.1520435053186844,
    "log10_n0": -0.3513303642531902,
    "p": 2.07826600232392,
    "log10_epsilon_e": -0.8797323402657171,
    "log10_epsilon_B": -2.789475575966337,
    "Ebv": 0.0586316612185835,
    "log10_E0": 53.0,
    "thetaCore": 0.05,
    "thetaWing": 0.1,
    "ksiN": 1.0,
    "L0": 0.0,
    "dL": 3.09e+19,
    "b": 6.0,
    "q": 0.0,
    "ts": 0.0,
    "log_likelihood": -22.32506556176028,
    "log_prior": -9.077235067569312,
    "log_bayes_factor": -30.5340607853413,
    "Best fit index": 5059,
    "Magnitudes": {
        "ztfg": [
            19.268943886509863,
            17.546084184474147,
            17.565059912228044,
            17.667514629629306,
            17.803367852475336,
            17.96122745423887,
            18.129921627516012,
            18.307457074858927,
            18.49168795280157,
            18.687179668973634,
            18.886536389398486,
            19.090372755207646,
            19.294415553586067,
            19.498630292664636,
            19.698675412269388,
            19.89232126875053,
            20.08596712523167,
            20.263115134640156,
            20.437270029071698,
            20.611424923503243,
            20.767320202327074,
            20.91942381825131,
            21.071527434175547,
            21.21793273562112,
            21.347474585639127,
            21.477016435657134,
            21.606558285675142,
            21.735726909300322,
            21.843504655319617,
            21.95128240133891,
            22.05906014735821
        ],
        "bestfit_sample_times": [
            0.1,
            0.6,
            1.1,
            1.6,
            2.1,
            2.6,
            3.1,
            3.6,
            4.1,
            4.6,
            5.1,
            5.6,
            6.1,
            6.6,
            7.1,
            7.6,
            8.1,
            8.6,
            9.1,
            9.6,
            10.1,
            10.6,
            11.1,
            11.6,
            12.1,
            12.6,
            13.1,
            13.6,
            14.1,
            14.6,
            15.1
        ]
    }
}