{
    "luminosity_distance": 184.69990493453017,
    "KNtimeshift": 0.9935155159791788,
    "inclination_EM": 0.1540686117179862,
    "log10_n0": -0.3269121254613183,
    "p": 2.115657778538649,
    "log10_epsilon_e": -0.64059204437193,
    "log10_epsilon_B": -2.49961438371529,
    "Ebv": 0.4433169376800518,
    "log10_E0": 53.0,
    "thetaCore": 0.05,
    "thetaWing": 0.1,
    "ksiN": 1.0,
    "L0": 0.0,
    "dL": 3.09e+19,
    "b": 6.0,
    "q": 0.0,
    "ts": 0.0,
    "log_likelihood": -22.27755392980749,
    "log_prior": -10.445423582820702,
    "log_bayes_factor": -30.561608251908382,
    "Best fit index": 5477,
    "Magnitudes": {
        "ztfg": [
            19.478256495854314,
            17.56592164519965,
            17.583319066627105,
            17.686605403783833,
            17.824076112475147,
            17.983576231065094,
            18.15505364203071,
            18.332748093110805,
            18.525946231466982,
            18.71984892988846,
            18.924972345998736,
            19.13224057193366,
            19.33925611462012,
            19.544089989222822,
            19.748923863825524,
            19.953757738428223,
            20.14378047262272,
            20.32256210986926,
            20.5013437471158
        ],
        "bestfit_sample_times": [
            0.1,
            0.6,
            1.1,
            1.6,
            2.1,
            2.6,
            3.1,
            3.6,
            4.1,
            4.6,
            5.1,
            5.6,
            6.1,
            6.6,
            7.1,
            7.6,
            8.1,
            8.6,
            9.1
        ]
    }
}