{
    "luminosity_distance": 179.61134778975,
    "KNtimeshift": -0.0851529537460554,
    "inclination_EM": 0.1936391756173797,
    "log10_n0": -1.155734449594421,
    "p": 2.2251984832911686,
    "log10_epsilon_e": -0.689491817328669,
    "log10_epsilon_B": -1.9448995419695003,
    "Ebv": 0.1097838335912663,
    "log10_E0": 53.0,
    "thetaCore": 0.05,
    "thetaWing": 0.1,
    "ksiN": 1.0,
    "L0": 0.0,
    "dL": 3.09e+19,
    "b": 6.0,
    "q": 0.0,
    "ts": 0.0,
    "log_likelihood": -14.27850031934584,
    "log_prior": -8.942681364018595,
    "log_bayes_factor": -22.30852536778087,
    "Best fit index": 4532,
    "Magnitudes": {
        "ztfg": [
            30.662204915636075,
            20.926639402999914,
            19.17249815310019,
            18.53974167020757,
            18.24390321157889,
            18.083375207744155,
            17.989420181659725,
            17.958831534867457,
            17.93669005634929,
            17.934713663526423,
            17.949048685737505,
            17.963383707948587,
            17.98714158213526,
            18.027343611560816,
            18.06754564098637
        ],
        "bestfit_sample_times": [
            0.1,
            0.6,
            1.1,
            1.6,
            2.1,
            2.6,
            3.1,
            3.6,
            4.1,
            4.6,
            5.1,
            5.6,
            6.1,
            6.6,
            7.1
        ]
    }
}